target_5m,target_15m,target_30m
-0.0022698255071641692,-0.003943821818697649,-0.0029507731593132747
-0.0016398713826366268,-0.000996784565916406,-0.0011897106109324904
-0.0009698014600898597,-0.0007004121656205138,-0.0004849007300450064
9.112447603417992e-05,0.0030374825344754264,0.0023692363768907498
0.0013655311197357063,-0.0030544775046714317,-0.009091562455081116
-0.0017222483168937554,0.00026094671468077313,0.0010698815301914517
-0.0017568903041614925,-0.0013176677281210674,-0.002122909117528583
-0.0013240879473152215,0.0017073765636433642,-0.0002787553573294682
-0.001456415977193054,0.006941216572154595,0.018096743205974503
-0.0012508143322476045,-0.001355048859934806,-0.0014592833876221557
-0.002668012691087428,-0.002271416209979793,-0.0012979521199885118
-0.001070745697896645,-0.0019502868068833304,-0.0012619502868068224
0.0010365916865345169,0.0017967589233267053,0.000760167236791992
-0.00013943112102624474,0.0005577244841048205,0.0010317902955939893
0.0006688324097075595,0.0010191731957449302,0.0011465698452129333
-0.0003945106658776069,0.002141629329050049,0.002057091329219202
-0.00039418046298291996,-0.000931699276141299,0.0006808571633340419
-0.0015479277117759918,-0.03463488255098493,-0.029449324716535788
-0.000598507252499704,-0.000598507252499704,0.003098155189409926
0.0004974134500596142,-0.0030508024936994824,-0.0025533890436396796
0.00024956326428758515,-0.0025510911460500125,-0.002745195907162491
0.0039009167154280887,-0.0026006111436187875,-0.0002600611143618233
0.004273504273504356,0.004524886877828067,0.008826322551812819
-0.00016929067208400664,-0.00027086507533448763,-0.0005755882850855456
0.0,0.0005985783763561768,0.0003990522509041651
0.0007529380953938564,-0.0012439846793467517,-0.0014404033129277983
0.0001241341642045595,0.00019861466272743633,0.00017378782988652442
0.0024825592357487383,0.0060335616868831595,0.0005342216076926624
-0.002015611829809108,-0.003774691244915269,-0.005680360611280138
-0.0003674751119127307,-0.0006347297387585947,0.001503307276007368
0.001399341931091667,0.0005294807306833567,-7.564010438349023e-05
-0.0002669106993060062,-0.0009532524975215435,0.0012201631968275497
9.481369109690816e-05,0.0005056730191838695,0.0020226920767358373
0.00032163533700247244,0.00032163533700247244,0.002037023801014914
0.0004051990150546877,0.000654552255088478,0.002025995075273616
-0.0036146632566069984,-0.005626598465473068,-0.010025575447570325
0.0015619189289699366,0.0004090740052064472,-0.002789140944589067
0.001656139269758153,0.004390694808195911,0.007702973347712218
-0.00030749125571757284,0.0008840373601874211,0.0056117154168427545
-0.00019847176739109615,-0.0007277298137674152,-0.001389302371737673
-0.00016099170892699638,-0.0014757573318307745,0.017494432370066225
0.000215311740641608,-0.0003075882009166828,0.0012611116237580147
0.0008379010578501172,0.0008379010578501172,-0.0014663268512377053
0.0015998234677552382,0.0028962321399016782,0.0038616428532023423
0.0007732794532165988,0.001047668936616069,0.0014966699094515273
0.0011741376611177493,0.0019047122058133334,0.0018525283097637019
-0.0012112325885315254,-0.0016893507155835575,-0.0033468268893635015
-0.0006125306265312669,-0.00026251312565620986,-0.0005541943763854794
0.0009541647524471915,-0.0007067887055166465,0.0034986040923064357
-0.0033233415873844606,-0.005213084842955893,-0.006190538251010146
0.0006023189278722741,0.000542087035085098,-0.0019575365155851047
-0.0012692806489888147,0.001793548743136164,-0.001407245936922402
-0.0012716460335865348,-0.00733066537008632,-0.010995998055129587
-0.0004484017679842521,0.0009288322336812619,0.0012491192108128445
-0.0006842619745844886,0.0030628869338546684,0.00348647768002623
-0.002769584921947996,-0.0012589022372489962,-0.0029853967340478533
0.0013737793784576711,0.002858946274087694,0.003415883859948821
0.0003496707267323403,0.0,-0.00017483536336617016
-0.0004913862874319548,-0.0002023355301190692,-0.0029772228003236583
-0.0015048908954102018,-0.004416527627834013,-0.006575718912552723
0.0017247987734764153,0.0008487105075836453,0.0032579532387888017
-0.00042372881355938827,0.00026483050847448596,0.00018538135593218532
0.005166051660516483,0.008285810130828481,0.003220395840321971
0.0006716784210391583,-0.00015500271254747545,0.0006200108501899018
0.0010143988278058375,0.0036631068781876395,0.0034376849164530626
0.0012442969722106575,0.00437099192802222,0.0021057333375872384
-0.0012286203886320134,-0.0017136021209868716,0.004364835591192621
-0.00047903426691782094,-0.0016925877431098032,-0.00041516303132882655
0.0008007206485837556,-6.672672071543941e-05,-0.009975644746938942
0.0018483046005982168,0.0015122492186711988,0.002923681822764407
0.001768596795302607,0.0022284319620812687,0.004633723603692838
-0.001309498431647248,-0.006029783475957055,-0.01626214331394473
-0.0010687273923052811,-0.0006850816617340787,-0.002110051518141068
0.0015784460470811923,5.442917403738918e-05,0.0015240168730439579
0.000528850168397021,-0.0002505079745037854,-0.0024215770868706117
0.0003069053708440014,7.672634271092765e-05,-0.00017902813299230992
0.002942691091002764,-0.0025380710659898393,-0.00522327668652989
0.0010764613778705117,0.001957202505219281,0.00127218162839244
0.0009264084303166961,0.0026055237102656976,0.0025476231833709553
-0.0001915647648542584,-0.002426487021487152,-0.0011174611283163562
0.0007405022537023868,0.0020927237604635453,0.0016741790083708364
-0.0004995793016407176,0.0008151030710980287,0.0010254522507361862
-0.00036844939489271165,0.0008219255732222897,0.003004279681432991
-0.0041692166462667345,-0.004360465116279018,-0.005278457772337804
-0.0014641288433380928,-0.00234260614934113,-0.002315985624916823
-0.00016074069311390526,0.0007072590497009273,0.002668295505690169
-0.0013703570140641739,0.0006851785070320869,0.0017309772809230484
-0.0008821259234755574,0.001433454625647761,-0.004686293968463967
0.0017287151941717672,0.006760511205778841,0.0051244057541520805
0.0014855961762047423,0.0010657537785817108,0.0009688670714378355
3.684598378794307e-05,0.0022476050110538455,0.0016212232866617455
-0.0002023355301190692,0.0002023355301190692,0.004133425829575693
0.00037757221068525674,-0.0009439305267132952,0.0010248388575743558
-0.0016460604287072524,-0.005340551613139145,-0.010863998829468032
0.0020338757001865724,0.002233929047745929,0.0011002934115763672
-0.0012015038176814942,-0.0008139219410099591,0.002635556761365865
0.0011909635639584398,0.0027913208530276528,0.0030146265212698735
-0.0011413618395412978,0.00030621903012069705,0.004259228328044019
0.0006241011586574179,0.0004884269937318721,-0.011586573684638923
0.0006406149903907388,6.406149903920133e-05,0.0027546444586803768
-0.0007365176355055562,-0.0012548078234539393,0.0006546823426716744
0.0010062509528891113,-0.004421405702088699,-0.004268943436499397
0.00028583307348512016,0.009770294148217566,0.00982226379794208
0.0021401321298967083,0.0035048540678018526,0.005738035420737464
0.0006209759126711694,0.0027453671928619632,0.0041834166748373125
0.0004406480916547877,0.0019998644159719067,0.0022371364653244697
-0.00047004375022596616,-0.00054235817333759,-0.00054235817333759
-0.0044229080620508425,-0.005268464015089936,-0.0017886760545058745
-0.00359251618410753,-0.002881126840719934,-0.0038770719214625275
-0.00014330753797636725,-0.0005445686443106843,-0.00011464603038109379
-0.0004834031582339854,-0.0009399505854549971,-0.0006982490063379281
-0.006300695249130971,-0.0051419466975666855,-0.0034400347624567113
0.00025427320242981164,-8.475773414316349e-05,-0.0020059330413899693
0.0004796738218011934,0.009753367709957335,0.013071111644082065
0.00010735084941349834,-0.00016102627412040008,0.0003757279729475493
0.0005514646251663021,0.0013624420151166702,-0.0008758555811463387
9.827526902859925e-05,-0.000638789248685546,-0.0013758537663996911
0.0018872307066952478,0.0030195691307123964,0.00014517159282274945
-0.00044319692716798847,0.0009848820603733544,0.0005663071847146752
-8.227292672217178e-05,-0.00013712154453710885,0.0008501535761298878
0.00017231872070566073,0.0006203473945407704,0.001792114695340439
0.0005028916268543639,0.0006106541183232728,-0.003448399727001615
0.0016607097729159157,0.0001444095454708243,-0.003429726704935155
-0.000770623819982232,0.0014256540669672277,0.0006550302469849957
-0.00040636640704369976,-0.0039959363359295865,-0.002742973247544877
0.0013633265167007499,0.000981595092024577,0.009352419904567163
-0.0004709663120566242,-0.0014128989361701877,-0.0012466755319148622
0.0026874947509869167,0.003919263178522534,0.003583326334649169
2.7403266469338225e-05,0.0039460703715882865,0.0021100515181409125
-0.000541829215431214,0.000614073110822193,0.0003250975292588926
0.0011698320946876956,0.0005161023947152289,0.0011698320946876956
-0.0011013215859031868,-9.717543405036782e-05,-0.007838818346722
-0.006244881244881384,-0.007917007917007893,-0.00723450723450725
0.0001075847229692405,0.0015779092702169542,0.00103998565537014
0.0040489828165120095,0.00500362104154335,0.007538350121798738
0.0010156473164693344,0.0020630336115784876,-0.0002539118291172885
0.002691980731085261,-0.014097478039104628,-0.015053839614621705
-0.0010026633244555638,-0.0020993263355787535,-0.002631991226695833
-0.0008369817151686548,-0.001448622199330378,0.0006760236930209773
-0.0012421308189594267,-0.0013268215566158352,-0.003048866555627815
-0.0013336381649139716,-0.0020957171162932914,0.0011431184270690876
0.0011878974215637445,0.003948012018726837,0.006743064775347459
0.000730994152046758,0.004357849752586626,0.00671952316689155
0.0005602868668759678,0.0006723442402510341,-0.0021010757507844017
0.0005416531253385024,0.0007583143754738725,0.0010020582818762987
-0.0023336003622305593,-0.002821218348368229,-0.0031346870537425865
0.0021299254526091745,0.0010306090899722127,0.0018550963619499829
0.00027757537906401906,-0.0011796953610213907,-0.0005898476805105968
-0.0004704833597464286,0.003342908082408931,0.003293383518225141
-0.000674868919690575,0.00023360847220067443,-5.191299382230652e-05
-8.265829062647466e-05,2.755276354215822e-05,-0.0004132914531326866
0.00021782339967882193,0.002396057396465803,0.0017698151223896157
0.0004931527635522,3.7934827965520675e-05,0.0024278289897954794
-0.0012163450475032203,-0.0014135901903415853,0.0001314967618923057
5.2626039364229575e-05,0.0004999473739606298,-0.0010788338069677534
-0.001969057665260165,-0.003825597749648421,-0.00565400843881854
-0.002057436776682299,-0.0018859837119587603,-0.003600514359194145
-0.002508456539090209,-0.005815058340618105,-0.007031279692904195
0.004005428845708353,0.0032109636201133017,0.004799894071303405
0.000492163246763063,0.001211478761262941,-0.002082229120920767
-3.214607175000291e-05,0.003343191462003409,-0.0023466632377522226
0.0005503375403580028,0.005650132081009761,0.010786615791018483
-0.0004466866361867652,-0.0007094434810026324,-0.000551789374113142
7.050197405520942e-05,0.0017625493513818387,0.005146644106034897
0.00013887442280325127,0.000694372114016059,0.0004166232684095565
0.00019488293103926384,0.0008630529803168303,0.0025613185222306185
0.00019470946566157597,-0.004061083140941781,-0.01727351116797858
0.00018528812303114515,-0.002816379470076145,-0.0022605151009820776
-0.0014545958301586752,-0.0033940569370368434,-0.0014199625961073112
0.0008922713554650964,0.000367405852250325,0.0008660280803043802
-0.0008877649843969679,-0.0010491767997418573,-0.001264392553534992
0.0013618269432222445,0.003631538515259517,0.0006285355122564664
0.00044396348400351014,0.00091567468575721,-0.0011099087100085387
0.0006744604316546105,0.003019013360739972,0.0008992805755394807
0.000513792106868656,-3.2112006679450714e-05,-0.0009633602003789581
0.0009007700130757004,-0.005404620078454037,-0.006508789771901649
-0.00033575825405709163,-0.0013430330162282076,0.0015109121432569125
-0.0007452322075809439,-0.0012533450763863169,-0.0005419870600588333
0.00025241598153754935,0.0,0.0009375450742823846
-0.00041736227045080304,-0.0037942024586431933,-0.0030353619669145977
-0.0001709693964780369,-0.0023650766512793757,-0.004188750213711661
-0.002825177986213131,-0.004369608618676404,0.0003013523185293407
9.918666931174226e-05,0.0018184222707135205,0.002545791178999004
0.0013468272597838254,-0.002347327509908853,-0.0027321352984183613
-2.6128079847388248e-05,-0.000627073916337912,-0.0003919211977112693
-0.001013000168833208,-0.001924700320783364,0.0010805335134224212
-2.5046335721061225e-05,-0.0010769924360066294,-0.0030806992936933783
-0.0011080639352891606,-0.0016897975013158636,-0.0014127815174935342
-0.001172405281994309,-0.0009255831173639743,-0.0012649635937307942
0.0009445638720605188,0.0010748485440689236,0.0010097062080646286
-0.00047696920141723347,-0.00040883074407196973,0.001635322976287879
0.0017259336408272103,0.00422556167237023,0.005534890641273661
0.0007876982088428308,0.004041234288845532,0.015171752457275957
0.0008572319201996076,0.0019092892768080155,0.0007793017456358659
-0.0007249345982915541,-3.1518895577870285e-05,0.0014498691965834664
5.2338209509805066e-05,-0.0006018894093633533,0.0011776097139716553
0.0011599625818522069,-0.00014967259120681183,-0.002806361085126286
-0.0011601323915787184,-0.00023885078650149515,0.0015013478008666795
-0.0005102735065994601,-0.0028235134031840527,-3.401823377327155e-05
0.00017525923762232298,8.762961881107847e-05,0.0012852344092303132
2.6301946344005537e-05,-0.001788532351394021,-0.0021830615465544033
0.0007357539638744386,-0.00044145237832470495,-0.0014347202295551867
-0.003260104471529639,0.01541140295632189,0.010187826473530174
0.0011286681715575225,0.005151357295826743,0.005353938762516542
-0.0011241368235105614,-0.0024088646218081936,-0.006289813179166059
-0.0007538635506973524,-0.004472923734137386,-0.00037693177534860476
-0.00040881788735493396,0.00015723764898270816,0.002390012264536592
0.0003001528050642785,0.0018554900676708327,0.00687622789783885
8.066250806617743e-05,0.0016132501613249244,0.0018283501828350365
0.0001791536780250506,0.0003941380916550706,-0.00021498441363001998
0.0003252120653676375,0.0010840402178920222,0.0006775251361825523
0.0005280388636603354,0.0015049107614320235,0.0017425282500792719
-0.00044798566445869366,0.0003199897603277423,0.0002559918082620847
0.004347669864539469,-0.0030900794078546,0.005066292982645342
-0.00025648541697198145,-0.00029312619082530017,0.00403048512384569
0.00021823736951224774,-0.0010184410577238918,0.000400101844105822
0.002049639711769372,0.0024659727782225197,0.003106485188150608
0.0006010375806655628,0.00028470201189413825,-0.0006959382512970622
0.003350644999162339,0.009046741497738276,0.008879209247780313
0.0008948831857842359,0.0004474415928920271,-0.001885646712902218
-0.0002961208172934924,-0.00040380111449116776,-2.6920074299533604e-05
0.00013397642015012214,-0.0021101286173633286,-0.00033494105037521014
0.0017674854813692928,-0.0010821339681853022,-0.004653176063196697
3.183294072703542e-05,0.0007958235181766092,0.0008913223403578964
-0.00018774054257017516,-0.0022215964204135913,-0.0010638630745642074
-0.0007837218077849172,-0.00046442773794655646,-0.002002844619894917
0.0026388125343594295,0.003225215319772752,-0.004214770020157721
-0.0006812431064684992,-0.0011354051774474985,0.006877311360539819
0.0,-0.0009254815931993617,-0.002056625762665465
0.0010672703751616562,6.46830530402285e-05,-0.0017464424320826767
-0.000848032564450507,-0.00039574853007684973,0.004494572591587607
-0.00040926577719564884,0.0045292079342992685,0.0023464571225887795
0.0006247396917951091,0.0005553241704844098,0.001596556990142925
-8.216701815899197e-05,0.0006025581331652665,0.0023280655145023854
0.003766677227443916,0.00542119900024649,0.006758897454852733
-0.00034825678133355967,-0.003327787021630668,-0.00530124211585344
-0.0006459739672490831,-0.001711831013210263,-0.0005490778721618033
-0.0008687853819853212,0.000644582702763349,-0.0009248360517907743
-0.00033324076645377545,0.0019994445987224947,0.0009164121077478035
-0.0007564010438336124,-0.00022692031315004073,-0.0012480617223253315
-0.001998774085227727,0.0006929083495455878,0.00031980385363644843
-0.0016446739338305866,0.0012239433926180654,-0.0004207305412125211
-0.0004968038949426493,-0.0010267280495479159,-0.002748981552015315
0.00032654838358541047,0.0011247777656834014,0.0015601756104640862
-0.0008888888888889592,0.0009275362318840932,0.0022028985507246113
-0.0004432992547031973,0.0012190729504335958,0.0001662372205136793
-0.0065766369760240145,-0.00022347795549593964,0.007374772531366734
0.00021662995992326038,-0.002094089612593569,-0.0026356645124021305
-0.00035116153430576837,-0.0037277147487844286,-0.002485143165856337
-0.000941449107433794,-0.0015932215664264681,0.0031864431328529363
-0.00014816461088276646,-3.704115272084953e-05,-0.0023335926214025715
-0.0021108345672789636,-0.0017012696512397859,-0.0018272896254057556
-0.0005668475180177514,-0.0005668475180177514,-0.0003778983453452188
0.00032641336989151944,0.004537145841493622,0.003296775035905441
0.0004978329623988493,-0.0014056460114794957,0.0018449103900667547
-0.0015614299411039396,-0.011861388850842307,-0.016353924119983636
-0.0031893520843796633,-0.0026368658965344335,-0.004419889502762408
0.0037797698688787646,0.004114262777629175,0.010871019534385871
0.0004388630072243449,0.0012490716359460795,-0.0004726217000879184
-0.002140754616002095,-0.0017728124163766817,-0.0029100883061279254
-0.0004642779112956519,-0.0025944942101814657,-0.0033045663098100185
-0.0006366385484640733,-0.0003501512016551227,-0.0004456469839248333
-0.0010772766446423849,-0.004811835679402585,-0.00642775064636606
-0.0008109451434849774,0.00039239281136378506,0.0011510189133335019
0.0013819464863274638,0.0017053807703616114,0.0013231402528667703
0.0014806142827629184,0.003443289029681151,0.0059913229116452344
0.0008135435633207281,0.0016658272963235843,0.0011234649207764323
-0.0010990520675918738,-0.005873059486193283,-0.006353894765764606
-6.430868167196724e-05,-0.0007395498392283543,-0.003440514469453354
0.00024567006510269296,-0.0002149613069647254,-0.001044097776685834
0.0005309358629478766,-0.0036457595922411608,0.001486620416253773
-0.000520969002344442,0.000488408439697764,0.0015629070070331407
0.0009502249797377798,0.0029624661133003613,0.002291719068779501
-0.002201399864529162,-0.0032738767216074966,-0.003471438247911544
0.00013708770871591184,0.0005757683766072973,-0.0009047788775259532
-0.0002941284606051108,0.0012132798999962648,0.003970734218169727
-0.0014268049082088482,-0.0017121658898505458,0.0016487523383748332
-0.0015477327361939845,-0.003688214179866317,0.000856192577468933
-0.0037597640423944778,-0.001361293877418595,-0.006158234207370361
0.000255770829337045,-0.00105505467101472,-0.0007992838416778567
0.000185626334189284,0.0004950035578379734,6.187544472970272e-05
-0.000966517086641259,-0.002105626510182995,0.0006558508802209104
0.00030276270972626353,0.0010344392582312808,0.0024221016778099647
-0.0001297589079490602,-0.00023356603430819037,-0.003373731606674828
0.00022050716648286682,0.0017916207276735866,0.0020948180815876264
-0.000511288716665315,0.0,0.00016145959473642333
0.00010245901639334944,-0.0025956284153005153,-0.006898907103825268
-0.00035255280279482596,-0.0005769045863914837,0.0008974071343868131
-0.0023646951021253034,8.867606632961696e-05,0.0009458780408500877
-0.0012817695744525846,-0.0016846114407089267,-0.0029297590273200443
-0.002231902764332538,-0.0006184790792729326,0.0003764655265138925
-0.0008318264014467204,0.0,-0.00213381555153698
-2.8848372951739284e-05,-0.0032021693976460124,-0.004586891299330645
-0.0011652542372880795,-0.0017302259887005973,-0.0018008474576270866
0.004359634076615306,0.005074328187535792,0.006217838765008609
0.0007249295207411428,0.0013156128339374658,0.0018257484226070796
-0.0011448886746408733,-0.003133379530595705,-0.010755927811756348
-0.000489568426602378,0.0013180688408524737,-0.00259847857196655
-0.0017317422950996735,-0.003030549016424506,-0.0031387829098681393
-0.0026714158504007202,-0.001649022129876983,0.002044787441047474
-0.0035545910349472,-0.007670433285938829,-0.011823692284666499
-0.00010465998587095544,0.001020434862241258,0.0012820848269185722
-0.0005198349524026934,0.0025017057084375117,0.0030865200298904726
0.00061339430100923,-0.00039034182791513743,-0.0006691574192829116
-0.0004910292728989441,-0.0011331444759207227,-0.0016619452313503219
0.0013878865263976018,-0.0013878865263976018,-0.0025259534780435466
0.0003850473287341715,0.0013476656505696004,-0.00022461094176156967
-3.7104374605732274e-05,0.0019294274794997657,0.0024488887239806504
0.00019804431241486343,-0.0006188884762965714,-0.0014110657259561658
0.000313397753982775,0.0010707756594411728,0.0009140767824497852
0.0002894279850550272,0.00010524654002005069,0.00039467452507492833
0.0003978855226510156,0.0017904848519297318,0.0017052236685044218
0.0005161353749354328,0.0005407132499323382,-0.00031951237496004976
0.0013408420488066506,0.0010190399570930422,0.000724054706355695
0.002028596669175161,-0.0052350881785165814,-0.008637895494552192
0.0004296384427258757,0.0012558662171987423,0.001850750214819229
-0.0005163249810175123,-0.0015793470007592462,0.0004555808656035756
-0.0005669546436284545,-0.019897408207343426,-0.023029157667386536
0.0009356596400463202,0.00167868347184769,0.0022290714954042662
-0.0002964500111170271,0.00040761876528575425,0.00022233750833766498
0.0009114492042347014,0.0018228984084694027,0.003400406646568139
6.663557006743071e-05,-0.0028653295128940283,-0.00036649563537020604
-0.0053435662028401675,-0.013054081193515947,-0.04038158083488736
-0.0031487990626831194,-0.0035515524311658876,-0.0029657293497363877
-0.000904093736438594,-0.004267322435990188,-0.0041949949370749615
0.0049294038942291965,0.0008802506953980494,-0.0009506707510298293
0.0009546271338723466,-0.0005334681042228148,-0.004716981132075491
0.0011447005567407195,0.0026796399396431386,0.0019511941308080546
0.0012292143271759267,0.0029364564482535376,0.0033803393997337014
3.157263284182396e-05,-0.0010734695166230916,-0.0011997600479903875
0.0007347281505842122,0.00020992232873837477,0.0031838219858653176
5.493599956046204e-05,0.0025270559797835957,0.000631763994945938
0.00385213457732553,0.0034280463669777612,0.001060220525869421
-2.4754926230297322e-05,0.0004455886721457739,-0.00034656896722444394
0.0011584538878841777,-0.004181735985533505,-0.004916365280289357
0.001609599063505991,0.0030728709394204526,0.002341235001463222
-0.00011598685482301456,-0.0010052194084670053,0.002938333655519226
7.961994745076227e-05,-0.003344037792935183,0.00021231985986885023
0.0004824924179762419,-0.0009994485800938117,-0.005204025365315852
0.001693290734824194,-0.0005431309904153863,0.0002875399361021565
0.0007576640634106274,0.0034677701363795247,0.005332789369390325
0.00045256096262383114,0.0010382280907251262,0.002209562346928019
-0.004945947855578242,-0.000989189571115769,0.001731081749452445
-0.0008591526606883778,-0.0006712130161628095,2.6848520646640575e-05
0.0004868828044448364,-0.00034368197960821554,-0.0012028869286287544
0.0008556681111816563,-0.0001656131828093579,-8.28065914047574e-05
0.0005858634593512737,0.0003101630078918392,0.0016542027087568024
-0.0019314859028354493,-0.0012340048823670884,-0.0010998739168923684
-0.0003574109153294354,0.00010722327459870872,0.0014296436613173353
0.00041560456610876997,-0.0001939487975174365,0.0019394879751745222
-3.151988904996188e-05,0.0017335938977495159,0.0029313496816491423
-0.0017234708592733603,-0.003587633217262783,-0.006612500439660917
0.00042024531820441824,-0.0006041026449190191,0.0012344706222256465
-0.01781996541868101,-0.0159144641659903,-0.022336709128762428
-0.005849601804214421,-0.0077172457537529,-0.005180069067587464
-0.0007118644067795917,0.0011864406779661788,0.001694915254237288
0.0002836798956058629,-0.0012198235511049526,-0.002723326997815607
0.0010261321658229967,0.0008209057326583975,0.0025653304145573947
-0.0016905027555194916,-0.00037191060621414207,-0.004158636778577819
-3.1941738269367573e-05,0.004152425975021597,0.00808125978215744
0.0009240878910260175,0.001471695530152669,-0.0006845095489081683
0.0010734072022160744,0.004189750692520705,0.003566481994459739
-0.0009849205271023655,0.0009509577503057654,-0.00285287325091691
0.0005618569371774591,0.0011237138743547185,0.003125329213049279
-0.0005826600372901541,-0.0012041640770665098,0.0060208203853325485
0.0027634353865173115,-0.00025452694349499376,0.00781761326448998
-0.001203625035400849,-0.001663834607759938,-0.002548853016142832
6.417043667976324e-05,0.0,-0.0029197548689319634
-0.0008765036571360106,-0.004352294021640566,-0.003687360212778901
0.000978268464817178,-0.0008035776675285381,-0.0009782684648173767
-0.0015337423312884648,-0.0031008268871699344,-0.003334222459322486
-0.0037575150300600845,-0.006043336673346714,-0.003507014028056126
-0.003975145691019372,-0.001119215777083171,-0.0013121840145113343
-0.0008536793580331227,0.0026976267713845433,0.001297592624210331
0.0007973464310773744,6.378771448613194e-05,-0.0011800727179945287
-0.0010727920992018168,0.00031552708800039724,0.001230555643201926
0.0072493303831373266,0.005153138465121642,0.011878420868755048
0.00031373533287308114,0.001411808997929311,0.002823617995858622
-0.0006875805758487584,-0.002034092536885937,-0.0018621973929237475
-0.0013192612137203328,-0.002139342508735527,-0.0053127005633600245
-0.0003651993145491257,-0.0023316571621205184,-0.0023597494170857986
-0.0006464503996237965,0.0009109073812882061,0.0029384109073812884
0.00010650005325013156,-0.00021300010650006132,-0.0004970002485000758
-0.0015611496752251186,-0.0006411864737530633,0.001254495274734592
-0.00040098374679206926,-0.0001603934987168581,-0.0019247219846021452
0.0006748017769778785,-0.0023336894787157423,-0.004836079401675834
0.001389103256675246,-0.0018907238771415692,-0.005865102639296336
0.0006685981724983539,0.0018107867171830681,0.003203699576554586
-0.000769258947214317,0.0016117806513059002,-0.0029305102751016935
0.0003720238095237965,-0.0006295787545786699,-0.0004006410256409866
-0.0003851585569392879,-0.0017332135062267957,-0.0007703171138785758
0.0036405611791865307,0.00402533593796251,0.01009293790327345
-0.0028718027262980544,-0.0029483841323328175,-0.0016847909327615167
0.0013249786071162896,0.0028431832611036786,0.004057746984293558
0.001327849208148541,0.0022022864915633216,0.0016193283026200733
-0.0016260792132874516,-0.006620465368384515,-0.0059235742769756065
-7.234581298600764e-05,-0.0005064206909024647,-0.005064206909025058
0.0014716915796156025,-0.0008945576268251926,-0.010446124545507024
0.0003991060025543692,2.660706683707894e-05,-0.001968922945934313
0.0012820982453568479,-0.0004029451628265271,0.0002930510275101069
-0.0022945686210992947,-0.002942446819997773,-0.004940071266601836
-0.0013486733458108805,-0.0036606847957722784,-0.0014312451833094293
-0.0002873471472812969,-0.0011813160499345634,-0.0015325181188338857
-0.0020520065933325154,-0.0021865644027314474,-0.0006727890469942768
0.00043406310192335576,0.001058028810938353,-0.0011122866986788883
-0.0005427944042832086,0.000222052256297587,0.0005427944042830684
0.0003785532383509314,-0.0013765572303667743,-0.002271319430105197
0.005211291130783371,-0.0002004342742609062,0.0011691999331884613
-0.00026445406763407517,-0.0011900433043536202,-0.0024131433671614765
-0.0013464991023339828,-0.0005129520389844352,-0.003013593229033078
-0.0023234200743493492,-0.0025420949048763123,-0.003526131642247878
0.0009730184610529757,0.0009204228685636742,0.003313522326828988
0.00029460866149456607,0.0007201545058757094,0.0011457003502568525
0.000218938149972641,0.001532567049808487,-3.6489691662072264e-05
0.0011042809290683967,0.0007729966503477731,-0.0015459933006957555
-0.0015497011290679717,-0.0018541067079920742,0.00011069293779046828
-0.0004526935264826421,0.0016976007243097067,0.003055681303757311
0.00026119890296451845,0.0008619563797831632,-0.0008619563797833118
0.00010918222513364892,0.005895840157222317,0.004503766786767052
-0.0024300413866423145,0.0006075103466604706,0.0020503474199795742
-0.001321003963011889,-0.0010568031704094511,-0.0018758256274768283
-0.0006246963281738281,-0.0028805441799124873,0.0003470535156521925
0.001899263085922662,0.000835675757806075,0.000949631542961331
-0.0019882833303745866,-0.006887981537369067,-0.012107225279602231
-0.0011873920552678502,-0.0037061024755326334,-0.01298934945308007
-0.00047355383942880466,-0.0002549905289231866,0.002076351449803268
-0.0010413412475266568,0.0009024957478567385,0.003332291992085933
0.001544432124188129,0.005068905433233016,0.0011088230635197256
-0.0005813953488372313,-0.00019379844961241044,0.0030038759689920863
0.003822364306067214,-0.0010077142261448455,0.00305789144485389
0.000685065570561687,-0.0005871990604815254,-0.0008807985907223809
0.0008266170696425195,0.0009299442033479324,0.0010677137149548883
-0.0006329535611966077,0.0005330135252180964,0.0015324138850022638
-0.00035634011293239257,0.00038375089085024495,-0.00010964311167156533
0.0006513066840348696,0.0006513066840348696,-0.012239138104154768
-0.0006508121593405351,-0.0006236949860345509,-0.0005152262928112312
-0.0006330168249208654,-0.00033316674995824056,-0.001166083624854126
-0.0019130811435172882,-0.001732601790355249,-0.0009745885070749301
-0.00016069419893927214,0.008613209063152842,0.009834484975092407
0.0005748227629814359,0.001948010474548169,0.0021396180622086478
0.00231287967452484,0.0006966505043749651,-2.786602017497326e-05
-0.001395983375107071,-0.0020939750626606966,-0.007360639614200936
-0.009017007463307716,-0.01636933662569718,-0.023471964042948643
-0.0008456063702346878,-0.0025368191107038632,-0.0012331759565920861
-0.001668444517381947,-0.001805202264708364,-0.0012308197259374432
-0.0001351945111029184,-0.0003379862777571999,-0.0016561327610099337
-0.00023442994451832935,-0.0002604777161314442,0.002526633846474357
-0.005179768433881745,-0.0020414381474711026,0.007068860450944525
-0.0020924807903401374,0.0005488474204172098,0.0017151481888035126
-0.00038666769778061534,-0.0006960018560049757,-0.0018560049493466018
0.0004469495691902933,0.0005462716956769311,0.0011918655178406409
-0.0017079108979249624,-0.003052436498419183,-0.0028707438497039156
-0.0013005780346821301,-0.00231213872832365,0.00025289017341038
-0.007092398982763468,-0.006696807007629287,-0.008985589149477113
0.00046754180902713703,0.0,0.0023017442905951674
0.0003360089602388463,0.00014933731566161516,0.0027627403397422145
-0.002222295930213327,-0.007031742346346494,-0.004643603436266656
0.0,-0.0035806795672710568,-0.0052948346792624805
-0.0007338828045613383,-0.003754092807948471,-0.00234277972225354
-0.0006751714580149878,-0.002523009132582482,-0.001918908354358482
0.0006483215674975033,0.004178072323872731,0.010301109350237767
0.0006946760031121485,0.00030565744136938324,0.0031677225741913594
0.0007087674533984996,0.003437522148982814,0.0060599617265574435
0.00012796724038652654,0.0011836969735747795,0.003839017211593796
-0.0030702131933086373,-0.0043040371868812944,-0.0052222317867492846
-0.002632917452053961,-0.0013463782425277367,-0.0006283098465129891
0.0009137055837562837,-0.0003045685279186971,0.0007106598984770881
-0.0002294301528577937,0.00020075138375058986,0.001433938455361496
-0.0004668049792531297,-0.0006742738589212856,0.0
0.0009255122231442538,-0.0019786813046529256,-0.0007659411501881416
0.0010350668088576127,0.002383790226460043,0.003857976287560436
3.141196795976411e-05,-0.0025757813727031566,-9.423590387947089e-05
0.0004478137094968057,0.001343441128490599,0.0015673479832390017
-0.0008678446210990384,0.0014579789634464398,0.002395251154233338
0.0003497726477788465,0.001515681473708703,0.004352726283471317
0.0012657806202324888,-0.0029312814363278887,-0.006195663035874744
-0.000899701299168676,-0.0013315579227696568,-0.0036707813006081327
0.0008549129919196996,0.0028405173602492283,0.0046882325363337704
-0.000276157271566102,-0.0010010701094273894,0.00024163761262036376
-0.0020656414964425845,-0.003901767271058215,-0.0034427358274043075
0.001248049921996809,0.0009048361934478017,0.0009984399375974826
-0.0006546770901529476,-0.0010397812608312037,-0.004043593792120812
0.0003198464736927003,-0.00031984647369251846,-0.0003838157684311676
-0.0009569038843210896,-0.002055571307059969,0.001134108307343327
-0.0013497098123903361,-0.002942367391010865,0.00032393035497369296
-0.000988646511034578,0.0005102691669856647,-0.0003508100523026331
-0.000733115435134585,0.0005498365763509387,0.004795796804838541
-0.0017887205387205067,-0.0017536475869809204,0.0002104377104377184
-0.0003321256038647755,-0.00018115942028986193,-0.0012077294685989652
-7.63941940414005e-05,0.004660045836516312,-0.0011459129106188364
-0.0014952649941849798,-0.0024367281386719706,-0.0034889516530984964
0.0002092487968194262,0.0003487479946989115,0.0004882471925785951
-0.0018058063619946585,0.0021878038616474356,0.0028128906792610165
0.001437021689001794,0.0016041172342344061,0.0021054038699328125
-0.0002481158701112926,0.0008373910616257228,-0.0005892751915144302
0.0009410499428647331,0.002419842710223736,0.0036969819183974113
-0.00023386342376047734,0.001900140318054356,0.0012862488306828745
0.0008296090133005119,0.0008563705943746973,0.0031311049856824445
-0.0025484963871314904,-0.008814799268431619,-0.010733667136389484
0.0007039477389198626,0.00036605282423831574,0.0010418426536014094
0.0012660573122530417,0.0015439723320158105,0.003365859683794565
-0.00021947873799721285,-0.0012071330589849046,0.0
0.0004686293968464437,0.0015712868011908512,0.0017642518469511148
-0.0009903585680579505,-0.0014272814657307071,-0.0031458448632430865
-0.0004344603746582226,0.00048557335991207984,0.0006900253009276541
-0.0020203652820429932,-0.002289747319648787,0.0005387640752114343
-0.004159109387703997,-0.009287635249233756,0.00816186127962979
0.00040529928819318847,-0.0006839425488258526,-0.0008612609874103275
0.00019315140310695945,2.7593057586686086e-05,-0.00024833751828048846
-0.00024971560167595745,0.0009711162287393964,0.004411642296273619
-0.00047436722800117356,0.001253684816860382,0.0014231016840037134
0.0006244633518070645,-0.0011188301719876326,-0.0016652356048187402
-0.006268364348677819,0.0008488410055500845,-0.0012079660463597927
0.0,0.0013506768065301687,-0.000469800628358247
-0.0009034953978202981,-0.003021062736461667,-0.0010446665537297548
-0.0006608695652173834,-0.0015652173913043082,-0.0041043478260869804
0.00013408420488073366,0.0007039420756234229,0.0015419683561275796
-0.00019179746188026172,-0.00044752741105388345,-0.0006073586292874652
-0.0002858694719991502,0.0012864126239958509,0.0032303250335896498
-0.00024932129203842826,-0.000831070973461165,0.0037398193805750065
-0.001144442517773681,-0.008080457777007251,-0.007768337090341629
0.0009781191131719381,0.004202289523257383,0.006448340820170891
0.00031583934305417843,0.0013423172079801834,-0.00031583934305417843
0.0006451393840616541,-0.00016977352212152854,-0.0010186411327289782
-0.0007406214780229212,-0.0017710513604894907,-0.0007084205441958695
0.00123395853899317,-0.0008813989564236356,-0.0077563108165279535
0.0005551382947456456,6.53103876170911e-05,0.0017960356594714903
-0.003083959943171927,-0.006826293357358088,-0.010533975536227742
0.0019009281001900588,-0.0005218234000523433,0.0005218234000521314
-0.00011154800747361505,-0.00011154800747361505,0.0001673220112105811
-0.001760181975736507,-0.003330805892547556,-0.00013539861351807443
-0.0040057224606580176,-0.008040057224606587,-0.005064377682403381
-0.0017575160439910744,-0.003754693366708301,-0.0046068223577343
0.0005452737595022482,0.0002886743432659712,-0.0023414696731563697
0.0009524145472502798,0.0026455959645842885,0.009241948569614465
-0.0010902686533783969,-0.003718095664085388,-0.008107125884095992
-0.0011825922421948613,-0.0016556291390728358,-0.0013402712078208528
0.0005743354118806377,0.0017503555409692222,0.0021332458155563657
0.0004422210552500622,-0.0015754125093280814,-0.00027638815953130854
0.0008113160958059127,0.0012698860630005067,-0.004409326607640481
-0.0003790894271959617,-3.790894271976856e-05,0.0012130861670267756
0.004211511464670067,0.004813155959622961,0.004077812688013806
0.001050617237627217,0.0027391092266707373,0.0013507935912349016
-0.0013272954403499054,0.015029668956901802,0.0013272954403496836
-3.2011267966295036e-05,0.0005121802874612664,-0.0030090591888344625
0.00032284679126172775,-0.0002869749255658216,-0.0007533091796103581
0.0008573957296161142,0.0004148689014270861,-0.0036785042593206773
-0.00010573059843529132,-0.0020441249030802287,0.0010573059843519115
0.0004554771122751255,0.003605860472178113,0.004175206862521911
-0.004135191456108302,-0.007749413909872348,-0.019536337587913517
0.0023688427506444883,0.016059360412457372,0.024594161499338126
0.0021954548151664663,0.0010977274075832332,0.004153563163828331
0.0,0.0005778676683040487,0.00014446691707606352
6.3097454017673e-05,0.001514338896425407,0.0018613748935229673
0.00021558112587254018,-0.0017515966477134315,-8.084292220208768e-05
-0.0013357376611232796,-0.0028384425298870163,-0.0027048687637748025
-0.0004962075565321698,-0.02683065144963491,-0.03299780250939251
0.0002009703999310763,0.00045936091412829093,0.0015216330280496476
0.001460497671470775,-8.266967951713389e-05,-0.002039185428091182
0.0003306999816278958,0.0016167554657357992,0.00025721109682178955
0.000413987249192819,0.001021168548008734,0.0008555736483316377
-0.0014824575852412114,0.004255202328007498,-0.0004392466919232641
0.0006635149705565484,-5.529291421299331e-05,0.0
-0.0003331617045764716,-0.002544143925856473,-0.002150407365902524
-0.00024653481619452963,0.0029858105516900645,0.002191420588396459
-0.0012487294903441464,-0.0008421664004647029,-0.022215768839843282
0.0015383539612614423,0.004650024473813163,0.004090623033354367
-0.0016619415387623127,-0.0017271157167531186,0.0002932838009579789
0.0,0.0007040187738339956,0.0018773833968907107
0.0009127557617707808,-0.00212976344413175,-0.00832889632615805
0.0010562027909358088,0.0001920368710792545,-0.003936755857124627
-0.0003144544215784738,-0.0005240907026308559,-0.0020264840501728943
0.0017431941250647964,0.0015206587048437361,0.003486388250129804
0.0001967065699994188,0.0010397347271398991,0.0030349013657055696
-0.00029181933140959055,-0.00029181933140959055,-0.002691222722998738
-0.0003304801877126339,-0.00016524009385622304,-0.00039657622525512314
0.0011588401064025857,0.002739076615133452,0.0031604730174615834
-0.000566159818828956,-0.0010783996549122022,-0.001347999568640138
0.0,-0.0013750035807383809,-0.000859377237961427
-0.0007980580587238023,-0.0023276693379444867,-0.0073820370431949825
0.0012245231162752418,0.005034150589131584,0.005660017959672328
-0.0002964240480744747,0.0008084292220216427,0.00016168584440432853
-0.0035756400015215404,-0.00041842595762491404,0.0021301685115447614
-0.00014077369221243135,0.0001689284306548856,-0.002196069598513513
-0.005359056806002183,-0.00276596480309792,-0.01033779345157836
0.0010713298313519569,-0.0007602985899918001,-0.0022117777163394607
-0.0012991975544515667,0.0007260221627818026,-0.00011463507833386594
-0.00016043638697241946,3.208727739466629e-05,-0.002919942242900588
0.0,-0.0016785094835784868,-0.003217143176858886
-0.0020259463301938864,-0.0002132575084414511,-0.005295894792962534
-0.002167683150856168,0.008009405540451197,-0.0038210008082887074
3.212335367809478e-05,-0.0005139736588500643,0.0004818503051717869
-0.0006981208912675323,0.0016289487462912396,0.00017453022281692441
0.0002758536136824368,0.010329185312327606,0.015876907987494658
-0.0010517458981908947,-0.0018029929683273211,-0.0017729430855218913
0.00020372130924895516,-0.0002716284123318759,-0.0011883743039520778
0.0,0.0004617933882052968,0.0009235867764105936
0.0030054221533695655,0.0005577072037180692,-0.014872192099147983
0.00024723237095852497,-0.001208691591352355,0.004395242150372285
-0.007507941091539275,-0.006461160843199611,-0.012850129945134283
0.0010217486498320417,-0.00014596409283319624,0.0045832725149612995
0.003184150008844982,0.0038209800106139783,0.0034318061206440025
0.0010836665296512222,0.0018310227569971567,0.0010836665296512222
-0.0011583824768322947,0.0015445099691097927,0.01024992979500146
-0.0014064324381699734,-0.002335208576584215,-0.006581042352191809
-0.0008570357276768793,-0.00037495313085860615,-0.000990947560126425
0.0009046959373497872,0.0011308699216873543,0.001441859150151389
0.0004138359140598948,0.0029313377245920812,0.00034486326171661165
0.002203532997906518,0.005178302545080496,0.00422343824598765
0.0016179920718389093,0.002615753849472878,0.004611277404740815
-0.0003891876592131816,0.0010614208887631312,0.0010260401924710603
-0.0004959169504414788,-0.002049790061824328,-0.001124078421000535
-0.0034735623311461543,-0.002315708220764103,-0.012023869607814066
0.0006306726260660238,0.001206504154213161,0.0009871397625380834
0.0017761989342805604,0.00015445208124165424,0.006911730635570173
0.0004215537977038112,0.0009670940064969952,0.0015374314975078844
-0.001457119067443852,-0.001318345822925324,0.00045101304468496894
0.00022437455592536654,0.0007105194270969587,-0.0013088515762313402
-3.583458754386478e-05,0.0006450225757901771,0.0011825413889485561
-0.00021504715676935634,-0.0002764892015605511,-0.0008294676046818279
0.0006431557508842111,-0.0005091649694500957,-0.0005895594383107173
0.0017418684889292154,0.002545807791511901,0.0038187116872677564
-3.3195020746857774e-05,0.002290456431535262,-0.0005975103734440061
0.0006560320419860429,-0.001899040121538607,-0.004868448311580779
0.00027543467033907414,0.002823205370976048,-0.0005852986744707038
-0.0007254464285714032,-0.0035714285714284954,0.0008091517857143429
-0.0010802469135801416,0.0005787037037038353,0.006674382716049453
-0.0015868436237738354,-0.0004904789382574031,-0.004154645124062313
-0.0007039644312708327,0.0008521674694331908,0.00048165987402740075
-0.0002876559634678398,-0.002301247707741492,-0.0014382798173385857
-0.0013717790090913738,-0.0005110549249556128,-0.0008338264565063894
-0.001355730441108475,-0.0005621321341181665,0.0005951987302427313
-0.0007393006763231616,-0.000930971222036568,-0.0022452835355001046
0.0008529693997227667,-0.001439385862032254,-0.00386501759249399
-0.002055879478278308,0.002089582420545329,6.740588453385008e-05
-0.0003943098061815507,0.0006066304710485263,0.0017895598895931784
0.00041364476187843606,0.00248186857127093,0.004108871301326446
-0.0004984906809935196,-0.003267883353180509,-0.0029355562325182154
0.0006659760248631302,-0.0029968921118837706,-0.0034038774604112742
-0.0008647090614304056,0.0033507476130427193,0.0037470725995314845
0.0013640946563073942,0.0020164877528021765,0.005574995551865238
-0.0010801898860115279,-0.0009949117371159575,0.0011938940845389553
-0.00022742779167615144,-0.006140550375255874,-0.0023121825487075038
0.00039168508519146783,-0.0012310102677447268,-0.002350110511149125
-0.003963759909399602,-0.005587013967534774,-0.0010192525481313019
0.000843078596682084,0.0011150394343215258,-0.0008974707642099106
-0.0035088848828224795,-0.009464331702292035,-0.01030131341746069
8.240173592998478e-05,0.0007141483780591395,-0.00170296920921802
-0.0024626358695650696,0.0009341032608696811,0.0033401268115942225
-0.0026871607459558232,-0.0022572150266028245,-0.004299457193529225
-0.0007945178269937733,0.0015890356539875466,0.0021187142053166034
0.0014472585583077701,0.002978012802671843,0.003172836070136338
-2.6973808431987983e-05,-5.394761686412929e-05,5.3947616863975966e-05
-0.0007073188891370624,-0.0021219566674111874,-0.002494229766957099
0.0011567798141922177,0.004121028088059814,0.004229476195640443
0.0002536323779846849,-0.0005797311496794268,-0.004275517228885129
0.0009618357321973574,6.870255229975546e-05,-0.002198481673594127
0.00015925088384226047,-0.00041405229799042036,-0.0008918049495175639
0.00016726883447079944,0.0033453766894152278,0.01692760604844106
-0.0013038503499108833,-0.0015433330672413828,-0.0009047124876931827
0.0003249285157266141,0.0017221211333507589,0.004451520665453615
0.0015867019267095427,0.002002266717038268,-0.00494899886664149
0.0010262048744730536,0.0,0.0
-0.000851410379802922,0.0001480713704006088,0.0003331605834013172
0.0011291779584463246,0.0032262227384178607,0.0038069428313330976
-0.0011317576459441143,-0.0021319155656156297,-0.00034215928830866836
-0.00024153755909041503,0.0012076877954522714,0.0006556019461026111
-0.00037644060925463445,0.0008397521283373501,0.001100364857821429
0.0006774849178952142,-0.0005161789850631512,0.0009033132238602854
0.0010212572811861026,-0.0006051894999620553,-0.0009456085936908995
-0.0005078397765505777,0.0005713197486193323,3.173998603437728e-05
0.0010040936124198305,0.005059087047192408,0.005908704719240093
0.0003487425892201024,0.002014957182159809,0.0005037392955399522
-0.0005934131144298514,0.001285728414598105,-0.0018461741337816974
0.0008662554140962963,0.0007350045937787888,0.0004987531172069765
-0.0024482215218370232,0.0005346690679873866,0.0026452048626744644
-0.004726951308558324,-0.002843856884823613,-0.005649283271203914
-0.0007179688009921913,0.000881143528490248,0.002839240258468783
-0.0009337738830627457,0.002118948426950061,0.0034477804913086467
-0.0007598371777475515,-0.00037991858887377573,0.0008412483039348772
-0.00046331535228528043,-0.0030777376973227214,-0.008538240063540526
-0.001612462421426551,-0.002405028696365115,-0.0014211533205793438
-0.00040523690773065915,-0.0006234413965086927,-0.0011533665835411612
0.0002083767451551992,7.814127943314418e-05,0.0009897895394873812
0.0029634631255158698,0.006339560357116055,0.008177657738765125
-0.0018254171078091342,-0.0027381256617137013,0.002409550582307941
0.0012157315664702271,0.0012461248556319526,0.002978542337851858
0.00021436993104434699,-0.005001965057701159,-0.006359641287648622
-0.00021051523604016654,-0.0005262880901004912,-0.005289195305510213
0.0011634332916435743,0.0024141240801605073,0.0019196649312120794
0.0001674200569228257,-0.008287292817679476,-0.007366482504604014
0.00013031013812877604,-0.00039093041438618,0.0015376596299192908
0.001161816757180316,0.0047823620004862925,0.0009186458080029585
0.0021030882190165297,0.004980998413459849,0.003062391617164303
0.00038695411829736416,-0.0005527915975676855,0.001713653952459935
0.0026932668329177132,0.008645054031587773,0.008545303408146278
-0.004205183976799075,-0.00250135943447525,0.005147725212977919
-0.0006508533410471754,-0.0004339022273647836,-0.001157072606306021
0.002113017903543614,0.0013991605036978074,-0.002284343679506452
-0.002593271325334532,0.00992358493828016,0.01718474464921693
0.00031347962382436426,0.001776384535005193,0.0035876001393241818
-0.001739533804940232,-0.0021647531794812412,-0.00711276044686681
-0.0007220464860403643,-0.001203410810067274,-0.0004125979920229257
-0.0019770081276999476,-0.003990627517024145,-0.006004246906348343
-0.0009278503562945369,-0.0028948931116388535,-0.001150534441805234
0.00029203475213544604,0.0024092867051180005,0.0022632693290501734
0.0006379478225833453,-0.00040291441426318553,-0.004935701574723737
0.0004087193460490618,-0.000442779291553118,0.0007152588555857613
-0.0009611560387114558,-0.0032149012329312845,-0.013721331035397199
0.000669008195350355,0.0031108881083793507,0.0003010536879077834
0.00107583239083056,0.001765468538798892,0.003530937077597941
0.0003892565200467591,-0.0011677695601400762,0.00014154782547160362
-0.0009588268471518099,-0.002848279751833186,-0.004540327129159655
-0.0005032374945481842,-0.0003690408293354368,0.0010735733217029327
0.0004957858205254847,-0.00038954600184153853,0.001239464551313913
-0.000615105701058622,-0.0016834471818446108,-0.0021043089773057637
-0.00028887818969678005,0.0017332691381799505,0.0022147327876745233
0.0016079713201181296,0.0019242935470264691,0.0020824546604807136
0.00026893080794495824,0.0,-0.005916477774789736
0.0013520197856554824,0.0023742786479803045,0.002704039571310777
0.0005943315627206457,-0.0004086029493702196,-0.002971657813602595
3.0230659935278893e-05,0.0012394570573474656,0.0014813023368298686
-0.0017478628404360484,-0.0011758350017478773,-0.0006673658118029566
-0.0012076383123254327,-0.004038040606838226,-0.004038040606838226
0.0009599034611376851,0.0017552520432230442,0.001234161592891198
0.004889898416303724,0.005110732538330508,0.012398258565209182
0.00038180082723514015,0.0011772192173083187,0.0008590518612789749
-0.0008594018563080097,-0.00020625644551393015,0.0007218975592988532
-0.000309568770702306,0.0006810512955453899,0.0
0.006232731478506707,0.008224635353081032,0.00957398959069594
-0.0006483105789032717,-0.0006101746624972351,-0.001639844405461089
-0.0004626731622350268,-0.00021772854693406657,0.00021772854693406657
-0.0021559218304471957,-0.0008693233187287016,0.0021211488976980793
0.0002550288501386212,-0.000924479581752751,-0.0004144218814753274
0.0017968502272486732,0.007715886269950315,0.00687030969242148
-0.0031139112173220857,-0.00293286986747774,-0.004163951046419125
-0.00017987552613595484,0.0,0.0010073029463610198
0.0003804813088557169,0.0007926693934493801,-0.00015853387868991207
-0.0019336038563141141,0.0020697731419700724,0.004275715569596103
-0.0001655245472904008,0.002019399476942476,0.002747707485019976
0.0008901499346295952,0.0004450749673147185,0.0030598904002892037
0.002109232686714928,0.00028762263909742414,-0.002364897254801729
0.0025456557830658465,0.004464121010883525,0.004648588821250658
-0.0015051451389955738,-0.002825986791583523,-0.0023037935800952233
-0.0014522139412537613,-0.0017262165716790759,-0.0032058307759753376
-0.000779596837064185,-0.0005568548836172449,-0.0038608605264135593
0.0013279330721730868,-0.00036518159484766495,0.0038178075824977665
-0.0015389020113091647,-0.004616706033927494,-0.0030778040226183295
-0.002449074793966706,-0.0037319234955684824,0.0011662260923651507
-0.00019236934915037602,-0.0006732927220262249,-0.00041680025649245097
-0.0007677007362946939,-0.0031056984331925405,-0.00558327808214386
-0.00018805476154660513,-0.0032345418986009238,-0.004099593801714966
0.0021444501629782125,0.0007720020586721044,-0.0036312689426430543
-0.0002312940904359981,0.0016961566631972463,0.010832273235418842
-0.00011299435028254369,-0.0017796610169491397,-0.002909604519773934
0.0023910444516901247,0.0018113973118863893,0.0015940296344602203
0.0034241739621576795,-0.00010590228748931346,-0.001376729737362279
0.0007434125388914392,0.0019273658415704966,0.0027533797736721826
-0.00023512814483891433,-0.001343589399079565,-0.0037284605824458596
0.0014649214993154244,0.003280150313684372,-0.0008598452278589275
-0.00010868974512244884,0.000951035269822354,0.001331449377751234
-0.0007768087285052451,-0.0015536174570106908,0.003954662617845431
-0.00018127983563962256,-0.00012085322375980561,0.0005438395069188676
-0.0005457356820180299,-0.002668041112088032,-0.003365370039110926
0.001988071570576549,0.0010295370633343526,-0.0016330587901163716
0.0028594179817577115,-0.0007600984508468929,0.006551324743014342
-3.341352579521153e-05,0.0015704357123764612,0.0024057738572575093
-0.0008465807543974596,-0.0020067099363496265,-0.004546452199542183
0.0009107160926905987,0.0014503997031738453,0.002259925118898907
-0.0007987220447284647,-0.0013977635782748132,0.00046592119275820805
-0.0010954777309917262,-0.0007189072609634602,0.0010954777309917262
-0.0005569014006069909,-0.001280873221396095,0.001782084481942434
-0.002022590783209314,-0.0004978685004823879,0.0016803061891278602
-0.001441641253118885,-0.0029110063764901896,-0.00274466315497646
-6.325310730883902e-05,0.0010436762705967428,0.0027198836142825946
0.0011922294691071428,0.0021740655024896716,0.001858475348902352
-6.347997206875456e-05,-0.0013965593855138631,-0.000539579762584955
-3.745458631406009e-05,0.0011985467620509876,0.0022472751788455217
-0.0009389671361503692,-0.00017388280299082375,0.001947487393496791
-0.0025688489290166855,-0.0033621699218011653,-0.006497676702806734
-0.0009342560553632589,0.0017647058823529098,-0.002871972318339045
0.0031791714075362714,0.0068268522856569855,-0.0024764072016598927
-0.0021794406102432946,-2.794154628514601e-05,-0.00027941546285161894
0.001554001554001613,-0.0017020017020016264,-0.003959003959003934
-0.0016230173367760888,-0.0018812246403542888,-0.0015492438214681516
-0.0002104303300249089,-0.001788657805211626,-0.0031213832287026494
0.00016402405686167927,0.002815746309458646,0.0047020229633678795
0.00036685009171237885,0.0015341003835250275,0.0015674503918624992
0.0005561322853328535,0.0014459439418655878,0.0022616046270204537
-0.0006805421652583483,-0.0007656099359157223,-0.004083252991549928
0.0002532378264958873,0.0005788293177048265,0.001447073294262272
-0.0009829251853515106,-0.0011233430689732006,0.0017411817569085728
0.00036713829817292866,-0.0001976898528622474,-0.0022310711965883353
0.004236823843091304,-0.004711640308265533,-0.003250666569268575
-0.002143250209980621,-0.0021722130506560086,-0.008109595389115633
0.0016003939431244053,0.001015634617752013,0.0024621445278838216
-0.0005936168726866957,-0.003422026677840695,0.0016411760597808062
0.00011084835944438945,-0.0002955956251846885,0.0013301803133314131
0.0003493449781660183,0.0014672489082969988,0.0024803493449780945
-0.0006232217856659482,0.00021677279501418258,0.0005961251862890406
-0.0006321112515802423,-0.0001580278128949258,0.0006953223767383923
0.0003092743650210078,0.0003479336606486063,0.0010438009819460385
0.00022126691111389927,-0.0006638007333418775,0.0004109242634972672
-0.001374389566336308,0.0018715091967131219,2.924233119861656e-05
0.0013826009163119552,0.0006235259034348637,-0.0008132946566541366
-0.002097228907378167,0.019356391391047223,0.008732723647115324
0.0011306177569798586,0.0011934298545899797,6.281209760994256e-05
-0.00229994158878503,-0.005658586448598172,-0.0032856308411216197
-0.00040918922078677256,-0.00040918922078677256,0.0004968726252411759
-0.002573529411764664,-0.003676470588235294,-0.0014705882352940341
-0.0018146824305745619,-0.0026395380808357976,-0.0016222161121802997
-0.0021523009121656093,0.00013665402616931592,-0.0018106658467424166
0.0018199103626239737,0.002526144234686967,0.0026076327583866264
0.0005467281735862807,0.006116521441995628,0.008405945668887875
-0.00016212710765225205,-0.0013294422827495726,-0.0025940337224382446
0.0007458313355707546,-0.0012252943370093133,-0.0002930051675457185
6.731966744097296e-05,-0.0028274260325153156,-0.006193409404557457
0.0011159910720714317,0.004787961696306577,0.003275973792209753
-0.001736624297960281,0.0012193319538872337,-0.002364765001477928
0.0005579423087654006,0.0005858394242036389,0.00033476538525917693
-0.00022109917877463682,-0.0004421983575490941,0.0016108654453568885
0.00024039287063427032,0.0004121020639445192,-0.0018544592877503365
-0.0018157438963071514,8.380356444486484e-05,-0.000530755908151287
0.0007484775286631866,0.004286734936889704,0.01017249004865107
0.0004438677956842238,-0.0009901666211418344,-0.001297459710461607
3.62910542550931e-05,-7.25821085103925e-05,-0.0021048811467972565
-6.364764662838893e-05,0.00168666263564896,0.0046462782038633466
-0.0004000266684445781,-0.00420028001866788,-0.010900726715114469
0.0006184530941982337,0.0005024931390359687,-0.0036720652468013944
-0.0040269388321878255,-0.00024300492952854675,0.001458029577171478
-0.0004349401957231046,-0.0013773106197897626,-0.004458137006161513
5.470309893050466e-05,0.0006564371871666778,-0.0009026011323542598
0.0013831641262552214,0.00188110321170712,0.0048964010069434336
0.0005938438190756056,0.0020124707202006323,0.001517600870970867
-2.4797897138300118e-05,-0.0008431285027029088,-0.0007687348112880084
0.0010506960861569766,0.0034522871402304623,0.003752486021989568
-0.002611058184256057,-0.0018700822130483382,0.0007056914011502368
-0.0005092946269416362,-3.637818763865876e-05,-3.637818763865876e-05
0.0004734584749067452,-0.0003899069793348921,-0.001865983401102924
0.001933335720167629,0.0036876588736528327,-0.011743224374351185
2.7420548959365228e-05,0.0007677753708630057,-0.0012613452521318916
-0.0008080416303047933,-0.0010342932867901135,9.696499563667074e-05
0.00017238407171175704,0.0009111729504765301,0.0004432733272588638
0.0007095480487429221,0.0016658954187876616,0.0031775412617616214
0.00029192818566622653,-0.001255291198365222,-0.0034155597722960616
0.0005066772827620657,0.0023886214758786326,-0.004161991965545862
-0.002655160969133854,-0.0026920382048162337,-0.008334255264225359
8.511362669155592e-05,0.012653559168156097,0.012426589496978453
-0.00037432791125030165,-0.0027564146192064322,-0.0045599945552304896
-0.0001264142595285395,-0.0006320712976423381,0.0002528285190568993
-0.0008622368091673726,-0.0006397240842209589,0.003977414958417954
-0.0011216399149101546,-0.0025913749758267875,-0.0023593115451557285
0.002582536469602681,0.0024429399036783295,0.004222796119215395
0.00010039488655387712,-0.0008031590924302561,0.0014389933739375103
-8.439530762097942e-05,0.0015472473063829703,-0.0004219765381045773
-0.0003064493662070306,-2.7859033291519446e-05,-0.021757905000696482
0.0007726618199696921,-0.012116742176799231,-0.01576932532574723
-0.000858369098712405,-0.0013525816100922925,-0.0015346599037585511
-0.006261936817057516,-0.008453614703027612,-0.005103478505901861
-0.0007659517783400871,-0.0011655787931263018,-0.00043292926601836774
-0.027182603133994364,-0.02910137511992324,-0.03670539743453073
0.003930560104815085,0.008079484659897468,0.00636896313280198
0.00022558087074213908,0.0014179369018078622,0.004286036544101009
-0.004333771446840149,-0.00706902063869848,-0.011367269368761283
0.012278353964536689,0.009300769488123218,0.01167614586818337
-0.00015964749832373756,-0.00044701299530632,-0.0016922634822311463
-6.472910868029858e-05,-0.0016182277170043368,-0.001424040390963809
0.0009771668675287821,0.0013680336145402948,-0.0013680336145402948
-0.00046493607129021515,-0.0029058504455637345,-0.00027121270825280905
0.0017681301343778284,0.0021761601653882035,0.0006528480496164765
0.00023958654208164142,-0.0009925728171955384,-0.0025327720162919157
-0.0001383738307410044,0.0010239663474843764,0.004926108374384319
0.00010012682731450742,-0.0006341365729924495,-0.00023362926373404037
-0.0012254901960784463,-0.0008611552729199486,-0.003080286168521485
0.0038519010459904537,0.003154574132492265,0.005080524655487397
0.0012080783675185451,0.0012080783675185451,0.0018121175512776683
-0.0013530906570739189,-0.006039404640110835,-0.017656182964258492
0.001458576429404931,-0.0018828895725044542,-0.0047735228598706145
0.001098960008577316,0.001849469282727559,-0.0002948429291303656
0.0007431490942870695,0.0003406100015482695,0.0008979718222635717
0.008952808519523927,0.010518897473376417,0.00522029651284193
-0.0010755992624461152,-0.007836508912108254,-0.01344499078057775
0.0015797788309635948,0.005323167799986301,0.007452434919980822
0.0002768038383466563,0.0009534354431937082,0.0009226794611552297
0.0009140479717591341,0.0005043023292464621,0.0018280959435182681
-0.00043002825899983525,-0.0012900847769996802,-0.005897530409141221
-0.0023082453551290607,0.004805691149203613,-0.005865213607295397
0.0018223873273990282,0.00143688231583383,0.0019625709679680463
0.0002517975547658982,0.00041966259127655,0.0005875276277872018
0.000939301677787017,0.0007449633996243382,0.001619485651357129
-0.00018053148469076593,0.0005415944540729134,-0.0012637203928363876
-0.0007902238026697506,-0.00011288911466701556,-0.0024835605226765883
-0.00393035795491469,-0.00224127850321574,-0.0026635483661404313
-0.0006684066458717281,6.365777579725575e-05,-0.0007320644216691648
0.000291036088475007,-5.2915652449946586e-05,-0.0034659752354746598
-0.0008362115978913586,-0.004362843119432789,-0.0008725686238865991
-0.0002855362890665913,0.0006229882670543274,0.0013757657564115167
-0.00012450509225816014,0.001469160088647705,0.003461241564780107
0.001602564102564128,0.006074836016696465,0.006745676803816348
-3.225702396693947e-05,-0.000677397503306279,-0.00325795942066382
-0.0003068033646102435,0.0013550481936952664,0.002070922711119071
0.000894313220053593,-0.001604503130096306,0.0009732232100584053
-0.00028632411890263325,-0.0003383830496121491,-0.0016919152480608937
0.003797144839169084,0.006645003468545742,0.008105443791303178
-0.0012615763970524924,0.00037273848094731616,-0.0010895432519998723
7.919119393931199e-05,0.001240662038381404,0.0031676477575693284
0.0005560382276282364,0.0030234578627280784,0.003092962641181534
-0.0006496732525700917,0.003057285894447248,0.0012229143577788557
-0.004430466292903062,-0.005114180226993039,-0.003637358129358633
0.00020940946530783987,-0.0013262599469495864,-0.002198799385732219
-0.0006046645551397535,-0.00031672905269223623,0.0003743161531816742
-0.001964708022557833,-0.0006549026741859443,-3.638348189939148e-05
-0.0016338979358423362,0.0006807908066009476,0.0031861009748923234
-0.0032407009091169675,-0.005420287361266415,-0.003527488600189332
0.00023875845602873546,5.3057434673136105e-05,-0.001114206128133747
-0.002420101074809619,-0.0011032813723396762,-0.0016015374759770996
0.0006979062811566041,0.0005234297108674885,0.0006729810568296079
-5.534034311007695e-05,0.0004980630879911645,0.002490315439955822
-0.0019501067039516256,-0.0023916402972992026,0.0015085731106042573
0.0016639511907649367,0.0018026137899954302,0.0028079176344158675
0.0004634687324129717,0.0024828682093554475,0.009103850100969974
-0.00037665796766118634,-0.001129973902983712,-0.0009416449191531188
0.00047019775964601276,0.0012999585119623023,0.0019361084220716044
3.210169817980452e-05,-0.00038522037815801914,-0.0006420339635966378
0.009136310223266785,0.012309048178613391,0.01430669800235019
-0.001667778519012633,-0.0032614335482914368,-0.0038914832110296177
0.0010859314720086744,-0.0008001600320064857,-0.001971822936015768
0.0016596980626216264,0.00124477354696622,0.0008298490313108132
0.0018003524094076858,0.002987818892208583,0.004022063893357892
0.0012247838616713796,0.0022334293948126963,0.003710374639769354
-0.001305348493696525,-0.0015801587028959375,-0.002954209748892218
-0.00048086831077827287,-0.0006869547296832749,0.0035034691213850335
-0.005146664140696523,0.004104701461905249,-0.00012629850652004553
-0.0001550447691771792,0.0045738206907244726,0.007752238458854994
-0.0011217700758160438,-0.004525762030016862,0.00023209036051370215
0.0022738918780424657,0.0008967460927490799,-0.000160133230848102
-0.0003117790110370479,0.0013718276485626916,0.00040531271434805587
0.0024095710403181664,0.0033621921492812995,-0.0027457902552464717
0.0002479192491588212,0.001097928103417752,0.004816716840800272
0.0010608672589841593,-0.0017239092958494472,-0.0014056491181541693
0.001377638177109164,0.0017633768666996924,0.0031961205708933293
0.000315885902012265,-0.0006949489844267317,-0.0006633603942255411
0.0008581849388543049,-0.002225917185153358,-0.0009386397768719769
0.0014997988074769294,0.002524051651607703,0.003292241284705627
0.0007706987668818978,-0.00631238990017626,-0.008771285965942613
0.0005231322543729546,0.0008173941474579041,-0.0019944417197973307
-0.0014170841022937213,0.0006261534405483711,-0.0015159504350117966
-0.00033797739306782763,0.0007886139171579087,0.0030793495812835373
-0.0003024304409986078,0.0031892664687121083,0.0007698229407235585
0.0016441359152356476,-0.0018268176835951474,-0.0018529150790750548
-0.002358258818905464,-0.00019652156824212201,-0.0018014477088860875
-0.001516275768622858,-0.0016775817014551041,0.0010000967835595233
-9.874836448026381e-05,-0.009702026810180973,-0.015651615770113744
0.0006167302085668603,0.0008409957389547951,0.001121327651939833
-0.0004172417113329122,0.0016047758128189492,0.004044035048303723
-0.0009042437092699437,-0.00012472327024403237,-0.0017773066009790564
-0.0009803073551883487,-0.000461321108323871,-0.0005189862468644778
0.002258535937292323,0.001089411452105668,0.0015145476285372476
0.00011100935253800812,-0.0019426636694141167,-0.0020259206838175044
0.000666853853713315,-0.00021058542748842577,0.004738172118489281
-0.0002800649750742809,0.001176272895311757,0.0006161429451631951
0.0004854892652929303,-0.000620347394540992,-0.002751105836659785
-0.0003203311731513083,0.0005667397678831486,0.0016016558657566816
-0.00014763961170789674,0.0004060089321965587,0.0014025763112242846
0.00315059861373653,0.0030805853112091134,0.0032906252187915623
0.0006937940125578294,-0.0013528983244874124,-0.0014916571269990178
0.0010264033411197125,0.0008494372478231479,0.0008848304664826218
0.0008854491194699826,-0.0017053094152755773,-0.012724231790902815
0.0005712653527564447,0.0012496429591546086,0.0005355612682092049
0.0,0.0018798405895180087,0.0009023234829686784
0.0017796581713171913,0.0018803935395050612,0.0016453443470669524
-0.0015753084979142345,-0.0011085504244581097,-0.0018378599142331907
-0.0011242079444029464,-0.0007154050555291829,-0.00044286979627987817
0.001515397521242632,0.0015965795313091274,0.0008388807706878884
-0.0007473841554560338,-0.003914869385721484,-0.010249839846252386
0.002708070048745261,0.002455316844195728,0.0038274056688933104
-0.0019416175682915133,-0.0014394750937332845,0.013993036957685959
-0.0009493070058857651,-0.002386829043369756,-0.0018443678971493851
-0.0005085176709890173,-0.0029421379535796094,-0.006065889361083927
0.00047209209427314324,0.0014525910593019475,0.0013436467298543941
-0.002786580701562776,-0.0035515244235602974,-0.00461698175062834
7.894944603798182e-05,0.0006579120503171136,-0.005763309560777909
2.8566531451725147e-05,0.0014283265725875563,0.004199280123407332
0.001384254986867276,0.0021296230567188395,-0.00738269326329234
0.0013518733101584135,0.0008046864941418823,-0.0011587485515643543
0.0013694187177916157,0.0010450827056829566,-0.00018018667339367677
0.0022824350321170844,0.005282206788613924,0.00254328475007346
0.00341327855977767,0.010058599649610294,0.013048994140035018
-0.0014387271496275977,-0.0016926201760325624,0.0008745204242834639
0.0022398843930636,0.0033598265895954,0.00921242774566478
0.0017365577566247122,0.002797787496784167,0.0036017494211474294
-0.0002690776019803194,-0.0008072328059412641,0.0008879560865354669
0.0005457463884430688,0.00022471910112357361,-0.0011556982343499636
0.0008236615499813826,-0.0002745538499936523,-0.000374391613627798
0.0015224424326455218,-0.00046217002419584886,-0.004213903161786726
-0.00021942885802950747,-0.0007523275132441274,0.00018808187831103186
-0.0007947165054397535,-0.00021923213943175282,-0.0016716450631662975
0.0003835157938777409,0.0003486507217070732,0.002719475629314656
0.0009523542757906832,-0.002436906529228886,-0.005518052715610124
0.0015907355561211505,0.0017498091117333016,-0.002767879867650816
0.00026356017078690077,0.0005534763586526265,0.0027673817932634317
-0.00041798739071353133,6.966456511908689e-05,0.00041798739071372936
-0.0016715257531584326,-0.0015549076773565685,-0.003148688046647239
-0.0013737743777609925,-0.003474841073160275,-0.00228962396293509
0.0003056829234402023,-0.00044462970682235655,0.0020008336807002093
0.00035145678838794764,-0.0009137876498084242,0.00024601975187168323
-0.0003893474536675203,-0.002647562684939846,0.012342314281264664
0.0014811224215005424,0.002477513868691808,0.0028814563472829486
0.00021929223431370874,0.005756421150736062,0.009265096899756025
-0.00013208992682206043,0.0013473172535863678,0.0012680632974929813
-0.0012540757461750375,-0.0005016302984700466,0.002480283142435257
0.000819031309333124,0.00029782956703020767,-0.01619448270727085
7.772826199613835e-05,-5.181884133066072e-05,-0.0001295471033266518
0.0002773444271103626,0.0006586930143872343,-0.0002426763737215919
-0.002148814509960939,-7.284116982912121e-05,0.0009833557926939645
-0.00031310486166461816,0.00014232039166575024,-0.00011385631333263255
0.000437936225537069,0.0026823593814149756,0.0018612289585327765
-0.004710263993865777,-0.010844561288202532,-0.012597217658012885
-0.001931003750603582,-0.0003713468751161303,-0.0011883100003713214
-0.0013255567338282938,-0.00011361914861395832,0.0007953340402968471
0.0,-0.0015505984766051415,-0.000707290533188378
-0.0012570710245128785,-0.0010856522484429332,-0.0010285126564195098
0.00018726007303143557,0.00034331013389081737,-0.0016853406572829202
0.00012850992739195678,-0.0006746771188073621,0.0017670115016385382
-0.0006033578174185765,-0.0007607555089191071,-0.0007082896117523133
-0.0011014148945183043,0.0013555875624841657,-5.6482815103453394e-05
-0.0008336807002918198,-0.0026677782409338232,-0.0025844101709045623
0.0014119308153900994,0.0025591246028944716,0.005206494881750908
-0.000353619293468732,0.0006365147282435971,0.00031825736412169803
0.010953373705284762,0.008769317316919743,0.010920281941824718
0.00012513451960860769,0.0010261030607904122,0.001977125409815603
-0.0011708078574216652,-0.0024717054767789477,-0.0008130610120983478
0.0028294946522551072,0.0017259917378754932,0.0010752079678569277
-2.7141461296251506e-05,-0.0005156877646292415,0.0001357073064814118
0.0006183335909722944,-0.0026279177616322954,-0.01323233884680777
0.00011261895376997708,0.0004786305535222026,0.0010135705839293136
-0.0043749999999999475,-0.0033223684210526017,-0.0005592105263158418
0.00040122660705581737,-0.00037256756369471084,-0.0014616112114177369
0.005948797847101554,0.005665521759144385,0.017704755497326582
-0.0005587038071673173,0.0006651235799611568,0.0006917285231595789
0.0021827252884316656,0.0017858661450803513,0.0030898319018057997
0.0004785922026285589,0.0013989618230681275,0.004049626329934186
0.0016465126322607342,0.0008367523213128975,0.004885553876052694
0.0007883211678831586,0.0007007299270073258,0.004729927007299284
0.0010896213565785658,-0.00010215200217934336,-0.0021451920457640815
-0.0001035250271753726,2.588125679380637e-05,0.0008799627309902993
0.000295278232625597,-0.0012616433575818604,-0.0020669476283788736
3.230391523449704e-05,0.0011629409484429953,0.0007106861351594859
0.0004560353427389715,0.0016246259085078898,0.001938150206640872
0.0002786912658157927,-0.0003065603923973403,0.00011147650632634877
-0.0011345014496407842,-0.003624101853018963,-0.0020484053951846
-0.0004668992971936839,-0.0008846512999459715,-0.004742713913599073
-0.00013609145345679254,-0.0013268916712031954,-0.0036404463799673144
-0.00021695895859700695,-0.0005423973964926201,0.0014825528837460428
-0.0009349473477019867,0.0009595512252730695,0.0011317783682707892
-0.002221200980392096,-0.0025658700980392764,-0.0025658700980392764
0.00019421246844045494,-8.323391504599939e-05,-0.003246122686790822
0.00013084552377466143,0.0,0.0009944259806871887
0.00010542962572473278,-0.0011948690915481702,-0.0013705851344227248
-0.0007695408406316814,-3.664480193481221e-05,0.000696251236762057
-0.0015842154533016407,0.00010801468999774146,0.006732915676532025
-0.003587475183727594,0.0013235345338023594,0.0028560482045208915
-0.0012391189864005988,0.00034075772126022626,0.001146185062420633
-0.0011525163273145968,0.0031324802742397893,0.006619580956884096
0.0009523184027322359,0.0004269013529488883,-0.00032838565611442895
-0.002216264521894565,-0.0008936550491510277,0.0007149240393207816
-0.0004623334239869892,-5.4392167527826515e-05,-0.0037530595594234308
-0.000182045147196487,-0.002522625611151489,-0.001820451471965018
0.00017454545454546116,-0.003665454545454519,-0.002705454545454565
-0.0001289989680081386,0.0019994840041279815,0.0030314757481940072
0.0011309171199311108,0.00037697237331031923,0.0003231191771231745
0.0001041205716218435,-0.0011713564307467752,0.005804721867922954
-0.00038943567230743047,0.003575727536642526,0.0021241945762232625
0.0002489497432705277,0.002022716664073369,0.0030496343550644508
-0.0008316158657844965,-0.0007954586542284791,-0.0028564197129118144
-0.0016237402015677046,-0.002771556550951873,0.0013717805151176067
0.0004089840155412143,-0.00013632800518053394,-0.0038171841450530125
-0.000881195908733195,-0.0009756097560975681,0.00025177025963803016
0.00206724393478442,0.0017162025118963949,0.00011701380762941555
0.0010924857464750031,0.0010583455668976896,0.0018777098767537963
-0.0007983576642336609,-0.0019673813868614693,-0.0025661496350365934
0.00027688047992608826,0.00024611598215654233,0.0019996923550222342
5.260804376984457e-05,-0.000552384459583966,-0.0033932188231581145
0.004937230935966482,0.005268386669476472,0.005810277869765502
-0.0016906405033120303,-5.543083617411327e-05,0.0008314625426124868
-0.0001370275973581391,0.0012606538956946927,0.002850174025048701
-0.0019342359767892114,-0.00095126359514225,0.0014268953927132847
0.0009465535309826331,0.0006084986984889179,0.004631351205165493
-0.0004342938892295522,-0.0004342938892295522,0.0003065603923973139
0.010789190642645996,0.01899031997848896,0.014654477009948957
0.0005468172022259189,0.0008041429444498055,0.00048248576666999295
0.013487092819034343,0.014912019087384433,0.014613778705636828
-0.0007946729509769558,-0.0028772641328474267,-0.0024388238840325166
-0.0005291742097200884,0.0011976047904191807,-0.0005570254839158574
-0.0012100369379696707,0.0012418800152846337,0.0004776461597248034
0.00010156408693891038,0.0041641275644933055,0.0057637619337803135
0.0010815097876636195,-0.0007210065251090112,-0.0016222646814953265
-0.0008267195767195768,-0.0015542328042327067,-0.0025793650793649895
0.00010428253615118435,-0.0005909343715239708,-0.0025027808676307954
0.00293997246101753,-0.0038703434929848674,-0.008633843176658827
0.0020126744091168956,0.0007343541762993495,-0.004351728452144648
-0.002462880866934225,-0.005594257969178917,-0.002673984941242867
-0.0013460963206701078,-0.001944361352078903,-0.001981752916541926
-0.0019667832167832027,-0.004214535464535358,-0.0029657842157841804
-0.00042031155594090684,0.000761814695142679,0.0005779283894185789
-5.2034550941925935e-05,0.0006764491622437062,0.0015610365282546724
0.024508714562366966,0.018667259278072303,0.025746849106320878
-0.0024404249210451005,0.0018303186907837744,0.0007895492391617402
-0.000774936344514692,0.007860068637219069,0.005941178641278326
-0.001143926788685666,0.002287853577370938,0.0003119800332777835
0.0006386667072168715,0.002037650923025504,0.0022809525257747637
-0.00019337016574583752,-0.00027624309392271473,-0.003038674033149234
0.00022983222247756896,0.0005253307942345766,0.0011163279377484055
3.463083529571584e-05,0.001489125917717159,0.0022163734589277823
-0.0006794170601623421,-0.0019703094744708497,-0.0011550090022761552
-0.0004506099327303304,-0.00775692812771581,-0.011233061894492932
-0.0005033779308517625,-0.0029407868591866835,0.00021194860246386035
-0.0017517608846393132,-0.0028466114375386765,-0.004160432101018161
-0.0008907268967712089,-3.181167488483457e-05,0.0006680451725782712
-0.001764926774314785,-0.0002628614344723739,0.0028914757791963265
2.7338837552757802e-05,0.0010662146645525814,-0.0003007272130787818
0.0010422773760666835,-0.0008142792000521139,-0.0008794215360562237
0.00030274673859199004,0.00022017944624880533,0.002366929047173484
-0.0006516544783144117,0.0019187604083700407,-0.0011222938237636748
-0.0009567852017222496,-3.1892840057378103e-05,3.1892840057378103e-05
0.00017860332202183023,0.002321843186283387,0.007715663511341401
3.846597684344695e-05,-0.0015001730968959618,-0.003923529638035306
-0.0012610758968572512,0.0027212690405867095,0.0016924965984136692
0.0007267637479475164,-0.00010766870339954139,-0.0005921778686979367
0.0010399875201496992,0.0004159950080598205,0.0009619884561385382
-3.61467558286315e-05,0.001228989698174704,0.0010844026748599725
-0.0015823949363362288,-0.006403179509825602,-0.007470376094796605
0.0007857002553525065,0.0026657687235176605,0.0035637118724920216
-0.0012174912915553912,-0.0012851296966417379,-0.01322330819439286
0.003947123440700064,-0.0005213181902810886,0.003723701359150996
0.0,-0.00012381600941008006,-0.003343032254070402
0.0005586765573109247,0.0004034886247245273,-0.0030727210652099976
-0.0027607730164446523,0.003270915856439728,-0.0034809746729084893
0.0003506188422566626,0.00042074261070791544,-0.00035061884225646333
0.0004326819066849519,0.00021634095334247596,0.001838898103411148
0.003175010423014044,-0.0003527789358904899,-0.0034636477341970563
0.0006569274564393892,-0.0004066693777958377,-6.256451966102121e-05
0.008531324447878363,0.0018350395982228871,0.0001609683858090637
-0.00016768676113021512,0.0003633213157821063,-2.7947793521676043e-05
0.0005307855626327793,0.0010615711252653702,0.002222664543524469
0.00028819953888077355,-0.00020959966464049486,0.0009431984908824503
0.0012757995010206074,0.0007938308006349873,0.0031186210024947997
0.0005902572827332938,0.0035762647130309004,0.0029860074302976067
0.000619895965285875,0.001509311915478539,-0.00080855995472052
0.0007861841243219461,0.001913048035850044,0.0011268639115280979
0.00047273089171973953,-0.00044785031847135456,-0.002139729299363091
9.563581880209621e-05,3.1878606267305e-05,0.0001593930313367062
-0.0018201164874551334,-0.003976254480286783,-0.002576164874552016
-0.0006750599115671132,-0.001248860836399246,0.00010125898673517252
-0.0008852064301395085,-0.000389490829261432,0.0019120458891012096
-0.0012976812485059437,-0.004473585356691604,-0.005771266605197547
0.0015187435175582494,-0.005815676396503161,-0.01092754482145499
-0.0007586206896552665,-0.002103448275862116,-0.001172413793103362
-0.0004939084622982458,0.0026341784655910814,0.003589068159367902
-0.0018991964937910219,-0.0032724616508400424,-0.008648648648648588
-0.0009441821716190831,-0.0012496528742017368,-0.0027492363232435686
-0.0019410147193615421,-0.001294009812907797,-0.00167142934167252
-0.002477437621659843,-0.006087418156078666,-0.002017342063351595
-0.0010441795988910829,-0.0010081734058259085,0.0006121052821083752
0.00022292283685230782,0.000191076717302004,0.0005095379128054043
0.0007866641693202337,0.0005619029780859116,0.001236186551788665
-0.00539217307883157,-0.0035396473584967847,-0.004168182870753408
-0.0022250808330145895,-0.0016688106247610408,-0.0011125404165072948
-0.0012372099244298954,0.0003343810606568004,0.0006687621213134108
-0.0009670212411216234,-0.003768048284370921,-0.0034679382440226873
-0.0003369524522651884,-0.0017970797454137707,-0.0034069636840135713
-0.000826318235810549,-0.006636368331353595,-0.007204462118473283
0.0008300030740854037,-0.0003074085459576475,-0.004703350753151028
-0.0004872563718140759,-0.00022488755622189756,0.005172413793103431
-0.0007007913101877802,0.000846789499810096,0.0034747569130142717
0.00029601124842745146,-0.0007893633291398239,-0.0009620365573891472
-0.0025333608271718077,-0.0015023418858810726,-0.0022976993548768066
0.0006325806540334394,0.001815231442008925,0.002640336642922073
0.001751444009688729,0.00040991242779935455,0.0008198248555989208
0.0006986064639482211,-0.0011398315990734354,-0.0024635070044490785
0.00170282728046735,-0.0016734681894248354,-0.013916209154164614
-0.0024805901871719294,3.2215456976227904e-05,0.0005476627685962407
-0.000705158942825713,-0.0023975404056073278,-0.0052463825346231825
0.0007406594612387716,-0.0009601141164207569,-0.001289296099193579
0.0005668178180846861,0.0003667644705253294,0.0037009869298478154
-0.0005689424364123691,-0.001506024096385504,0.0011044176706826777
-0.0005268119558586972,0.0008595352964010488,0.0008040814063105517
-0.0003193775042100158,-0.0012194413797108642,-0.0009000638755008486
0.0008766700564575516,0.002244275344531284,0.0005260020338744512
0.00010387182217149359,-0.00036355137760000616,-0.0024150198654858605
0.0005351886540006189,-0.0015386673802514704,-0.007191597538132116
0.0002216434864519978,0.0010528065606471863,-0.004072699063556188
0.00016737522177201662,-0.00010042513306340025,-0.001640277173367285
-0.0007691021568300223,-0.0034108008694199586,0.002775455609429808
-0.0011102254611705374,0.0056934639034388525,0.0046117057617854834
0.0013687754934435653,-0.006789126447480134,-0.010347942730433435
0.0011102986974301325,0.00010832182413957394,-0.002139356026755392
0.002129656367311489,0.0012633554721338646,0.000974588507074725
0.0004208200731175535,0.000867941400804926,-0.0004734225822571916
0.0007772478360712611,0.002119766825649058,-0.0006712594947888984
0.0016085196072994647,0.002190914637528483,-0.0026623772810471453
-0.002381574743690259,-0.006215329209142884,-0.00848072957509226
0.0027985074626865752,0.0028676064123824767,-0.0017965726920950173
0.0031068485749021204,0.005707145751722267,0.007767121437255205
0.0012304938754963861,0.0013143911851894047,0.00265674814027627
8.462862139968043e-05,-0.0027081158847923393,-0.0012412197805297686
0.0005049824939401335,0.004140856450309592,0.004073525451117626
0.000949494211737176,0.0016798743746121185,0.0016068363583244998
0.00022523247208723954,0.0008044016860259338,0.0013513948325234372
0.0015909492663955757,0.0010606328442635832,-0.000989923987979599
-0.000740244633226337,-0.001903486199725124,-0.0029962282773450693
-3.418569670446775e-05,0.002427184466019542,0.004649254751811889
-0.0015630052818798753,-0.00013474183464485116,0.0010240379433006238
-0.0010497133475089128,-0.0008882189863536837,-0.0006190617177615842
0.0006825006825006436,-0.0021498771498771343,-0.0047092547092546936
-0.0010862602010973635,-0.0023117845305405792,-0.0018661393198338833
-0.0017187809876381258,0.00469359423547286,0.009684669795729512
-0.001679650169412945,-0.001245257884219996,0.0032724218817873664
0.0,0.003926431080801968,-0.001997657918302625
0.0010790172642761906,0.0009130146082336877,0.0017706949977865935
-0.00037850113550345346,0.0016860505126970239,0.001754868900970308
-0.0007117437722419844,-0.001048885559093361,0.0001873009926953039
-0.00021045431825950092,-0.0016836345460763064,-0.00013153394891224414
0.0005093502146546837,0.000691261005602844,-0.00047296805646509295
0.002885170225043319,-0.003786785920369138,-0.0011540680900172864
0.00013818835072210484,0.002314654874594127,0.0036965383818143896
0.0005552265324251452,-0.0026650873556412023,-0.0005182114302637073
-0.0009501574546639775,-0.0005157997611032624,0.0005157997611032624
-0.0011442875022349122,-0.00035758984444829575,0.00032183086000368974
-0.00021513968712540547,0.0012601038817345426,0.00015367120508962524
0.0011397310234785563,0.0005983587873262947,-0.00022794620469564648
0.0012723350113403207,0.0006361675056700816,-0.0024063727388394214
0.0008097165991902834,-9.716599190274563e-05,0.0009716599190283769
-0.0020907437074045958,-0.00149338836243181,-0.002416573895571542
-0.0036440454185370885,-0.004092949564298947,-0.001478743068391873
0.0011570307697870094,-0.0020971182702389417,0.006689084137831373
0.0006504911207963491,0.0008456384570352169,0.0019514733623886775
-0.0028542193979212726,-0.0035273843502611943,-0.021352792288222323
0.0008774953774798006,0.0010341909806012126,0.005202294023629776
0.0022197558268589193,0.001664816870144242,0.003551609322974397
-0.0025023119186205075,-0.006391775009519727,-0.008241309905891392
-0.0010975005310486523,0.00046024215818167336,0.0016639524180415894
-3.516174402247154e-05,0.0004922644163152011,0.001898734177215262
-0.0006858710562414184,-0.006642119702548462,0.0025990903183886627
0.0010931495958658543,0.0024844308996952434,0.0035775804955610973
0.0013158403963002897,0.0025155772282210386,0.0003870118812648428
-0.004222192901438281,0.005871487003562385,0.00926903285393852
0.0,0.005561665357423352,0.007227022780832714
0.0011960381237151678,-0.0017566809942067922,-0.0018688095683049896
0.0002966718808997617,0.0027239872700794213,0.003479152057824102
0.0024799018939910752,0.0018803651723668013,0.003024935277285771
-0.003017257239577559,-0.0015454244397834901,-0.0031276446995620044
0.0,0.0020707694543340596,0.008537382838044115
0.0011534342130558204,0.0021970175486777013,-0.0009337324581879411
0.00016143092370759861,0.0006780098795724648,0.0010654440964710686
-0.0001415778855341508,0.00021236682830142739,0.0003893391852193171
0.0005159678470562615,0.0002172496198131221,8.14686074298629e-05
0.0001656287266463872,0.0014575327944878684,0.0024513051543660035
-0.002917329696142994,0.011176782602106496,0.018375388345836262
-0.0003722810189862957,-0.007977450406849971,-0.00880178694889114
0.00024450541987022697,0.0016843706702165356,0.0014670325192208983
-2.6231572320570137e-05,0.001705052200828858,0.0018362100624311122
0.0006243791684403872,0.0034908471690079787,0.004115226337448527
-0.0008720357815972384,-0.002250414920250953,-0.006273031590199494
0.00042104155153818327,0.0014473303334123085,0.0009473434909608001
-0.0008931894305917718,-0.0018608113137327876,0.002902865649423259
-0.0014875804331280938,-0.006503840033211083,-0.011831453677437265
-0.0009410479023738761,-0.0010017606702690818,-0.0030052820108069003
0.001139490286540188,0.003974319779883846,0.006781356827214357
-0.0014751915950060267,0.0018349944230561324,-0.0014392113122010366
-0.0010608006253141986,0.00013957902964645895,0.000669979342303479
0.0032076032076031606,-0.005672705672705578,-0.008226908226908173
-0.001245649386334402,-7.32734933137271e-05,-0.006118336691701836
-0.00016847780304945462,0.0009827871844551785,-0.0003088759722573601
-0.0001907928806999187,0.0008994521518712447,0.006268908937283686
0.0013508493465265517,0.0019925027861266926,0.0062814494613488685
0.0010435763644055973,0.00011281906642212274,-0.0026230432943167587
-0.0007635314744640626,-0.0026016628018777667,0.00042418415247999903
-4.951475539720403e-05,-0.0014606852842147747,-9.902951079426733e-05
0.00036343812465935944,0.0016354715609669108,0.0014174086861713365
-0.0016181733312588722,-0.0060992687101292554,-0.004605570250505736
0.0010738476788369029,0.0020926262459386277,0.004047579712539155
-0.0001852469341632817,-0.0009632840576490227,0.0003704938683263528
0.00047627403303837195,0.0003509387611861388,0.001980297295264885
0.0014587683418666253,-0.0022310574640314338,-0.001401561740224848
-0.0002825177986212168,-0.00158209967227936,-0.001271330093795877
-9.469995896344442e-05,-0.0013889327314624757,-0.0013573660784747207
0.002454159800862422,0.0010517827717980385,0.002839813483855142
-0.0005812183443579739,5.53541280340478e-05,0.0014115302648694775
0.0011120484699747699,-0.00026842549275248555,-0.0005368509855049711
0.0012655400878432777,-0.003833842030819733,-0.00305218491774008
0.001214262059830154,-0.0009934871398608448,0.0037531736394746983
-0.004661073378612445,0.0009655080569981475,0.003129577839925415
-0.00022754422890944903,0.0005404175436600425,0.004977530007395188
0.0009539635647464374,0.00030773018217633785,-0.0004615952732643318
-0.0002674869600107603,0.003504079176140169,0.005215995720208609
-0.00019252366436708576,0.0005775709931012573,-0.002310283972404847
-0.00042122999157545246,0.001838094508692725,0.0014934517883127302
-0.0001910462968859526,0.0003820925937719052,0.0004457746927338291
0.0012059608924111062,-0.000803973928273962,0.0012346742469922958
0.0026842122491734367,-0.001702183377524573,-0.0015385118989165842
0.00029531192321891113,-0.0007382798080472778,0.0018456995201181247
-0.00017341842397340236,0.00010405105438412028,0.0
-0.00045068246201386287,0.0008369817151686548,0.0033157352562452665
-0.0031501787120614398,0.00012116071969473698,-0.0027261161931301185
-0.0011675849235596497,0.0020797606450906453,0.002773014193454194
2.8955293027539102e-05,0.0006080611535788149,0.002345378735232807
-0.0032917532917532523,-0.014957264957264977,-0.008864633864633846
0.0009901353184934608,-0.0040338846308996396,0.005024019949393101
-0.0008041229577103346,-0.0008772250447748539,0.0004751635659199982
-0.001700267184843364,-0.0029147437454456263,-0.010930289045421345
-0.00125659713495841,-0.003554374753168249,-0.006067569023085477
-0.0007272523845486585,-0.001622332242454712,-0.003524376940505135
0.0005332089179192356,0.0011663945079482213,0.0028659979338154884
0.00026245188382122646,-0.0014580660212294412,-0.0018080018663245204
-0.003808791669578698,0.0005590886854426171,0.007023551610874243
-0.0005094820266063029,0.005151429380130182,0.008321539767902626
0.003917576654944728,0.003146400148065833,0.012277129989512055
0.00046802393608125686,0.0035770400829070745,0.001103199277905874
0.003605677023398534,0.0025700038358266817,0.001994629842731257
9.524111876558847e-05,0.000952411187656787,0.0004127115146512443
0.0006704304869442404,0.0017642907551164433,0.002152434721242109
-0.002579176939123649,-0.0029205385928313364,-0.0017068082685377914
-0.0004439793232486169,-0.002854152792312743,-0.004883772555735146
0.0001237960830919591,-0.0008913317982619368,7.427764985523177e-05
2.729332132424713e-05,0.00016375992794563792,-0.00021834657059413218
-0.0006914433880725342,9.877762686756504e-05,-0.0010371650821089417
0.00035365226337434667,-0.0023148148148149023,-0.0017039609053498893
-0.001306076093128846,-0.0007950028392957771,-0.004287336740488333
-0.0001724931002759955,0.0024436522539099093,0.0057210211591536605
-0.0034013605442176267,-0.0023342670401493553,-0.003901560624249753
0.0002787240631775529,0.00018581604211830992,-0.004366676989780019
-0.00043368027755536246,-0.0019348812383239394,-0.0023352014945289185
0.000831687285580604,0.0016373843434868373,0.0016893647988357266
-7.119211191393518e-05,0.0007475171750969264,0.00028476844765594304
-0.00031884982173400285,0.003478361691643203,0.005652337748920226
-0.0003769427047088711,-0.003508466713059556,-0.00611807005335193
-0.010857279857519662,-0.005445764975853792,-0.0018152549919513289
-0.002186640332933641,0.0038442547788670907,0.0020808351555335223
-0.00022250034765674894,-0.00047281323877072985,8.343763037122157e-05
0.00030057108506155726,-0.00037571385632710673,-0.001953712052900656
-0.0011563491636637628,0.0005916205023395106,0.0005109449792932763
0.0008051529790658871,-0.00035006651263748065,-0.002730518798571832
-0.0010357882705908294,-0.0003571683691693076,-0.0019644260304307855
0.000686598839023689,0.0010923163348104546,0.00021846326696209093
0.0008486470607435157,0.0006528054313411516,-0.0016972941214870314
0.0006123257573029425,0.0009364982170514387,0.0007924215682744202
0.00042393608348278316,-0.0021522908853741016,-0.005413337681395625
-0.00028820104905188406,-0.003054931119949283,-0.004640036889734318
-0.0003034095649866914,-0.004664922061668063,-0.005233814996017732
-0.0005234949520129118,-0.0007977065935435453,0.0011965598903153887
-0.0009672555546071947,-0.0018207163380842262,-0.0014793320246934136
0.00013454875710573386,0.0019173197887584284,0.0048773924450872495
-0.0005969398975776735,-0.0025448490370416983,-0.002576266926387864
-0.0008376768428889979,-0.0034437825763217102,-0.00359890791759732
-0.0002104303300249089,0.0010872233717953293,0.0010872233717953293
-0.0010748734195117685,-0.0023760359799733406,-0.002347749837354635
-0.0026006912363548945,0.002053177291859035,0.00256647161482394
0.0004319071399649751,0.0014306924011338361,0.002645431232285108
0.0016449721069948377,0.001501931054212616,0.005578601058503799
0.000171556013038296,0.000857780065191285,0.0004803568365070728
-0.0004740164159369252,0.001995858593418685,0.0021205997555073792
0.0008219459570533549,0.0045207027637932575,-0.007329018117058756
0.0013974446725987027,0.0017681953000228284,0.0027948893451974054
0.0007344940152339004,-0.00046245919477697474,0.0007072905331882233
-0.0003962488442740315,-0.0018161405362566193,-0.0017500990622109785
0.0025366496458572945,-6.588700378863006e-05,-0.004513259759512451
-0.0008335069806209449,-0.0013023546572202543,-0.0007553657011878007
0.0015401056072414892,0.0002514458134271564,0.0038659793814431772
-0.0005762692329856181,0.0,0.0006915230795828072
-0.00037880995396000775,-0.0010781514074246882,0.01212191852672058
0.00031833954095445436,-0.002037373062108001,-0.001082354439244819
-0.0005700480469067551,-0.0007057737723607886,2.714514509077582e-05
-0.0003198771671678803,-0.0007357174844860155,-0.0013754718188215944
-9.463423866746385e-05,0.0014195135800132129,3.154474622248795e-05
-0.0006720951273104504,-0.0011890913790875955,-0.0011890913790875955
-0.0022810218978102513,-0.0045335310218979005,-0.004333941605839526
-0.0007555204505648218,-0.000721178611902811,-0.0010645969985233089
-0.000513750377757507,0.004714415231187677,0.00954971290420074
0.0006623806740698069,-3.896356906289073e-05,-0.002220923436586765
0.0001072386058980258,0.0011796246648792996,0.0006434316353887644
0.0012340600575894097,0.002281141318574312,0.00041135335252966154
2.800806632307558e-05,-0.0008122339233699878,0.0027447904996637947
-0.0009323614171893092,0.004294513194326671,0.0028535910041249672
0.0014027834176233728,-0.0016981062423861329,-0.00741998597216579
-0.0013489372561887219,-0.0004739509278500691,-0.0032447409675892052
0.000982414775518261,0.0029144971673706857,0.002128565346956077
0.00155960973486637,-0.006855028834645049,-0.00943019839686615
0.00037821482602116676,0.0010182706854415392,-0.0004654951704876789
0.0022743314249862876,0.0016469296525764053,-0.0020913392413665715
-0.0005081139445519648,-0.0025405697227603653,-0.00603385309155571
0.004014989293361928,0.0017207096971552673,-0.0008794738452124556
0.004324646758378884,-0.0005965030011558178,0.0019759161913282357
-0.0007914970601536995,-0.001809136137494415,-0.0015076134479118698
-0.0010862923484282476,-0.0037680765836104178,-0.0057369814651367975
-0.0010016312279999505,-0.0016884640700570409,0.00040065249119991515
-0.004105751889796988,-0.004067380376808266,-0.000575572694831488
0.0006299525877789123,-0.0008951957826333299,-0.00328238453632177
0.0004975906138696778,0.001099937146448816,0.0006023465325791384
-0.002459638380825281,-0.0007326582410969713,7.849909726031011e-05
-0.00036847115177942257,-0.0014738846071176903,0.002425768415880995
-0.0015345800712670216,-0.0018206882201473337,-0.003485317449996181
8.694644099226963e-05,0.0005216786459541121,0.00026083932297697363
-0.0010424564063684107,-0.0004422542330047585,3.158958807174281e-05
-0.0010943736320330624,-0.0002896871378911801,-0.0058259302175872356
-0.0004916049009226873,-0.002193314173347391,0.001285735894720825
-0.001071811361200542,-3.827897718569478e-05,0.0014928801102434021
0.0003821169277798634,0.0008188219880998182,-0.0010098804519897498
0.0010284417334561445,0.0002482445563514901,0.0015603943542095101
0.0001577535888941832,0.0010411736867013224,0.0007887679444707368
-0.00035489595095987626,0.0007420551701887989,-0.0006452653653814765
-0.0008447567484545839,-0.005682909035057475,-0.00825557731444163
-0.00047813844764385815,0.0011422196249269692,0.0010890931307443686
-0.001051753527001126,-0.005911580169005895,-0.005295034998005426
0.0001302999504859003,-0.00010423996038886837,0.0001563599405832285
0.0009134088417975887,0.00014614541468768895,0.001096090610157148
-0.0009691264017720225,-0.00013844662882446222,-0.0008306797729474029
-0.004521051144390975,-0.0018931901667136454,0.0016106244701894605
0.002343829613777634,0.0036686028737390568,0.003770508509120601
-0.0006454215409439534,-0.0005109587199139376,0.00018824794944196093
0.0004927052254126593,2.7372512522899587e-05,-0.0006021952755042577
0.002394534826396249,0.00376787097682933,0.004542573420663299
-0.0010756792393906876,0.001145077899996475,0.007564454006037708
0.0005073566717401839,0.0007610350076102759,0.0015945495397550109
0.0037217371837922095,0.0033299753749720107,0.004477277815088331
-0.0023426282777903895,-0.003022746164890846,-0.0038540013602359198
-0.00195801779492645,-0.0039160355898529,-0.0034841198997956646
0.0005118477704513772,0.0006623912323488612,-0.0003311956161744306
-0.0006363443532013561,-0.00209084573194751,-0.002272658404290779
-0.001593099160708832,-0.00132110662107566,-0.003302766552688929
0.0020182004990459833,-0.003155731689417132,-0.005173932188463116
0.001083990580495722,0.0,-0.0004859268119463068
0.0,0.001580999894599967,0.00031619997892011324
-2.7431079412949953e-05,0.0012343985735838393,0.0010423810176930337
0.0030901867096003476,0.004985847464229183,0.003921161286972001
0.001954761239877137,0.0037349902261937765,0.003106674113376104
-0.0003935251987303148,0.0007083453577143579,0.0010231655166985502
2.7341079972634053e-05,-0.0003007518796992854,0.0007108680792891071
-0.0005093897510783241,-0.0009169015519409061,-0.0009508608686794224
-0.0004073043242142575,-0.0014255651347499013,-0.0037336229719639627
0.008995247793618485,0.00806177868296001,0.010749038243946627
-0.005817459472881569,-0.0004966123940266156,-0.0032634528750310945
5.5688589408137924e-05,-0.0013365261457926195,-0.005819457593139096
0.0016699410609038892,0.0014734774066799132,0.002292075965946449
-0.0010153020523604784,-0.003662339546014907,-0.0011966059902820513
-0.0014329151085169965,0.0004892880858350622,0.004473491070492537
-0.0013736713000818183,-0.0018642681929680889,-0.005723630417007359
-0.0030953708867819674,-0.0016174010039041854,-0.005911879531511446
0.0007209062821832458,0.0007895640233434993,0.007346378304153746
-0.00047989959023956387,0.0013289527114327352,0.001993429067149103
-0.000546219837419323,-0.000546219837419323,0.0010603090961667707
0.0005631563255706625,0.0026170205717693726,0.0006294100109318505
0.0009390931043733991,-0.0018111081298632292,-0.003353903944191038
-0.0004165364990105443,-0.00045124787392827057,0.00024297962442309704
0.00016133195663400673,-0.00022586473928753605,0.01864997418688685
-0.0002646727982531069,0.0010256070932310008,0.004102428372924003
-0.0007898080423061068,-0.0016139555647126489,0.00024037636070187556
-0.0018652739287997992,-0.001332338520571307,-0.004529950969942413
0.0011743758760463137,0.0021972193809902036,0.002879115050952725
0.0003328156201464515,0.0031617483913911316,0.002163301530951777
-0.0004892538878210252,0.0012930281320985657,-0.002481216145378227
0.000480375257848529,-0.001949758399502664,0.0013280963011105917
-0.0009316770186334955,-0.00022586109542626788,5.6465273856687336e-05
-0.0008734116586369208,0.0005634913926689449,0.0024230129884766395
-0.0009355752488370634,-0.0009615634501936238,-0.0007016814366278715
0.0025099157164103414,-0.0008986117997025918,-0.0003408527516113462
0.0018163242138722452,0.0020055246528173066,0.0013244030726152147
0.0011209191537059752,-0.00022418383074132247,0.002073700434356038
0.00031411519460868,0.0029412604586082683,0.0014563522659127642
-0.008185328185328114,-0.008525096525096497,-0.01448648648648648
-0.000568589897055296,-0.001107254010055077,0.0006882930332773561
-0.0016560620587466027,-0.0013364711351287939,0.0016560620587466027
-0.0011351495726494893,0.0012353098290598444,0.0037393162393162547
-0.0005354342754428546,-0.0003442077484989935,-0.001606302826328129
-0.0009289980092898896,-0.001592568015925552,-0.001260783012607815
-0.000197249774571667,5.635707844900194e-05,-0.0014934625788998329
-0.0008064015879907911,-0.0031015445691954593,-0.004776378636561071
0.00023534949399859682,0.0007060484819957904,0.000588373734996492
0.0012550713639415277,0.0012550713639415277,-0.0011383205393887695
0.0013834202405022394,0.0007803909048986216,0.0011705863573480333
7.515971439301694e-05,-0.0009770762871102884,-0.001841413002630624
0.002710027100271017,-0.003177273152041809,-0.001650936049590296
-0.00152832967460475,-8.336343679670313e-05,0.0009169978047627868
-0.001460946408209693,-0.0013540478905359017,-0.004311573546180087
0.0008867213478162721,-0.0025123771521466296,-0.0020320697554127368
-0.0006928139794465448,-0.0017320349486162527,-0.0031561525730341143
0.0001364163426777287,0.0036832412523019713,0.004842780165063634
-0.001371219623676444,-0.0021710977374875947,-0.0007236992458291982
0.00031819772806829396,0.0006045756833296138,-6.363954561358645e-05
-0.0014318010550112867,0.0009419743782969104,0.002373775433308197
0.000638501649462417,-0.0002128338831542062,-0.006881628888652398
-9.747855471787339e-05,-0.0004873927735897364,-0.004354042110735557
-0.0009562649416398027,0.00019687807621992175,0.0012656447756995883
-0.010666139943706467,-0.01380178756604606,-0.014517801590044925
0.0014256748194144868,0.0004435432771511417,-0.002059308072487572
0.0001946878041996751,0.0011681268251982086,0.002141565846196584
0.0004234746091682413,-0.002434979002717287,-0.00017644775382013399
-0.0003465260760871918,0.00022276676319900953,-0.0008663151902179795
0.0005080494078048079,-0.001714666751341633,-0.0008890864636586847
-0.0012649332396346227,0.0011595221363316377,0.0032677442023891423
-0.0005765461044702852,-0.001768074720375279,0.004458623207902403
0.0006899363376923839,0.0022579734688116487,0.0038887320851758054
-0.0014869605002287114,-0.0028214122312031123,-0.004994662193075894
-0.0005120327700973662,-0.002528161802355416,-0.004544290834613466
0.0006457945856581938,-0.0007749535027898619,-0.00025831783426333624
0.001008026880716751,0.001232032854209386,0.002053388090348906
5.798446016462313e-05,-0.001246665893540551,-0.006494259538443723
0.0009010882373327472,0.0010743744368198595,0.003015179871075083
0.0001968448581310795,0.002952672871966512,0.0036556902224347213
0.0005032322997715924,0.006116207951070495,0.004490380521039079
-0.00025232499459301125,-0.005370917742051795,-0.008290678393771218
0.0006663334999167335,0.0017768893331111843,-0.0100782941862402
-0.00033371339581175145,0.002808754414750265,0.005450652131594417
0.0005274857767227548,0.00045213066576220824,-0.0032779473267774556
-0.001098931289321229,-8.241984669916634e-05,-0.00032967938679635307
-0.0010491606714627276,-0.008243405275779334,-0.012177757793764989
0.0012940134849826173,-0.0004767418102569066,0.0038479874685009717
0.0006722312475491825,0.00028009635314554576,0.0025488768136239567
0.0019762183888795007,0.0002344665885111143,-0.00113883771562563
7.710100231317909e-05,0.0006939090208172969,-0.005011565150346779
-3.3886818027948995e-05,-0.00040664181633346167,0.002100982717722821
0.00022639800769751021,0.0038164235583298517,0.004172191856140303
-6.848845969447919e-05,0.0001712211492363926,-0.0002397096089308718
0.0002039567611666404,0.0002719423482221228,-6.798558705548239e-05
-0.0022474014420826773,-0.0022161875331647143,-0.0009988450853700196
0.001509175098610865,0.0005144915108899923,0.0035328417081117226
0.003252278485799696,0.0032144612941041708,0.008697954089929325
0.0012175906030653738,0.00168313995129627,-0.001754762927947318
-0.000509453186912733,0.0007358768255405607,0.002207630476621843
-0.00032925423914834155,0.001344454809855702,0.0005761949185096757
-0.0001735327803422461,-0.0011800229063269184,-0.0018394474716272957
-0.0008080098366413538,-0.0026348146847005095,0.00021078517477604876
-0.0012869588173179884,-9.899683210147029e-05,0.0005609820485743105
-0.001116655616428772,-0.0013958195205359153,0.0006979097602679577
0.001798363122545426,0.002936103057217141,0.0012111425111020811
3.2422267613367395e-05,-0.0013617352397627205,-0.0026262036766851547
0.0009457316903564069,0.0019749102945677073,0.0003337876554198897
0.0007144315166359785,0.0023814383887867884,0.0021773150983193383
0.001022325375773664,-0.002044650751547328,-0.000718390804597676
-0.004598204510619571,-0.0010635302949731772,0.0015327348368732493
0.00015671934177877045,0.0004440381350397259,0.0013843541857123487
0.00014176353841778997,-0.001169549191947976,-0.00591862772894817
0.000520405368392215,-0.000520405368392215,-0.0007395234182416834
0.003132365711450164,0.0017367572261506087,-0.004372906587272128
-0.0008108012831812253,-0.003313709592131694,0.0005992879049598444
-0.0024474946254341295,-0.005358028774598989,-0.010484537787332613
-0.002283023579352857,-0.01601683729889776,-0.013163057824706588
-0.0004179400778412564,-0.0001306062743254483,-0.0031606718386750767
0.00020754423286473546,-0.00031131634929695574,-5.188605821611013e-05
0.0020492420817888883,0.004008076424675409,0.0009342133019919907
-0.0013969732246797242,0.0013304506901714091,0.00029935140528864737
0.0013531799729362955,-0.0002970395062544369,-0.0017162282583583015
0.0013721552878178318,-0.0009036144578314547,0.0004350736278446969
0.00024649623212899915,-0.00753574195365886,-0.011374040425382132
-0.0014019699475159477,-0.0029836796318929615,-0.00542814005320293
-0.00041252578286126687,0.0005625351584475309,0.0022501406337896972
-0.0003548364204100699,-0.0009580583351074509,-0.005570931800439973
0.0009565977916257318,0.0013119055428009682,0.0012845741773259737
-0.0002464808018841403,-0.00021909404611925314,-0.0007942159171823509
-0.008102166341427198,-0.013042511671565775,-0.016278437862806548
3.8686216101167954e-05,-0.0003481759449109514,-0.002553290262679504
0.000971869769450777,2.699638248472249e-05,0.001538793801630563
0.0006217616580311117,0.003385146804835987,0.004317789291882556
0.0012342969992868195,0.0015085852213506264,0.002139448132097289
0.005398765996343816,0.007855347349177332,0.01422531992687391
-0.00023332987659450334,0.0011925749248158754,0.0012185004666596766
0.0007060152499295591,-0.0006001129624398443,0.0020121434622989622
-0.00027480076944206075,0.0004122011541633254,0.0005496015388844339
-0.00029129041654523774,-0.001128750364113029,-0.0012015729682492867
0.0017907965846950924,0.0013430974385213647,0.0021745387099869106
0.0004615677011213812,-0.0002715104124243782,-0.0005158697836061951
0.003124540508748588,0.0038597265108070667,0.005513895015438906
0.004124432016777175,0.0038797623208666784,0.005662355819643497
-0.0014072510461800374,0.0002221975336073854,-0.0005184609117504957
0.001754627399710971,3.4404458817831504e-05,-0.0007224936351752438
-0.000596707260842362,-0.0024410751579917473,-0.0025766904445468784
0.00038223864432695596,0.0014652481365865437,0.00025482576288457694
-0.001712450945415691,-0.0013556903317873544,-0.0018551551908670661
0.0008644247392783511,0.0008923094082873046,0.0025932742178350534
0.001708804225406803,0.002097168822090037,0.0038836459668336633
-0.00023051212109570968,-0.0004226055553421708,0.001075723231779833
0.0011051203911455882,0.0005023274505206699,0.0011051203911455882
-0.0007863953602674042,-0.0026868508142468403,-0.0022936531341131382
-3.0301193867010803e-05,-0.002121083570692651,-0.0026059026725651683
0.0003197953309880787,-0.0005685250328679424,-0.0011370500657356826
0.0001242081728976637,0.0013352378586511204,0.001242081728977696
0.00282572170459756,0.004849549411944333,0.006262410264243113
0.0007802920521681796,-0.0003344108795004674,-0.0011983056515437243
0.0013549718227450426,-0.0006466910972193402,-0.0019400732916576707
-0.0006921675774134708,-0.0013479052823315283,-0.0012750455373407021
-0.003590606197839211,-0.0030406935369088365,-9.704341075232165e-05
-0.0003464541747727939,0.0009327612397728483,0.0014657676625002118
0.00218054949847373,0.001979268006306927,0.0037572545204468603
-0.0015197568389056528,-0.01868034447821675,-0.01991514690982765
-0.002401921537229776,-0.0037943398196817455,-0.003306993420823576
0.0009373535385096434,0.0008592407436337657,0.003228662188199784
0.0007505360972122213,0.0025732666190134753,0.005646890636168635
-0.0007233410743518396,-0.0015228233144250736,-0.0015228233144250736
-0.00029861280777482865,-0.0023074626055325427,-0.001493064038873989
-0.0007109379114223546,-0.002185475801779936,-0.001395544789088348
-7.166403898517203e-05,-0.002472409344990676,-0.004586498495055084
0.0001827752595409101,-0.0009138762977043427,-0.002631963737388607
-0.0019693881076598596,-0.0013820267422175797,-0.0020730401133262715
0.0015822784810127183,0.0010841537740272052,0.0017580872011252425
-0.0006925927208504645,0.00024240745229765274,0.0003809259964678244
0.00016671668167101637,0.00036677669967642555,-0.0001667166816712059
0.0022833081279838145,0.0025205349464755976,0.0035287489250659717
6.227813414722131e-05,-0.0005293641402502306,-0.00015569533536778779
0.0010528460806955653,0.002988724358103503,0.0022755060453743237
-0.0011948271014899318,0.00028113578858583103,-0.00017570986786621931
0.0004658746797111754,0.003610528767761499,0.0017470300489167974
0.0009998889012333395,0.0005184609117507063,-0.0008517572121614686
7.249003262065479e-05,0.0008698803914462092,-0.00028996013048200104
0.0008472643138788115,0.0030957734545572673,0.0038126894124548374
-0.0015849056603774185,-0.005773584905660274,-0.0017358490566036964
-0.0010689851767389231,-0.0037414481185861297,-0.005095496009122031
0.00042356565267621737,0.0,0.0094339622641509
0.00036920804873542644,0.001846040243677282,0.0030064083968458725
0.0003311173938513931,0.001095234456585433,0.0011971167316165417
0.0006459739672490831,0.001227350537773313,0.0026161945673589425
3.305238803500547e-05,-0.0022145099983474333,-0.0007602049248058773
-0.0006302405874938845,-0.00230174823258611,-0.0007946511755357606
-0.0006577504933128949,-0.0014251260688445018,-0.0009318131988598306
-0.0025800523079098684,-0.0030395136778115983,-0.005407506891920452
-8.48152441264672e-05,-0.0012722286618981331,8.481524412662791e-05
0.00027726752850670963,0.0003119259695699991,0.002738016844002428
-0.0007126258714175622,0.0010224632068163721,0.0013632842757552214
-0.00046535818893546826,-0.0010128384112124073,-0.0014234485779200728
-0.00044959272188727366,-0.0014281180577594955,0.00021157304559394922
0.0001765287388787296,0.0003177517299815527,0.0012357011721507057
-0.0015551523679046763,0.0011478505572629402,0.005183841226348851
0.0007061466859251178,0.00022468303643072757,0.0012197079120526255
0.0007278020378456805,-0.0005878401074908644,-0.0007837868099877661
0.0035270235980715205,0.0044151230652117535,0.005988327835574617
-0.005570936592612715,-0.002498480653656591,0.005537173340536114
-0.0017607531711524276,-0.0046713859642819044,-0.003054367745876685
0.0007524711837738839,-0.00010260970687837179,0.0009234873619043739
0.0005807200929151583,-0.0002488800398208944,0.003152480504396843
-0.0003365957226452599,0.002278494122520831,-0.0014499508052405422
0.0003433672885428827,-0.001602380679867292,-0.00038151920949228466
-0.0006090133982947855,-0.00035525781567191016,-0.0011672756800649095
-0.00037915889917534377,0.0004107554741065925,-0.0013902492969762007
-0.0017610155189493276,0.004292475327438881,0.0011006346993433296
0.0011700598402033322,0.005415705546083658,0.004847390766556309
0.0004443950672147708,0.0016294485797876332,0.0036292263822538915
0.0007623810685533056,0.0014332764088801245,0.0010063430104903148
0.00042870157011941525,-0.0010985477734312872,-0.000803815443974094
0.0008720828827571772,-0.0015348658736526238,-0.0020232322879967938
0.0017960649848966395,0.00046262279913995445,0.00019049174082236148
-0.002489844057135339,-0.0006552221202987441,0.001736338618791681
0.0007211290821058219,-0.00206036880601616,0.003708663850829439
-0.0007300723435321247,0.0019247361784032687,-0.0010951085152982813
0.0009622985187475434,-0.00044678145513301124,-0.0013059765611576873
0.00024593523705432937,0.00013663068725238794,-0.0002732613745046206
0.0021785726835096266,0.0015109455708212055,0.004146315752486057
-0.0023034942235453755,-0.00368559075767248,-0.0006024523353888153
-0.0013247273034753722,-0.005439837650441125,-0.007412835762000043
-0.0032148722787155044,-0.006534577349128156,0.0015026033476605053
-0.0017836929304016118,-0.005385380578328108,-0.0019552018660171965
0.0006871081336423953,0.0002576655501158779,0.00011451802227365118
0.001684549749148495,-0.00010986194016176334,-0.003735305965503284
-0.0009954871250332205,0.0007632067958586453,0.0008627555083620616
-0.0014050644768476245,-0.0012489462016422933,-0.0014362881318886551
0.0007407133069145166,-0.0005555349801858348,-0.000148142661382777
-0.0048464401424478595,-0.004873216054837202,-0.003132781749538158
0.0006952321709539234,0.003366387354092572,0.012331223242709227
0.0001409761186455335,0.0008176614881438058,-0.0022556178983280553
0.0014976838145658695,-0.0004179582738323449,0.006791821949775308
-0.0016823456705349486,-0.0022316830323421593,-0.0030900226601660967
-0.0010266320429978618,-0.0008756567425569795,-0.004951989854459769
0.0024922824209126634,0.0040499589339828565,0.00014160695573369784
0.0,0.0,-0.004966887417218621
0.003699849693606118,-0.0014645238370526545,-0.00023124060585039607
0.0008119519324454761,-0.0007848868680308013,0.00035184583739308065
8.283860278898126e-05,-0.00011045147038509905,0.0023194808780892776
-3.320935175342357e-05,0.000929861849096615,0.0006973963868224613
0.0011598481653312279,0.0009138197666244584,-0.0005974975397158691
0.0001852469341630711,-3.704938683282482e-05,0.0010373828313140405
-0.00014337945372435465,-0.0005376729514661771,0.0009319664492077959
0.0027337726061966547,0.00651899621477644,0.005432496845647033
-0.0009512127963152906,0.00042554256677267496,-0.0021277128338632323
-0.0014626501828311305,0.0004179000522375224,6.965000870638571e-05
-0.0005147342684338187,-0.0033457727448203698,-0.0001930253506627277
0.0012606555408811353,0.0024912954736462482,0.001560811622043408
-0.005491488193300246,-0.008847397644761662,-0.009549087802794544
-0.000938121505497392,-0.004728132387706822,-0.0030395136778115584
0.0005130485343912757,-0.0012997229537914132,0.002736258850087257
-0.00031016167177134915,0.0033342379715427194,0.002520063583142625
0.0007297748123437462,0.0014595496246872948,-3.475118154014076e-05
0.00022906508720851477,0.00022906508720851477,-0.0015052848587976688
-0.001051089310740171,-0.0012421964581474914,0.00019110714740732028
-0.002427615607792034,0.00011842027355089249,0.0025164308129552453
-0.0019623784026239484,-0.005214319755543598,-0.00389672282806758
0.003969805419385863,-0.00018044570088118336,0.0013834170400891293
-0.000717776942270156,-0.002119150972416873,-0.0031445466042315205
0.00040153923372931083,0.00522001003848085,0.004115777145725151
0.004628501827040139,0.015625543761962596,0.01663476596485113
-0.0014089919303189374,0.0004803381580633858,0.0013769693864480815
-0.00030638961617725143,0.0003620968191186994,-0.0016990696897107593
-0.0012487425855909453,-0.0006937458808839899,-0.002289361406916733
-0.0015866573189181462,-0.0014759602966679358,-0.0011807682373343906
-0.0010344623751255126,0.000857125967961283,-0.001330023053732898
0.0016058202792161274,0.001343645539752327,0.0004588057940616975
0.0005431535495084151,0.0014665145836727054,0.001330726196295563
0.0006881564650488871,0.0004346251358203714,0.0012676566461425783
0.0006740815638692538,0.005804591244429508,0.0054675504624949875
-0.0014532369122176255,-0.006158956437493418,-0.010830075083907115
-0.0012133579681769234,0.0008824421586741118,0.0021785290792268163
0.0031589465880152187,0.000483512232859418,0.008413112851755009
0.0011692145801057473,0.0030984186372804133,0.002630732805238015
-0.00019940179461615912,-0.0034562977733465063,-0.0022931206380857353
0.001488478603120028,0.0030628309718047607,0.003978817804494021
-0.0003935071323168347,0.0007624200688637537,0.0004181013280864709
-0.00041925791349313305,-0.004856404164628758,-0.0043672699322199705
0.0006891298828479118,0.001196909796525483,0.0054042290812810895
0.0005964075217511895,-0.0002806623631772415,0.0038240246982878716
-0.0006268436578171679,0.0011799410029498273,0.0029498525073746733
0.00043855802122630795,0.0007016928339619598,0.00032160921556592594
-0.000708320906650752,-0.0005592007157770434,0.000932001192961527
0.0014974751871844223,0.003099425387428324,0.0010795751349469
0.0005672609400325132,0.0009184224743382816,0.006537007023230729
-0.004142032782242418,0.007399015824689258,0.010124969023258953
0.000155927182006083,7.796359100315229e-05,0.0026507620941020812
-0.0006022826512481965,0.0009034239768723805,0.0007528533140602885
0.0,-0.0006561895075299237,0.000885855835165136
-0.0009676795045479471,0.004193277853041777,0.014386168634281778
0.00010249051962698695,0.0003587168186943815,2.5622629906855974e-05
-0.0008223007976318049,0.0007674807444564032,0.0006852506646931448
-0.00011193507765501738,0.0002238701553098757,-0.0009234643906535355
-0.0006510247128981016,-0.00046873779328665094,-2.6040988515900383e-05
-0.00028868360277126414,-0.0021073903002308356,-0.0010969976905311647
0.00046098123147838774,0.003226868620349089,0.0031610141587093727
0.00046786057754790843,0.0016635042757257982,0.005042497335793927
0.00047952160667949885,0.001438564820038336,0.002736093873406373
-0.0005126233499936723,-0.0007048571062412767,-0.0002883506343714976
0.0011430437622469408,0.001959503592423327,0.002367733507511443
-0.0018373381563459546,-0.0024976315562828485,-0.002325381104125405
0.0008179122789081181,0.0015335855229526246,0.00027263742630264146
-0.0017209468454720573,-0.0006169432087542766,-0.0005520018183589827
0.0005099986578982626,-0.0010468393504227255,-0.003918937055428899
-0.0003523321679270734,0.0011112014526925445,0.0017345583651787037
0.0009915898490579227,0.002680965147452941,0.0012119431488485954
0.0003963647688345268,-0.001443900229325305,-0.00212338269018431
-0.0014055853523210484,-0.0018124653227298282,-0.0045496578509340415
0.0007564545305047241,-0.00029600394671939426,-0.00036178260154584325
-0.00043870873395952077,-0.0011333308960623898,-0.004935473257046635
0.0005120491567189432,0.001152110602617713,0.0007040675904885922
0.0012330931370659827,0.0008092173711997087,0.0008092173711997087
0.003062896217679371,0.0059121020015671525,0.011254362846356667
-2.9065542798985335e-05,0.00040691759918612516,0.0023252434239209746
0.0009867122747005477,3.2890409156659995e-05,0.0005920273648204407
-0.0004951352957195272,0.00042086500136166146,-0.0001732973535018275
0.00013103154584472916,0.001277557571985597,0.0031119992138108742
-0.0003589375448672747,0.0016870064608757013,0.0031227566403445963
0.0007911131621452652,0.0014174110821769022,0.00405445495599439
-0.0005029515313550513,-0.005029515313550513,-0.007067792572199908
-0.0012271659478979206,0.0027698888538270766,0.004207426107079154
8.710042679201207e-05,0.0012194059750893242,0.0016549081090497144
-0.0006555534744333507,-0.00031216832115866236,-0.0014671911094461213
-0.0004274363874082669,-0.0008045861410038469,0.00017600321834454686
-0.001053549371503174,-0.001344183680883545,-0.002579379495749399
0.000762371971228805,0.002121382876462549,0.003281514137028105
0.0015652300524168243,0.001201223063482761,0.0014560279557366673
-0.0006347783876629548,-0.0011201971546992695,-0.0012322168701690904
-0.0022236340533672012,-0.0003882535648736893,-0.0007765071297471779
-7.607841148269906e-05,-0.00040575152790801655,-0.0005325488803793258
0.0015779225139326207,6.714563889069298e-05,-0.009400389444705604
-0.0006536953010844263,0.0013842959317081197,0.0018841805737137933
0.0011713679678348832,-0.0027542976540982193,-0.0032291765599771483
6.687844841993583e-05,0.0002675137936799334,0.0038455107841497316
-0.00039459962231191184,5.6371374615918736e-05,-0.002790383043490541
0.0008615045315138358,0.001481787794203821,0.001550708156724865
-5.246314464099116e-05,0.0017575153454697,0.0007869471696132273
0.0009575268449489525,0.000512960809794054,0.001162711168866613
0.0020850708924103852,0.004208052164682743,0.0003791037986201484
0.0008023925888101628,0.002042453862426152,0.004704938361660298
0.00017958695001497237,0.0006285543250523182,0.0014666267584554091
-0.001426628180883205,0.0018247569755481055,0.0003981287946649006
0.0007922360863537165,0.0014111705288175707,0.0012873836403247717
-0.00017034033999916372,-0.0005110210199978785,0.0014989949919941902
-0.0026763013515322203,-0.0008697979392479288,-0.0004014452027298426
0.0004686035613870209,-0.0009706788057302304,-6.69433659123772e-05
-3.160955873053137e-05,0.0018017448476419053,0.00031609558730549337
0.0006186953597848505,0.0015063887020847404,0.0010759919300604634
-0.011871072071740827,-0.01852328273732943,-0.021169465985519467
-0.003212432387907963,0.00400867631311616,-0.0026083852722330212
0.014652301665034315,0.00834476003917726,0.009089128305582735
-0.0006666222251849499,-0.0005332977801478841,-0.0035330977934804426
0.0007653712050345513,0.003996938515179934,0.000963800776710128
-0.0023592270062103415,-0.00648787426707839,-0.004961315616001134
0.0002920390164124931,-0.0006424858361077836,-8.761170492386414e-05
0.0001620132850893835,-0.01331209159151037,-0.018118485715828643
0.0007762719539412268,0.0010997186014166153,0.0026846071740465895
0.0094592359847857,0.006449479080535765,0.004795766495782995
-0.0007613454060961273,-0.001142018109144191,0.0020665089594039507
0.0022392716860612926,-0.0002202562314158888,-0.0012114092727874928
0.0004350348027841568,-0.0007540603248259597,-0.001566125290023261
-7.89349050150754e-05,0.0005788559701099048,0.0009472188601800075
-0.00033442019898003106,-0.0016442326449850207,-0.004681882785720277
0.00013853101709475902,-0.0003047682376084383,0.0025212645111239522
0.0002613988573135411,0.00014937077560761648,0.002987415512154877
0.0007627488013946664,0.0006174633154148478,0.002578817376144049
-0.0008965393580777323,-0.00033300033300032134,-0.0013063859217705138
-0.00016566714157917686,-0.0006626685663165191,0.00023193399821077226
-0.00015546457998653229,-0.001347359693216515,-0.006218583199460997
-0.0010027132240178571,0.0027132240179309187,-0.003037631237466004
-0.002055674518201363,-0.003026409707351898,-0.01182012847965735
-0.0008706307235908094,-0.001837998194247366,-0.0033857861472978566
-0.002137622149837311,-0.0035287730727470833,-0.007430781758957839
0.0006042793968193679,0.0012634932842584656,0.0010162880764688234
0.0,-0.00021217907914290507,0.0008221939316783425
-0.0015270506108203022,-0.0029813845258871187,-0.004617510180337545
-0.002181104365843782,0.004434912210549374,0.00650696135810106
-0.0007904617614123217,-0.0003293590672551964,0.0037546933667083407
-0.0004774789113480098,-6.366385484635305e-05,-0.0005729746936175393
-0.0003891158731483454,-0.0016398454654104667,-0.0029739570304899887
-0.0004754508859235922,-0.0006973279660211965,0.0005705410631082025
0.00012903642052957713,0.0012258459950320831,0.002516210200328955
3.424774821052401e-05,3.424774821052401e-05,-0.0016096441658961858
0.0012792535179472942,0.00022575062081421583,-0.006057641658514399
0.0,0.002022991458480494,0.0008027743882859161
0.000723971820789104,0.001280873221396095,-0.0038983098042490944
-0.0009090578524417294,0.001890840333078731,0.00025453619868365945
0.0009051412020275163,0.002715423606082549,0.0011223750905141284
-0.0015761234071092235,0.008215962441314516,0.0055331991951711405
0.0007600159241430985,-0.00018095617241508223,-0.001013354565524337
0.00024905911002871096,0.002213858755811411,0.003486827540402897
0.001991611092670343,0.0035305833006427953,0.0049790277316757725
0.0010649045681675076,-0.0022936406083609528,-0.0004095786800645335
-0.0020525451559932624,-0.0013061650992684203,-0.0011195700850871568
-0.0014225762856534393,0.0007468525499679192,0.003556440714133295
-0.000730841511797799,0.001914108721375414,0.0011832672095776148
0.00047914137864938755,-0.0010541110330287615,0.0006388551715325772
-0.00021498771498786861,0.0015970515970515412,0.0034090909090907762
0.0009135959691039588,0.002519310096619764,0.0004706403477202069
-2.6803184218260757e-05,0.0,0.001045324184513236
-0.003287286695722783,-0.0022900199453350246,-0.004986333751939214
0.0013912075681692896,0.00048692264885936005,-0.0002434613244295812
0.00100465116279063,-7.441860465109511e-05,-0.0004837209302325412
-0.0005393401015228932,-0.0009200507614212045,-0.0010152284263959175
-0.0015189468635079496,-0.0016788360070351103,-0.003544209348185216
0.0003196624364671634,-0.00044752741105388345,0.001342582233161832
0.0028915029243610844,0.004468686337648728,0.004665834264309707
0.0006295768580801144,0.00013254249643779986,0.002584578680539357
-0.00455387707672512,-0.004459658930310027,-0.0038943500518200088
0.001118050736371426,0.004472202945485485,-0.0005397486313516322
-0.0006737976922429296,-2.80749038434288e-05,-0.004435834807265741
-0.003394075196889411,-0.006755198207401098,-0.021023494908887375
-0.00010900766687247091,0.0010537407797682515,0.0007267177791506322
-0.0004026112213500221,0.003652258936531164,0.004975124378109342
-0.0005895494600968032,-0.00043440486533444944,0.0014583591907658786
0.004021302032387834,0.005144368365757403,0.004637177118429264
0.0007289641766177325,-0.006595390169397311,-0.0060399888919744835
0.0014295212765957673,-3.3244680851033595e-05,0.004122340425531945
0.0003416891870904036,-0.0012425061348741468,0.00043487714720587197
-0.00019515459031473745,-0.0011151690875128308,-0.0016448744040814492
-0.0036795387299902406,-0.007207343904104306,-0.007093543737197498
-0.0005855607605401485,-0.00034444750619993766,0.0011022320198401528
-0.0013289919595987577,-0.003920526280816024,-0.0054820918333445216
-0.003639827193251182,-0.014763411232438791,-0.014185120930707267
2.640124613879374e-05,-0.0021385009372442442,-0.00063362990733165
-0.0006611570247934135,-0.0030303030303030928,-0.0011294765840221075
-0.0002331908278274476,-0.0003497862417412819,0.0070734551107656165
0.0009487666034155265,0.002189461392497321,0.0040505035761201165
0.0008255287654073944,-0.0002846650915198916,0.003472914116541804
-0.00013802146233746407,-3.4505365584316986e-05,-0.002208343397398248
0.0018271585740386829,0.003965322862807533,0.001477277144967521
0.0021043771043770306,-0.0008741258741258153,-0.0014245014245014172
0.0008864757050251902,5.540473156402518e-05,-0.0008033686076791525
-0.0006449012494960427,-0.00040306328093504573,-0.004218729007120767
-9.986268880294711e-05,0.0016227686930470034,0.0021470478092622983
3.480318797198659e-05,0.0013573243309088618,0.0004176382556642347
0.0011736768840243657,0.0021289952779975784,0.0025111226355870185
0.0396578259780237,0.03532696231074844,0.03976520276316266
0.0002439421044071529,0.0,0.0012197105220360727
-0.0009295920123944976,0.00230676536409026,0.0015493200206575612
-0.00010870746820317264,0.001159546327499341,0.00043482987281207264
-0.0022142857142857307,-0.0034642857142858116,-0.0027142857142856817
0.0016157264036623744,0.006328261747677378,0.004779857277501064
0.003889451049835625,0.004774854540855018,0.0006324310650138776
-0.00013643960841839363,3.4109902104549936e-05,-0.002148923832588585
0.0012191067272525704,-0.004017510805718687,-0.005319738446193106
0.00103900480188707,0.0016006290191232853,0.00016848726517088055
-0.0016799137477119552,-0.0020058671614472615,-0.001303813654940656
0.0005450814415801459,-6.412722842112932e-05,6.412722842112932e-05
-7.723399325497402e-05,0.0006178719460392068,-0.0007723399325490084
-0.0043853237830726085,-0.0031428153778687825,-0.0019003069726647487
0.0011076650420912086,0.0004707576428888345,0.00011076650420918382
0.0005304046675611242,0.000561604942123512,0.0005304046675611242
0.0008475533958639716,0.0010453158548988715,0.0
0.0014199639252408358,0.00237939900986301,0.0037226081283341416
-0.01326602159584916,-0.012480717991866466,-0.0048240078530361165
0.00211275044895935,0.004718476002676063,0.0011268002394450268
0.0010280309780001762,0.0045918717017340545,0.008875334110067959
-0.0013779834641985064,0.0043159482086214136,0.00642192293692468
-0.00348016307049801,0.007358059063339059,0.0004971661529284217
-0.0014605173477004595,0.007399954561682427,0.007237674856382335
-0.0018927796025163025,-0.004954628959527843,-0.004008239158269771
2.6176639966470095e-05,0.0035600230354432064,0.0027747238364483596
-0.0010617265870980584,0.00010983378487233492,0.00021966756974446173
-0.0014486630047683992,-0.0013581215669704492,-0.004557252369167595
-0.0015523645839108562,5.544159228247993e-05,0.0021067805067361283
-0.001048437827636719,0.007908216757032151,0.014138932989845213
-0.0010410751466970816,-0.0029023913180642813,-0.0068774055145435255
-0.00011371389583796799,0.0002653324236221408,0.0019710408611931687
0.00029158297155438016,0.0001619905397523311,0.0020410808008812136
-0.0017649235674229399,-0.0027043183694384853,-0.003729112698909739
0.004198335142960434,0.0050307636626854375,-0.0015562794064422976
-0.0037621067797967526,-0.009872195095920503,-0.009018383628165092
0.0013062950982832046,0.0020838517044041304,0.002861408310525056
-0.0007905638301236442,-0.0009170540429434919,-0.0012016570217879246
0.0004210526315789868,-4.953560371512523e-05,-0.00039628482972142417
-0.0006576194177079789,-5.9783583428106215e-05,0.0002391343337119151
-0.00011693171188015558,0.001198550046772758,0.0017247427502339566
-0.004444290128814877,-0.006284504010277429,-0.006284504010277429
0.0005241090146751344,0.0026533018867924605,0.004356656184486507
-0.0012745812090311942,-0.0042182568584607505,-0.00907380432143727
-0.002058395085185817,-0.0007916904173791881,0.002533409335613438
-0.0002436251421147524,0.00018948622164472194,-5.413892047003046e-05
0.00031119928424158433,-0.0007001983895437306,-0.0015170965106779725
0.0002735416809137692,-0.006291458661013387,-0.018874375983040356
0.0008216645554452707,0.0013009688794551417,-0.0009586086480193527
0.0008412787436904414,0.0001051598429614048,-0.010691250701065462
-0.0008909678137878661,-0.0013921372090433231,-0.0005290121394364565
0.0005699725072085292,0.0012740561925836367,0.001642861932542108
7.066638400126724e-05,-0.0009186629920146665,-0.007384637128118066
-0.0004487547056917225,-0.0010969559472463856,0.0007479245094862042
-0.0008653213803606659,0.0008653213803606659,-0.002803641272368565
-0.0010262725779967548,-0.0024972632731254042,0.00023946360153254373
-0.0023064455803514287,-0.0006233636703652558,-0.0055791048497692425
-0.00045541229043909767,-0.00011385307260969351,8.538980445743193e-05
-0.0012446841613940934,0.0008297894409293956,-0.0007952148808907035
0.0010210558269172518,0.0008554792063360716,0.0033115324116234474
0.0018702023726448456,0.0019260293091416544,0.0012561060711793123
-0.0015261460492973185,0.00440566689702842,0.005355908776779584
-0.0003246987517138027,-0.0015513384804098666,-0.0034995309906920673
-0.00042234188575643593,-0.00034315278217716044,0.0010822510822511484
0.00027866796711732244,0.003448516093075133,0.0034833495889647487
-0.0010723860589813335,-0.0024601797823688046,-0.00719129474846248
-0.000645902109946917,0.001650638725419763,-0.013312760155016432
-0.002543110956279457,-0.0027172966382164416,-0.002055391046856059
9.279020135465255e-05,0.0003402307383007443,-0.0005876712752466602
0.0008639421944131321,0.0013613634578631352,0.0018849647878104836
-0.0005100260381714163,-0.000671086892330819,-0.0011811129305022354
-0.0005012531328320042,0.0011361737677526315,-0.0005680868838764107
-0.002239828836960572,0.0017718049008793152,-0.007154080165814149
0.0003149193019288926,0.0009447579057866779,0.0004461356777326228
2.741829348538853e-05,-0.0022483000658040414,0.00016450976091233118
0.0007354813159457749,0.00025458968628902105,0.00520494469746268
0.0005401123433673385,0.0016563445196600155,0.0016923520092178108
-0.0023578165190055195,0.0018933981137466871,0.0022149185481566322
-0.0030292598967297606,-0.006333907056798537,-0.013184165232357948
0.00012585740356182892,0.001667610597193473,0.008589767793090486
-0.0004562288658687561,0.0002683699210993042,0.0003757178895389039
0.0023152808536339767,0.0003691027447822752,0.00265082880343608
0.0018634404116256874,0.001668752607425854,0.0027256292587956093
-0.00029592166146565595,0.000591843322931159,-0.00048423544603466804
-0.00031158310180979035,-0.0005972009451354561,-0.0025445953314465718
-0.0011670674777195646,0.0008134106662894971,0.0024048663177253034
-0.000990070178503922,-0.0010483096007688,-0.000990070178503922
0.001176932130247041,-0.00022417754861862052,-0.003614862971473464
0.00015014263550373422,0.007407036684850557,0.006230919373404757
0.0021935933147632153,0.0040041782729806205,0.002402506963788293
-0.010034192950500068,0.0008628127696289323,0.01604192630939821
-0.00187415594079874,-0.0005512223355290043,-0.0006890279194112945
0.002345361553025067,0.004408149424962565,0.004351634688745149
-0.0010221029768748985,-0.0031940718027341254,-0.0031621310847068135
0.00153248112431774,-0.000934439709949914,-0.0013082155939299646
0.0014033680834002137,0.0033747661053195933,0.004677893611333982
-0.0007827788649705695,-0.0014816885658372177,-0.0015096449538718581
-0.0004032583272845501,-0.0005107938812271273,-0.008898567088743722
-0.0006944444444444361,0.0006578947368419223,3.654970760230594e-05
0.0007059903279324672,0.0007765893607256536,-0.0023297680821773624
0.0011491233830193143,-0.0011819554796767904,-0.002954888699192256
-0.0009200129884185923,-0.0003788288775841172,0.0038965255980084362
0.006987002990200473,0.006572519761968284,-0.016076028066435762
0.0005362437701091916,-0.00100940003785248,-0.0012932937984984172
0.0001038421599169794,0.0012980269989615785,0.0006490134994807892
0.006759028851973875,0.009751832672002076,0.020310713565135585
0.001224833499196177,0.0011100053586466374,0.0002679323279491433
-0.0030403351124923227,-0.0019255455712451632,0.005844199716235452
-0.000634057971014431,-0.0005132850241546374,-0.0012077294685989652
0.0006072106261860532,0.004743833017077799,0.004174573055028549
0.001664436539277409,0.003100421004536368,0.003883685258314016
0.0026359556908399752,0.005209150531898102,0.0027928578152947763
0.0004736746219711986,0.0027327382036800877,0.009801421023865905
0.0006930199035316294,-8.316238842387747e-05,-0.00033264955369519475
-0.000874590035920577,0.0013118850538810431,0.0013118850538810431
0.00013752888106505491,0.00011002310485207521,-2.7505776212979714e-05
-0.0010039413995686095,0.001152673458764045,0.00018591507399424173
-0.0004227287138479041,0.003593194067706985,0.0023954627118047233
0.0003092145949287947,0.0019583591012162205,0.0004810004810004341
0.0013920037120099514,0.002938674503131973,-0.0011600030933416263
0.0021674033936975555,0.0013688863539142115,0.003279623556252771
-0.0002897804108441464,0.0003541760576985435,0.001352308583939777
-0.0002444731603394446,-0.0016414626479934707,-0.002095484231481039
0.001436027726381436,0.0062411974261964345,0.012095772002982506
-0.0011754537597233362,-0.0014174589455489197,0.0003111495246325842
0.00015808777033012324,-0.01033894017958765,-0.00894776780068289
0.0014412913970917576,0.0026904106079046024,0.0007686887451154706
-5.642703983743881e-05,-0.0022852951134183564,-0.0018620923146372447
-0.0018141275180466434,-0.0005291205260969287,0.0038550209758495737
0.004330229530467352,0.0016698270738404095,0.004726459683581966
-0.0008886584959455293,0.0034065242344577923,0.01129336838597405
0.0002869897959182876,0.0019451530612243518,0.0017857142857142928
0.0,-0.0007245547801548172,-0.0022880677268048
-0.0050702593075473605,-0.005867014341590629,0.0011589164131536765
-0.00032287574665017634,-0.0013991282354841484,-0.0015874724210300593
0.0007980406725557128,0.0010732271113679142,0.0010457084674867097
-0.0005890505890506441,-0.002494802494802589,-0.002529452529452592
0.000499941183390069,-0.0009704740618751938,0.002852605575814523
0.000813746048636947,0.002284748521173103,0.00015648962473791545
0.0005214308061319472,0.002746202245628545,0.004275732610282481
0.0010532037779438822,-0.0019705102942175175,0.0005775633620983078
0.006496093151524451,0.014462999846790165,0.016301516776466962
0.00041755978064186524,-0.0025053586838516663,-0.002811569189655627
-0.0004103646382930097,-0.00076210575682978,-0.001641458553171539
-0.001060534174318315,-0.003767687198236228,-0.0030978761407719955
0.0017237792373762416,0.006181828989211472,-0.002169584212559866
0.00011219881630254541,0.00025244733668068733,-0.001935429581217912
-3.592728317881334e-05,-0.0009700366458287771,-0.005784292591794054
0.016874259549806224,0.027216547660977874,0.036534212801383324
0.0014782728272827517,0.001753300330032972,0.0031628162816282174
0.0007224780998826247,9.030976248541364e-05,0.0009934073873385234
0.0019872667721634106,-0.0009936333860819145,0.0006256210208661504
0.000549997380964799,-0.0010999947619297467,-0.0012571368707768535
-0.00019338619222591903,-0.00046412686134211773,0.0024366660220460083
0.0010415649513393652,0.001399602903362324,0.003547830615499707
0.0011928679055750737,0.0024485183324961476,0.0036727774987443994
-3.540449637100692e-05,-0.0009913258983889988,0.01575500088511237
0.002557544757033209,0.0020690249719818687,0.0020402885140377008
0.0017354654766332039,0.0029131027643485735,0.00207636048097191
-0.0012600806451611676,-0.004068260368663579,-0.005148329493087582
8.46477243869324e-05,0.0004514545300639603,-0.0014672272227082717
0.0004920291281243104,-0.0006232368956242135,-0.0006232368956242135
-0.0005079064097788144,-0.004571157688009907,-0.010632174178038082
0.0006577985674609225,0.0021561175266775028,0.001242508405204034
-0.0002939555392246338,0.0018372221201543267,0.004629799742789079
-0.0005127854505674049,-0.001538356351702409,-0.000854642417612471
-0.0003733749702997646,-0.0008825226570720304,-0.0011880112691355442
-0.0022202915339318394,0.0021237571194131512,0.0029925668500820762
0.001793377313776988,0.0019214756933325521,0.0015371805546660418
-0.0010349893162393238,-0.001635950854700885,-0.0048076923076923
-0.0032851326688192028,-0.003032430155833172,-0.0028639618138424313
0.0013007907438469018,0.01574641426762066,0.017184130352925004
0.00026062876690009475,-0.001075093663463053,-0.0010099364717380756
3.250446936469283e-05,-0.0017552413456849135,-0.008906224605883155
0.0007798652959942234,0.001595179014533813,0.006416164480680617
-0.0011615750958297694,-0.0023618693615207217,0.0016649243040229482
-0.002127183161665895,-0.002127183161665895,-0.000746380056724842
0.0003077396522542046,0.0011796686669743538,0.001077088782889716
0.007006942658781199,0.0019285163281049843,0.011056826947801484
-0.0015338893682293746,0.005624261016840798,0.026651327772984294
-0.0022989260731058115,-0.0020033498637065704,0.0002627344083549019
0.0,-0.0005651420390326053,-0.003541556777936846
-0.0003753049352599129,-0.0031900919497090817,0.0007818852817914556
-0.00046186094432817807,0.0018119160123636297,-0.0006750275340180287
0.0007613121048623393,0.0014564231571281908,0.0010592168415477579
-0.0007076584368612429,-0.00026209571735603796,0.000524191434711927
-0.0012676770522284226,-0.0030142543241872587,-0.0049861964054314
0.0005546311702718954,0.0024403771491958775,0.0012571639859494613
-0.00083397271241285,-0.0014677919738466081,-0.003969710111085158
0.0004534376239867601,-0.00011335940599677057,0.000963554950971986
0.0005180172888269116,9.71282416549769e-05,-0.0012950432220674628
-0.001854587747147314,-0.0012259139345550132,-0.0033319712067393903
-0.0015116221440254092,-0.005179164395103414,-0.008474996282896406
0.0006466632177963189,0.0012286601138128954,0.0012933264355924538
0.0007635877716873369,0.001663530502604417,0.003763396874744322
0.002462149051888931,0.00029398794649413524,0.0006247243863002202
-0.00045685569070876876,0.0019701901661812508,0.002198618011535554
0.0013693717192136414,0.001858433047504135,0.0021192657559259043
0.0008864666097578261,0.002462407249326942,0.0026922319259307676
-0.0003770620581304149,-0.00015710919088770265,0.007164179104477526
-0.00043861023215008727,-0.0029449544158651514,-0.006046555343212528
0.0004863340142008795,0.0011023570988554128,0.002496514606231501
-6.074411541376404e-05,-0.0008200455580865051,0.002399392558845924
0.00010837171498229102,0.0011649959360605525,0.0002709292874558816
0.002506748939452284,0.0023910528345545876,0.0030080987273427406
0.0003858272779885684,0.0009645681949714211,-0.00016076136582841787
-0.000849128958036601,-0.0014791278623862267,-0.0024378218472663154
0.00047806044049850214,0.0011610039269249616,-0.0026634795970634437
0.0005787798268921376,0.0018415721764752009,0.002341427481518472
-0.0014053755615228303,0.0004517278590607824,0.001154415639822269
0.0001717868697569281,-0.0004294671743922389,0.0026340653362728434
0.0,0.00013025582243529247,0.0010941489084561012
0.001179212943918845,0.0015905662964487617,0.0014260249554368261
0.001417048179638058,0.003851464283118761,0.005086839619213637
-0.0012348728081008904,-0.0007134820669027956,-0.0008232485387338748
-0.0008630680837421791,-0.0006657953788868439,7.397726432083832e-05
-0.0005221542592868355,-0.0011934954497985722,-0.0013053856482173009
0.0024510757499126654,0.0017507683927947926,0.002606699607049823
-0.0022942440611022933,-0.0014520532032293665,-0.003775338328396221
2.779244601314834e-05,0.002223395681053921,-0.00047247158222399576
-0.0006894570525711264,-0.0029014650962368507,-0.0003160011490951268
-0.0012220497407272998,-0.004095518050004985,-0.003666149222181712
-0.0013335224854588465,-0.004170804369414018,-0.0046815151085259675
-0.0007271246582514106,-0.0004944447676110055,0.001279739398522476
0.0012904288616769272,0.00021964746581731943,-0.0006589423974521143
0.000218634988886063,-0.0005101483074007446,0.0011296141092446243
3.8551987354913084e-05,0.0008095917344540514,0.0013107675700683597
0.007717549829849357,0.0038587749149245924,-6.076810889639587e-05
-0.006543104369191296,-0.015516504646939436,-0.009641063988890112
-0.0026087987667496606,-0.01310328471481091,-0.014200166014467035
0.0014154782547154327,-0.0006723521709897652,0.0018401217311300425
0.003040588318483997,0.006646867486918584,-0.0019445622967046903
0.0007609091209846105,0.0009263241472856373,0.00191881430509161
0.0007515457930515165,-0.0009223516551089353,-0.0027328937929150116
0.0009678199854826059,0.0016936849745947569,0.0004147799937783158
0.0010963710119504856,0.002521653327486013,0.0032160216350546195
-0.0007931357704231395,-0.001586271540846484,-0.0005407743889248585
-0.0003292222756856572,0.0003038974852483211,-0.0003292222756856572
-0.007408299704872552,-0.009185087032464047,-0.001957477564295541
0.0006021013336544198,-0.0014450432007707445,0.0006322064003371151
-0.000450392484879637,-0.0005147342684338187,-0.005436880710333283
0.0018351317624605448,0.004514424135653007,0.005064963664391087
0.0,-0.00048584962953956084,-0.003947528240009751
-0.0026598397446552335,-0.004255743591448525,0.003956511620174877
-0.00018620983187910508,-0.000877846350287404,0.003937007874015645
6.431902235098458e-05,0.000450233156455978,-0.0021225277375782866
0.004190489719095163,0.00458112859121425,0.004510103341738125
6.954586549843055e-05,0.0023297864941929755,0.004242297795396159
-0.0002529404325280893,0.00025294043252826906,-0.00041102820285821256
-0.0019693816884662216,-0.003046967895362638,-0.0016721165279428827
0.0019592750682247647,0.0005947799314254284,0.0040235113008188165
0.001800005538478517,0.00296308604026472,0.0026307773254686624
0.000527617477329019,0.0009892827699917934,0.000923330585325549
0.0011395027624308842,0.0031767955801103556,0.005006906077348027
-0.0016717857004004777,0.001982815598149558,0.003887873721861514
0.00013490179149582175,0.0019965465141377325,0.0028329376214116433
0.0013514679242028562,-0.0010351669206658332,-0.011530609310751333
-0.0002905006294179497,0.0014847809948032005,-6.455569542617027e-05
-0.0010294538175579459,-0.0010294538175579459,-0.0018301401201029064
-0.0002808199943835442,-0.0011232799775343766,-0.0015796124684077108
0.0007279172073296874,-0.010982055258410695,-0.010728866664556897
0.0013179294487128328,0.0018226683865177984,0.003421008356233443
-0.0006290704558911187,-0.000851095322676207,-0.0027013025458852064
-0.0009118988086483374,0.0007942344462422081,0.013472569495514
-0.0002750955957194187,-0.0003576242744353538,0.0005501911914389938
-0.0006918021445866745,-0.00038433452477044754,-0.00042276797724744854
0.0003344074907278338,0.0030096674165501582,0.0031920715024016883
0.004010415107892233,0.008469757280100512,0.012809385568491394
0.0018726591760299402,0.0011498784414219814,-0.004106708719363953
-0.0004022094706922756,-0.0006703491178205609,-0.0021451171770258256
0.00035006205645532506,0.000859243229481532,-0.0009228908761099209
0.0003882672690692656,-0.0003882672690692656,-0.00031767322014745325
0.0003157728540603246,0.0007894321351508115,0.0018420083153519434
0.00027867573291724093,0.005489911938468475,0.0030096979155056322
-0.0019902297810747652,-0.004089017550208053,-3.618599601971322e-05
-0.0002706359945874185,-0.001860622462787589,-0.0009810554803789595
0.001973216018632379,-0.0013586077505336064,0.00795755968169773
0.0005952380952380153,-0.00018939393939407473,-0.0009199134199135059
0.0012861736334406162,-0.00039144414930794455,-0.0013980148189570811
0.0008742532420224723,0.00014570887367048108,0.0015299431735393265
-0.0015826494724500693,-0.005070339976553228,-0.006565064478311867
0.0006717360346078405,-0.0020689469865922527,-0.0030631163178118687
-0.0011571204231755128,0.0004132572939911763,0.0005510097253216206
0.0032298363752704296,0.011334897467930245,0.008166001401627127
0.0008677291528069722,0.0010701992884621077,0.012350678274954391
0.0008974646623289016,0.0020192954902399887,0.0025802109041956917
-0.0014739298655039555,-0.00021494810538613896,-0.0022108947982559333
0.0005091325653917934,-0.0003818494240437999,0.00041367020938075307
0.0001784758165269012,-0.0008209887560234209,0.0023915759414599893
-0.0016779017397191523,-0.003238055988931636,-0.016985075505578234
0.0015482158655264523,0.0016956649955766603,0.00350191683869082
-0.0010537407797680744,0.0020773746801143996,-0.010206232124040303
0.00011585248117408596,-0.0010812898242902982,-0.0039389843599149715
0.0004271313856141502,-0.0011959678797198471,-0.0030468705507147135
0.00035096955339109035,0.0002047322394782053,-0.001696352841391129
0.0003458241731098071,-0.0005187362596645,-0.003334733097843455
-0.0003820196103400119,0.00022284477269831013,0.004647905259136571
-0.000709406200735782,-0.0024697845507094,-0.0018917498686285528
0.0026412459394638712,0.006405780381918132,0.0023680136008987205
0.0004167100739661033,0.00026044379622883304,0.0025783935826648847
0.0027409207001806374,0.0025851865694885194,0.006571980315205923
-0.0027353872732507594,-0.0029153469622804577,-0.0012237258854015801
0.0007914523149979149,-0.0006475518940893146,-0.004137137101126143
-0.001828432119457418,0.0017522474478136386,0.0011427700746610215
-0.00013729097449136817,-0.0018946154479804436,-0.003404816167385181
-0.00046905473128100754,0.0011356061915224025,0.0009874836448022172
-0.0008438225159975004,-0.0005977076154982628,7.031854299972509e-05
2.5484849257093467e-05,0.0002548484925712244,0.0009939091210275145
-0.001466002079057524,-0.011701362049204475,-0.002452221659514396
6.740588453385008e-05,-0.0016177412288091448,3.370294226702083e-05
0.0004938143258134882,0.010006237654641915,0.010318120386734658
0.0007829831658619637,0.0029688111705599147,0.004012788725042471
-0.0032972372622518,0.0020477578786615817,0.0017006802721088751
0.0006250000000000495,-0.0011956521739130374,-0.0017391304347825717
0.0001654259718776224,0.002183622828784202,0.0033416046319271826
-0.0003113712791132854,-0.00018682276746793584,0.00040478266284716476
3.197339813272447e-05,0.00035170737946033266,0.0021741910730272633
0.0006693912063134081,0.0014092446448704698,0.0030298759864712996
0.002453818582850803,0.0033636614281776327,0.004080507306313808
-0.0014593623709025084,0.0005051638976201359,0.000477099236641266
-0.00028958227756455547,0.0017012958806922004,0.0014841091725187325
0.0017074245428508608,-0.0030293016082838255,-0.016358228684732315
-0.0007136303394840777,-0.0005437183538925754,-0.0005437183538925754
4.952088543338651e-05,-0.0003466461980339871,-0.00037140664075068034
0.0006894897775646567,0.0007794232268121318,-5.995563283165001e-05
0.001803727703921506,0.0028392010154319686,0.0030396152047565805
-0.0013056683034826703,-0.00042576140330952074,-0.002441032045641661
0.00019377699036649644,0.0006366958254900293,0.0021315468940316185
0.0003926669448056744,-0.00041720862885615115,0.0009325839939136511
-0.00018860807242548143,0.0010777604138600908,0.0017244166621759615
-0.0017601532368700511,-0.0029767297388242626,-0.0028731913131259724
-0.003101861116670025,-0.004669468347675196,-0.002601560936561846
0.0006701739101296405,0.0023456086854538372,0.0025466608584927483
0.0006884207627703618,0.0025471568222497905,0.0012391573729864163
-0.0007081241148449443,0.0005471868160165312,0.01293935882580141
-0.00037026066350705287,-0.008738151658767823,-0.014711690363349081
0.00010727311735669282,0.002431523993420403,0.00851033397697202
-0.0015475520540236274,0.001617895329206456,0.001617895329206456
0.001593964188937798,0.002364380213591165,0.0011689070718877788
0.00016799664006720503,0.001483970320593671,0.002379952400952045
-0.0006909417536101315,-0.0008982242796931905,-0.001036412630415099
0.0007687450237486552,0.00016473107651759127,-0.0011531175356231389
0.0004646840148700319,0.0017259691980882857,-0.003385554965480556
-0.00035246017200064406,-0.0022909911180037856,-0.0021852530664035123
0.0013045633626425236,-2.6091267252826743e-05,-0.0003130952070342175
-0.0018298261665142036,-0.0006181845157142503,0.0006676392769713454
0.0007607593102448179,0.0026807709027675416,0.0018113316910592667
-0.0033214892630929,-0.007917503475977179,-0.010698285184613156
-0.00018720748829953907,0.00018720748829953907,0.0017784711388455325
0.0007609109190716144,0.0010054894287733153,-0.0011685417685743974
0.0012732828870780804,0.020590803259604284,0.027575669383003435
0.0003249566724436865,0.0002978769497400716,-0.0019226603119583503
-0.00027454425653421574,-0.0009059960465626622,-0.0007138150669887736
0.0025686417438995075,0.0018049914957132796,0.006005067860738027
-0.00033923604043682037,0.0008141664970486773,0.00030531243639335046
0.00047651081959865433,-0.013258212804126075,-0.00512949882273793
0.00010579771476926476,0.00035265904923128345,-0.007758499083086432
-0.001545887623434423,-0.0012619490803547151,-0.0024292519796827415
-0.0009323242294615329,0.001316222441592679,0.0012065372381265705
0.00039614046008881,-0.00033954896579045456,-0.004612206785320314
-0.008887682757217017,-0.014077818107805671,-0.013365446589097316
0.0010142251579851852,0.00028606350609838935,0.0007281616518867958
0.0007706386667951356,0.0008669685001444364,-0.003403654111678394
-0.000270542807250441,-0.0002951376079095593,0.0013035244349345275
-0.00203860191365536,-0.0012823463650412203,0.0008877782527208162
-0.0011288736753942035,-0.0002913222388115543,-0.0026219001493027467
0.001237530938273397,-0.003412585314632959,-0.0007125178129453151
-0.0001644421300737311,0.00043851234686317914,0.008057664373612513
-0.0011732916162980305,0.00042665149683568425,-3.5554291402940005e-05
0.0,0.0016546429280561254,-0.004070421603018129
0.00010602486283038796,-0.000874705118350211,-0.00556630529859243
0.0002648568117860754,0.0005628207250455749,-0.0005959278265188109
-0.00028620492272455846,0.0006504657334651611,0.00054639121611083
-0.0018162595895794386,-0.004066252812491529,-0.0022771015749951883
0.001581356637536394,-0.0043556665279511535,-0.007268691912886682
0.000739003309449479,-3.2130578671692655e-05,-0.003084535552485417
-0.0019427077814277536,0.0008477270318957617,0.002967044611634965
-0.0019079923680303994,-0.0009893293760157328,0.0009539961840154006
-0.0004234332968018728,-0.00039852545581355237,-0.0009464979575570276
0.0014407186643690243,0.0020057063758862665,-0.0011582248086104833
0.0005208875924574687,-0.0005903392714519426,-0.0016668402958642155
-3.4833495889615805e-05,-0.0005225024383446332,0.0009405043890206168
-0.012009354655205142,-0.011788129701030332,-0.011061247708741546
-0.0006500113045443176,0.0007347953877460088,0.0023739543296406058
-0.0006962778148481508,-0.002494995503205819,-0.0011314514491281625
-0.0007542714721412068,0.0010494211786311388,0.002459580887416784
-2.5984824862256797e-05,-0.0002858330734849725,-0.0014031805425630487
0.00045003053778663155,0.0011893664212928882,-0.0012536564981194716
5.182958432668656e-05,-0.0008551881413910648,-0.005623509899450648
0.00012850167052178254,0.00240940632228219,0.0009958879465433125
0.00044213263979197897,-0.010299089726918021,-0.010845253576072864
-0.0006131891409776756,0.0006689336083393978,-0.0022576509281452294
0.0008860011813348487,-0.001706372645533838,-0.01581676182975649
-0.00019346101760499659,0.0016250725478816634,0.0010446894950668936
0.0001838042222456938,0.00042012393656135126,0.0006827013969122144
-0.0011195770486705447,-0.0015860674856165164,0.0014616700357641748
0.0007811991406807897,0.00016274982097504889,-0.0025714471714081777
-0.0020478069848835034,-0.002606299798942545,0.0017871770049892703
8.133608068547219e-05,0.00024400824205626244,0.000596464591692949
-0.001814083887636656,0.0015941949315595187,-0.0010169864218569748
-0.0013252834634075014,0.001030776027094793,-0.0003681342953908331
0.0014437106435262492,0.002825986791583523,-0.0036860697281523224
0.0013880264455564725,-0.006903605216057225,-0.005259889688424582
0.0011326014985190312,0.0021780798048440498,0.0019457512923273972
-0.001902282739287122,-0.0004338539580830178,0.0013683086370311875
-0.0009785556518579212,-0.003942181340341726,-0.008108032543965202
0.0018200273004096415,0.0009100136502049203,-0.0009100136502047213
0.0012024392338743138,-0.002977468579117697,-0.0006584786280741452
0.0016512335686071065,0.0018454963413844238,0.0054717347665608936
0.0010132774283718394,0.0012229210342418685,0.0024807826694620417
0.0,-0.0010855013206933146,0.0033650540941491725
-0.001082749099964903,0.0004601683674850876,-0.001082749099964903
0.0006077012319762093,0.002265068228274662,0.0047511187227225775
-0.001253298153034286,-0.001418205804749363,-0.002473614775725594
0.0022556633261366565,0.0012889504720782203,-0.0005155801888311417
0.0014061654948620383,0.0017667207499547583,0.0009374436632413589
0.0003847105053446906,0.001264048803275479,0.0018411145612925147
-0.0013379358325974688,-0.0023280083487196078,-0.004522223114179438
-0.004801314043843521,-0.008812938277844348,-0.00995009160401787
-0.000769399868102961,-0.0028852495053858303,0.005523191910309933
-0.0013030580276691076,0.0001940724722060306,0.0010258116388034172
-0.00010415943337258772,0.001249913200472237,-0.0003124783001179605
0.00026995107136826074,-0.0003036949552894612,0.00023620718744725213
0.0016588551266524102,0.0024487861393438486,0.003317710253304671
-0.00013057813469122717,-9.793360101842039e-05,-0.0006202461397838858
-0.0014599961066771962,-0.0039906560249173256,-0.005612873921225158
0.00029373280995490837,5.340596544629178e-05,-0.0010681193089268981
0.000278767229363404,0.00030974136595931823,0.0006504568685147267
0.0009440709483621344,0.00017164926333858467,0.0012301530539264964
-0.002111311089575016,0.0,0.002042087775162588
-0.0002918477203449478,0.0009403982100007149,0.0005836954406900799
0.0014343543811557345,0.0019124725082075857,0.001243107130334958
-0.0002554278416347133,-0.008648056923919008,-0.007553366174055804
-0.001221332609580645,-0.0011670511602659976,-0.0006513773917763852
0.0010172939979654246,-0.0006323719446810958,-0.0016496659426465203
0.0005017561465128138,-0.0010313876344985352,0.0016167698054300721
0.0018667887710893335,0.00031700186678868295,-0.0003874467260752127
0.0001713942925700639,-0.006484417402233787,-0.005170394492530072
0.00019303528685048017,-0.0017373175816538826,-0.0031657787043471285
-0.00096188199082096,0.0032703987687910455,0.0006870585648720697
-7.062396271048345e-05,0.0005649917016844698,0.0007062396271054367
-0.002422327540810945,-0.0009829734948219398,-0.00042127435492366
-0.0011147617930063233,-0.0006160525698192313,0.000498709223187092
-0.0023373587845733623,-0.003506038176860123,-0.0025877900829206044
0.0007667495108665951,-0.00013219819152876993,-0.0010047062556185614
-0.002396042665017795,0.00019322924717889693,0.0016231256763024266
0.000380860051243036,-0.00010387092306617518,-0.001523440204971947
0.0011141233705946128,0.0027481709807999745,0.0046793181564971625
-0.00038554554694898057,0.000490694332480412,0.0006659423083663304
0.001135933358576242,0.005817355684830119,0.007469622388213886
0.000289976479685456,-0.0004832941328091544,-0.005219576634339674
0.00014484356894540706,0.000977694090382321,0.0021726535341829584
0.0006028718623259082,0.0008220979940809256,0.0003836457305710467
-0.0013010889548862577,-0.001810210719841568,-0.001414227124876255
6.808974228026353e-05,0.0021788717529703685,0.0011575256187654477
0.0005404030771187485,0.0006675567423232131,0.0013351134846462456
0.00029620853080569845,0.0010120458135860193,0.0009626777251184498
0.0,-3.62686783695334e-05,-0.001378209778035878
0.000594287412249631,-0.0005571444489842666,0.0011885748244994732
0.0015520664140047167,0.0026349034470310824,0.005630752571737962
0.0012607028418343703,-0.006855071702474165,-0.01273835163103436
-0.0006830601092895509,-9.758001561271376e-05,-0.007416081186572901
-0.0003464003233069815,-0.0010680676635298324,-0.0015299347612725291
-0.0005152425933877395,-0.001001860598253965,-0.001030485186775479
0.0,0.001069518716577548,0.002449542867000102
-0.001297839817725739,-0.0031436564473798973,-0.007066016785395107
0.0003200682812332408,0.000391194565951896,0.0002489419965147878
-0.0033415130788911123,-0.0014619119720148338,-0.0012008562627264124
0.0014069446789352243,-0.0009004445945185244,0.00045022229725934215
0.0007635615164994401,0.0037846092556934672,0.0037846092556934672
0.0012483095807760798,-0.0004161031935920266,0.001456361177572093
0.0014257113389551975,0.0007583570951889825,-0.0017593884608385637
-0.0001792371666187071,-0.0024376254660166577,-0.0062016059650127665
-0.0034001844167819467,-0.0031120331950208646,-0.01841286307053954
-0.0004511490201606321,-0.013337092908501231,-0.015536444381784833
0.00011010184420579031,-0.004376548307184233,-0.004431599229287128
-0.00045352759431963773,0.001388928257603538,0.0065761501176337
0.0005518763796908163,0.003928061290741395,0.005973250227243133
-0.0004734101309768208,-0.0004208090053127794,-0.00044710956814480015
-0.0003626625006974152,8.369134631487352e-05,0.00016738269262958847
-0.0005774297159766436,0.0005774297159768487,0.0020570933631673827
-0.0006035386423556994,0.002001207077284697,0.0031129887868873865
0.000620716410190118,0.0005689900426743238,0.0018621492305703538
0.0015427062627940244,0.002759070816150968,0.005399471919779254
0.002565814909845061,0.0009841481845981848,0.005377666865839618
0.003908867545231224,0.004206686024867826,0.0010051373687736647
-0.0025173064820643493,-0.004769633334437407,-0.011261634261866231
0.00023115151982125158,-0.00358284855722929,0.0023500404515160215
0.0007071609349411855,0.0027914247431889234,-0.0005582849486379116
-0.004844365713459498,-0.009652579443982559,-0.004844365713459498
-0.00031853896793385654,-0.0035393218659304873,-0.0031853896793375596
0.0017541124191158828,0.00015592110392127393,-0.0010914477274500255
-0.001077885952712108,-0.002086230876217047,-0.001634214186370053
0.00074788100382261,0.001301866932579988,0.0023267409007812086
-0.0011085245538189092,-0.002069245833795227,-0.0033994752983779178
0.00031753872208296576,0.0020463606534240697,-0.001411283209258138
0.00020438552950449116,-5.839586557266434e-05,-5.839586557266434e-05
-0.00021903405979625473,0.0012594458438286594,0.0015606176760486069
0.0006040578474221509,0.0036598798990867096,0.0072486941690652045
-0.0001557389814670966,0.0006541037221615933,0.0009032860925088416
-0.001654216960893242,-0.0006461785003489364,-0.0014474398407816234
0.0007129342729441194,0.0012339247031725262,0.0006855137239847542
0.0013965938627459118,0.0031035419172130638,0.002754393451526696
0.0012455238984899085,0.0006850381441694763,0.001307800093414342
0.0018800778889411208,0.0029544081111931627,0.0052709326529241695
-0.001591371231544407,0.0002652285385908462,0.007662157781510691
5.4655261935293115e-05,-0.002486814418058167,-0.0028694012516055295
-0.0015069097324315209,-0.00036753895912954243,0.0021317259629522233
-0.001361470388019112,-0.0073260073260072965,0.001296638464779984
0.0010245583532554284,0.0034151945108510753,0.004222422304324921
-0.0018873859704310245,0.0025864178113313378,0.0014679668658905982
-0.0011764705882353658,-0.012051649928263956,-0.013228120516499322
0.0004027818801857556,0.0008592680110630573,0.000886120136408754
3.715400334403771e-05,-0.004569942411294674,0.0061675645550809035
0.0023018075959650897,0.0061945704420824045,0.0016925055852684313
0.0016657899351218456,0.003243906715763673,0.005143491729499067
-0.007753718913330783,-0.00824191603009593,-0.023002699442881074
-0.0006030730505008605,-0.002622056741307882,-0.002018983690807021
0.0010904835363582323,0.0023937443481035618,-0.00013298579711689814
-0.00043641124486309247,-0.006073389824344531,-0.004145906826199378
0.0006246628240439174,0.0012777194128169131,0.0045146085919531365
0.0018615734018392347,-0.0009307867009196173,0.000781860828772614
-0.0008301368294497156,-0.0008015114215376789,-0.00208965477758047
0.0004422706696498671,0.001274780165461286,0.002029241896040454
-0.0008068931731073246,-0.00034581135990318593,0.006570415838160369
0.000568900126422272,0.0008533501896334977,0.0022439949431101026
-0.001399734787092955,-0.004420215117135868,-0.0012155591572124683
-0.0004770342101677906,0.0006814774430965947,-0.0002044432329289978
0.0013107448307499991,0.0038011600091751095,0.003702854146868943
-0.0011781420007622406,0.0009702345888631955,0.002876052531272882
3.712365890778819e-05,0.0012622044028658536,0.002078924898838038
-0.00041611185086560723,0.00030514869063458943,0.0010264092321349437
0.0007235391400219802,0.002377342888643873,0.00330760749724359
-0.004178224079210694,-0.013552894912397787,-0.01316667251852112
-0.0005450439928366591,-5.190895169882076e-05,0.0012458148407691902
0.0007148576003660071,0.002630675969346789,0.0014583095047466283
-0.00041862022772934046,-0.0016186648805536507,-0.0015907568653717157
0.00026771073854713696,0.0010708429541879771,0.0014389452196901477
-5.547542438694611e-05,-0.001886164429157902,-0.00693442804837457
0.0018914020017337075,0.0021540967241967927,0.0015761683347780646
-7.392622163088529e-05,0.0008131884379388977,0.001798871393016481
-0.0011547748189102568,-0.002589495048465581,-0.003394338104069603
-0.000637856801148106,0.0024876415244776675,-0.0011800350821240776
-0.0010733452593918898,-0.0032475574514930694,-0.002999862391633499
0.0017986959454394113,-0.0003747283219666594,-0.003859701716255825
-0.0003326311120966974,-0.0014691207450936155,-0.011004545958531906
0.000766969193404094,0.001885465933784913,0.0016617665857087491
-0.002956167176350678,-0.003907577302072831,-0.012538226299694182
0.002045606975184486,0.0013749161636486418,0.003890006706908199
-0.00025580120591994586,0.0007308605883429399,0.0019367805591084582
0.0020654834761322694,0.001912484700122399,0.0005354957160342195
0.002243362203606476,0.0076387902882294415,0.008604287945477863
0.0007022991054927098,0.0004435573297848915,0.0008501515487542002
0.00010981468771453799,-0.0008236101578586448,-0.002827728208647832
-0.00029580229650150224,-0.0006453868287304948,-0.0019630516040552294
0.0012926656612599152,0.00015388876919748397,0.0004616663075928019
-0.0012658227848100945,0.0033473980309423283,0.006947960618846771
0.0002819211645907367,-0.0003075503613716863,-0.000589471525962423
-0.003070279024258471,-0.0029015823745740872,0.003947501602618226
-0.0021749728128399926,3.7499531255825194e-05,-0.006374920313496038
0.009393787575150301,0.007615230460921895,0.007114228456913908
0.0018853049052204246,-0.009700750694135127,-0.01487676961574069
0.0005806568680819022,-0.0014516421702051683,-0.013826891671203056
5.4243172140811624e-05,0.0007594044099699753,-0.009112852919638623
-3.49833828932928e-05,0.0001399335315723758,-0.0003848172118244311
0.0008485035482876709,0.0008485035482876709,0.0006556618327677257
6.376940981405417e-05,0.00047827057360576877,0.002869623441634975
0.002652999698522748,-0.0015978293638829447,-0.00560747663551406
-0.0018783878065798461,-0.0024687382600762516,-0.005286319969945868
-0.0010230760486530962,-0.000644158993596362,-0.0019703686862947165
0.0010287713041391288,-0.00137169507218557,-0.002400466376324504
-2.8679591602589496e-05,0.0007169897900653894,0.00034415509923139997
0.001835630555197711,0.0043475460517841775,0.0060865644724978855
-0.0005542695053958433,-0.00019562453131623448,0.0024127025529001637
7.178750897337333e-05,-0.0005025125628142253,0.0013998564249820041
0.00010657572205041996,-0.0008526057764041674,-0.006891896692600084
-0.0015512088078393743,0.0018160493360070303,-0.002459233475842674
0.002296332932946998,0.0010245177700841533,0.0009185331731787992
0.0010290294627384431,-0.0029516897746966397,-0.006878249566724339
-0.0005766537606064101,-0.0046406897877364905,-0.005162424142570765
-0.003514739229024969,-0.0034391534391535333,-0.005631141345427093
-0.0004518752824220357,3.475963710935697e-05,0.00020855782265633937
-0.000554528650646866,0.0004805914972273399,0.001552680221811519
-0.0025658883472013073,-0.003958799164253452,-0.008870642571753294
0.0011243386243387297,0.0017195767195768475,0.0021825396825397654
-0.00034275268489593645,-0.006702719171300141,-0.0014090943712392588
0.003203014601978454,0.003108808290155469,0.004710315591144607
-0.0013549708523712203,-0.004537576807940752,-0.003560737356231276
0.0009667803528748654,0.0016113005881247756,0.001154765421489397
-0.0004926964989566888,-5.7964293995011166e-05,0.0026953396707628295
-0.0015632433901990742,-0.0037381907156934886,-0.004791680826479875
-0.00032362459546932923,-0.0017475728155340467,0.0019741100323625036
0.00010046885465496555,0.0006363027461486863,0.00525787006028129
-0.0001339118324495457,0.005195779099041185,0.0020354598532326073
-0.001368229020488504,-0.0012278978388998833,-0.00228038170081404
-0.00014105566056369048,0.003723869438880563,0.005360115101418955
0.0003327879308910523,-0.00016639396544552615,-0.0006933081893563327
0.00035132545512601976,0.00217183008623427,0.002938358351964098
0.0004436803283233547,0.0013865010260107591,0.0031612223393044933
0.0,0.0015628975393450616,0.002507905353832725
0.0015833854991346866,0.005118385683249204,0.012151563132893955
0.0012544037578733063,0.00013344720828443302,0.001494608732785316
0.00023377230577411098,0.0009610639237382907,0.0014026338346449611
-0.0006759881879958648,0.0009606147934677548,0.0006759881879958648
-0.0030091348737238165,0.00016120365394949564,-0.004567436861902173
-0.0005000166672223545,-6.66688889629048e-05,-0.00046668222274071254
0.0006455119929333347,-0.0008493578854386085,-0.0006794863083508482
0.0011531909317258492,0.0015463242039050582,-0.001205608701349853
-0.001091881858382861,0.0008735054867064749,-0.0020472784844679805
0.0015667330352189123,-0.0016972941214870314,-0.007572543003557767
-0.001069124423963209,-0.000589861751152166,0.0008847926267281441
0.0002712757711982374,0.0013563788559911869,-0.0006200589055961285
-5.603967609062123e-05,-0.0014290117403121156,-0.0008686149794054254
-0.0011479858067208798,0.0006261740763932611,0.004313643637375667
0.0005844698023934861,0.0011132758140828757,0.0005566379070414379
0.0007121086962713989,0.0007121086962713989,-0.00031332782635945435
3.770596885504977e-05,-0.001621356660759424,0.003544361072357746
0.0001935421438018202,-0.0005806264314054605,-0.0016128511983484403
0.0004826421208673298,0.0022063639811079616,-0.002482159478746408
-0.00033529543253122654,0.0018254973548916217,0.004731391103494456
0.0008731647370803369,0.0012935773882671794,-0.0028458702541881258
0.001519146984636636,0.006506535198348951,0.007079798211419477
-0.0022241748585864196,-0.0012081937503432307,0.0007688505684001667
-0.0005530973451328691,0.00047013274336271866,0.0030973451327433754
0.0005785290270651428,0.00032699466747156515,0.004728845960358174
-0.00042020961044101225,-0.002545975875024791,-0.007810955111726382
0.000695067913927285,-0.0006371455877668837,-0.0003764951200440078
0.00014765814186997627,-0.010956234126749688,-0.01630145886244162
-0.0012483907463035665,0.017165372761674538,-0.0005851831623297206
0.0008282462652228038,-0.0022086567072610425,-0.0017178441056474195
-0.0024422883907660132,-0.0016393442622949224,0.0016393442622951125
-2.9243186337556748e-05,8.772955901283647e-05,-0.005059071236401805
0.0003720468779066303,0.0022632851739317955,-0.001085136727227701
-0.0012296564195297469,0.003218806509945701,0.0030741410488246755
0.00014170728942300014,0.0054132184559574454,0.018195215961909126
-0.0003501623479977515,-0.0005729929330871804,-0.0007639905774495738
-0.0001420504989522484,0.0035157498490713773,0.00383536347171434
0.0029931482149296216,-0.0010818608005770333,0.003173458348359161
-0.002742989136319309,-0.0023098855884793965,0.002201609701519521
0.0004931824775167273,0.0023498694516971346,-0.005773136060342353
-0.001525054466230943,-0.0013344226579520945,0.0019607843137255648
-0.0015397370602865741,-0.0031584349954596825,0.002289865371708368
-0.004206781670854652,-0.007171292244275729,-0.027951099692255506
-0.0006009976561091071,-0.0016527435543000017,-0.0013522447262455336
-0.00038091280559580584,-0.0008657109218089896,-0.00045016967934065886
-0.000834876039057745,-0.0013793604123561488,-0.004246978111728251
-0.0012214329336890342,0.0018642923724727077,0.0027321526148306576
0.0007880220646177325,0.0013508949679162956,-0.0054786295921049055
0.0017420412624675192,0.0031083481349912043,0.006865692034430902
0.00021526787396061698,0.0007803460431074469,0.0027715738772435745
0.0009022309711285654,0.001558398950131215,0.0016677602799650417
0.000888494002665451,-0.0014352595427673716,0.0004784198475890591
-0.001235420224555703,0.0004360306674902967,0.002507176338069103
-0.002123411403036032,-0.004151744683548143,-0.006180077964060434
0.0006726206046112134,0.0037367811367288216,0.006726206046111922
0.0003962678770849586,0.0028819481969812005,0.005187506754566079
-0.000274288222063651,0.0,-0.000603434088540157
2.462811545658286e-05,0.0007634715791547687,0.0011082651955472086
0.002255272461294676,0.003443862001706679,0.002620992319883011
0.0006922810661128681,0.003615245567478165,0.015460943809853397
0.0013016866535575575,0.001550945799983389,-0.00013847730356997636
-0.0009772100652635772,-0.0042229434963179414,-0.003908840261054506
3.101352189551825e-05,-0.0006822974817019304,-0.0036906091055700216
0.0002676818749627476,0.0035096068050679613,0.0032419249301052135
0.0032462741626088074,-0.00011066843736156381,0.001660026560424925
0.00028396989919062925,0.0013488570211557412,-0.011039329831037958
-0.0018466921531784164,-0.0020086826929307474,0.0019114883690791646
0.001252609603340232,0.0015562725374834885,0.001784019738090823
6.154603643537252e-05,-0.0016925160019693334,-0.001138601674052205
0.00015541625654044,-0.000751178573278818,-0.0004144433507745558
-0.001181745507629123,0.001459803274130256,0.000764658857877819
0.0005440104450005132,-0.0002720052225001792,-0.0007072135785006825
0.001555270422644649,-7.776352113216614e-05,0.00027217232396280254
-0.0015664907202451203,0.00289460241784445,-0.00013621658436902307
-0.00278775532085997,-0.0024392859057524928,-0.002868171339730856
0.0001412229911028231,-0.0003530574777574592,-0.0029656828131620953
-0.0037104198633002767,-0.0009485283861067792,2.7897893708999598e-05
-0.0003108486167236941,-0.0024585299686325614,-0.003504111679430325
-0.0005902098933932207,0.001475524733483471,0.004168357372090643
0.0013281140780092109,0.0021669229693834914,0.0037396896407101677
0.000891861761427073,0.0019748367574454677,0.005128205128205172
0.00017151187719750244,-0.0004573650058598982,0.00028585312866255823
0.0024687065368566743,0.0035813630041723666,-0.0019471488178025111
0.0006916777335104028,-0.00024900398406367584,5.53342186807819e-05
-0.00225524992605743,-0.001183081928423518,-0.005767524401064782
-0.0010401554758711178,-0.0005200777379355589,-0.0007390578381189112
0.0016998463600404752,0.0016344676538851295,0.00699552155862831
-0.0012020585252244212,0.002066038090229561,7.512865782667313e-05
-0.0027225206911572525,-0.0033396253811529544,-0.005154639175257789
-0.00026514147191391684,0.012991932123783216,0.013787356539524967
0.0026292978907829184,0.0008379081190406345,0.007136665703553801
0.002351557907113552,0.0004759105288206263,-0.0011757789535566168
0.0014753614635585346,0.002393364151995076,0.0031802235992263446
-0.0002996903200025806,-0.0007658752622290906,0.0009323698844526413
0.006656537153606739,0.006692713985963265,0.008429201939078156
-0.004484938376240557,0.0025073277536461474,0.006956951654483068
-0.0013887817298048515,-0.001504513540622032,-0.00023146362163414192
0.00039810898233397614,-0.00303558099029602,-0.003383926349838161
0.002203452074917305,0.0036199569802213825,0.005141388174807144
-0.0020747670602435193,-0.0019993209853256355,-0.0011694141612282709
0.0009463993805385417,0.0032693796782241715,0.002810519372508584
0.00034693748817262864,0.00028385794486840025,-0.0013562101810383107
-0.0005479852409309688,3.653234939535639e-05,0.0011325028312570865
-0.001408004505614338,-0.0027456087859480194,-0.010560033792108136
-0.0003230582850989488,-0.0001615291425494744,-0.0007538026652307786
-0.0004249565385358842,-0.001313502028201784,0.003013328182344882
-0.0011017047431288282,-5.7984460164787926e-05,-0.0006378290618115136
-0.0005896384444266497,-0.002385355525180205,-0.002519364262549912
0.0018873738540944808,0.0013481241814961202,0.004044372544488141
-0.00013729851443010507,0.0009061701952384438,0.0010983881154405285
-0.00011196118678847814,0.0019033401754058254,0.0032468744168688357
0.000502027418420527,-0.0006564973933192351,0.0024715195983780127
-0.0011198566583478042,-0.0013438279900173287,-0.0005119344723876144
0.0001434411532667418,0.0013268306677185846,0.0031557053718711736
0.0001866766227531953,0.0036268600992051757,0.0039735452557469976
-0.0001935658704657635,-0.0006968371336766165,-0.0002322790445588722
0.0003872066909317074,0.0010841787346086485,0.0036784635638503396
0.001202465053359361,0.005937171200961912,0.006012325266797019
-0.0026773296244785765,-0.0031988873435327392,-0.0019123783031989266
-0.00129159443934603,-0.0007137758743753766,-0.0007477652017265574
-0.00021048938782670503,0.0007717944220311188,0.0014734257147869354
0.002993329152175185,0.001282855350932338,-0.0018815211813671482
0.0007185559898827316,-0.0014083697401701802,-0.0013508852609796138
0.00017341240939205553,-0.0011792043838656228,-0.015086879617105283
2.748838615682373e-05,2.748838615682373e-05,0.0014843728524697314
-0.0018355264858715636,-0.0037744629146091867,-0.00382616788604229
-0.0008878366380585544,-0.0010223573407947362,-0.0014528235895504868
-0.0006026516673363025,-0.001640551761082125,0.0007030936118922577
-3.476567932134232e-05,-0.0010777360589626001,0.0007300792657489793
0.00024110587226755208,-0.0002946849549934548,0.0016341620231462004
0.0008236418146476461,0.002174414390669868,-0.015187955062102451
0.0019166116819053435,0.0014138938637007746,0.001288214409149543
-0.0034651169135903027,-0.006630105590570535,-0.00515674879266592
0.00017117425539183334,-0.0028072577884287915,0.0014378637452925678
-0.0011604685054245338,-0.0017002212986452082,-0.0004048145949156207
-0.0006371720641605069,-0.0013574535279940413,-0.0014128597944428837
0.003513313609467624,0.004511834319526728,0.008690828402366948
-0.0003038674033149548,0.0010220994475138247,0.003922651933701701
-0.0012176818735310136,-0.0012176818735310136,-0.0020389091835866973
0.001001784428513268,0.0009391729017312443,-0.0043828068747457476
-0.004773269689737379,0.0006613566437588585,0.0028467090318314093
-0.0022491821155944144,-0.0007156488549617623,-0.0017380043620501325
-0.0009159034138217709,-0.003941160144324218,-0.006827643630308178
0.00046578168147182474,0.00016635060052570572,0.0008317530026283395
0.00033822218122546134,0.001691110906127831,0.0025827875657226424
0.00033671777869870355,-0.00036261914629088886,-0.0018389970990467768
0.014606950380970105,0.01862107414978625,0.012562720683887736
0.003502425860534629,0.013579077311744663,0.00984698418166683
-0.0025300274308236934,0.0,0.0002663186769287222
-0.003190606853423521,-0.004785910280135281,-0.009858975177078781
-0.0030709600477041524,-0.00691711389385806,-0.0027728085867619262
-0.0018165304268846503,-0.0027611262488646355,-0.0027974568574022952
0.003961789099526041,0.00370260663507109,0.0075533175355451
0.0,0.00045879654137990274,-0.00321157578965952
0.0012791069507834465,0.0026454257391202306,0.002994273089333913
0.001454164727780363,0.0032282456956724457,0.0039553280595626275
-0.001968245637055393,-0.0029195643616322874,-0.003936491274110972
-0.001445608962775487,-0.003433321286591936,-0.00505963136971441
-0.00028456585921098456,-0.0023120976060896285,0.020275317468786642
0.00010005336179305484,-0.0009671824973317891,-0.0017342582710778477
-0.005605813436155974,-0.012576004745662027,-0.010054871718819476
-0.00025597542635901865,-0.000383963139538437,6.399385658989107e-05
0.0030626290433585215,0.0025120440467995913,0.0052649690295938495
-0.0005078416728902641,-0.0010455563853622785,-0.0007766990291261864
0.002002113341860771,-0.008064067626939484,-0.009760302541571633
-0.0019212631431863435,-0.0030390889719495743,-0.0022007196003772504
0.00010145846544076212,0.00043119847812305876,-0.0006594800253645933
-0.0006635280735569414,-0.0005371417738317669,-0.0009478972479383594
0.00032602494090799183,0.0006520498818159837,0.001385605998858888
0.0009771623206208215,-0.00106091909095984,-0.00318275727287952
-0.0015801354401805755,-0.004941058439929698,-0.0028843742162026017
-0.000972799042167063,0.0014966139110264307,0.005051071949713858
-0.0001688476150274441,-0.001294498381877125,-0.0005346841142535464
-0.00021058542748842577,0.003334269268566575,0.007054611820861964
-0.001228458109578543,-0.004878733635183191,-0.0164613386683514
-0.0006924608326840136,0.0009232811102456794,0.004010502322629168
0.0010744783125035216,0.002290335350336488,0.006022733699032956
0.0004592027092958935,0.002152512699824929,0.0004305025399649205
-0.000881591272246386,-0.0009642404540195678,0.00798942090473298
-0.0006405257881251013,0.0028127436782889354,0.005597638409268105
-0.0003031305114638824,0.00011022927689599996,-0.0004133597883597257
0.0013173753398548849,0.0018779605908568993,-0.00039240967570139406
-0.0003166834604865802,-0.0008061033539658257,0.0003166834604864166
0.0008929568032146783,-0.0011906090709528341,-0.002976522677381979
-7.081651441129754e-05,-0.002938885348063313,0.001380922031017585
-0.0005203455094181749,-0.0007978631144411883,-0.016269469594477393
-0.0013347570742126072,0.0027696209289908703,0.0031700480512546337
7.19191628610833e-05,-0.0013664640943579255,3.595958143064385e-05
-0.0004960844760993103,0.0008149959250204394,0.0014882534282981323
-0.00027780671597750083,-0.0021877278883218818,-0.002361357085807573
0.000856925225339719,-0.0002856417417797861,-0.0006347594261774427
-0.00028032143524567055,0.00043605556593778847,0.0011835793932598127
-0.0017438774736522086,-0.0021608916521343286,-0.0003411934187579612
-0.0006746587783486194,-0.0014790596294566225,-0.003087861331672629
-0.0009792081470118203,-0.002904984169468245,-0.0029702647126024903
6.768418558997532e-05,-0.0056177874039731466,-0.00483941926968766
0.0004507719469591847,3.756432891344333e-05,-0.0034559182600201314
-0.00032952548330415874,0.0,-7.322788517860944e-05
0.0006981740064448113,0.0016917293233082585,0.0006444683136412704
-0.0018856488652434582,0.005118189777089305,0.00525287898174962
0.0005218661935079054,-0.0003479107956720688,-3.479107956716733e-05
-0.0002502711270543973,0.0013903951503017157,0.0019743611134283795
0.0016703204927446087,-0.00010439503079663695,0.00020879006159307608
0.0004591895304787225,-0.0014158343856426915,0.00022959476523936126
-0.00017173278378843172,-0.00031484343694548525,-0.00143110653157021
0.001467031442052276,0.006621466238452034,0.00400459934181829
0.00031891992452229664,0.000690993169798259,0.00015945996226114832
-0.0024130959368682224,-0.005347942346572892,-0.005347942346572892
0.0028372818839552116,0.002979145978153043,0.004929777273372263
0.0012630249447426521,-0.003042741912334593,-0.004449292418979853
-0.0002911843925165032,0.0026570575817136863,-0.013976850840795049
0.0011309129197052624,0.0003119759778496435,-0.0004679639667745761
0.00040758100672510204,0.0005774064261937337,0.0010189525168127552
-0.00027629652142685806,-0.00013814826071342903,0.0029840024314093444
0.0005197220854532462,0.0013676896985611905,5.470758794255335e-05
0.0014920514350822292,-0.010715642124681212,-0.012261949975584564
-0.0014045413503660472,-0.001872721800488063,-0.0028759656221782324
0.0003563987279306817,0.0003563987279306817,0.0025222063822788023
-7.625147737252145e-05,-0.0014869038087614594,-0.0005337603416067833
-0.0023461661512211617,-0.0022750702072446283,0.001741850627421738
-0.0021751497506942987,-0.0008365960579593749,-0.0001003915269550337
0.004282903113786151,0.003163946444418695,0.004938843230312045
-0.0017328667051747847,-0.004213244538072132,-0.004858822330196075
-0.00041890890342537125,0.0017078593755035917,0.0013211742338801438
-0.00025453928389607724,0.0,-0.008795746365744548
-0.004582165815065248,-0.0012526784242623881,-0.0007582000988957249
-0.0015858281117042817,-0.0023980815347721994,-0.0042933395219308945
-0.00030560648997058856,-0.0010835139189864598,-0.0027226760015558655
-0.0007396970764352925,0.0008805917576611484,-3.52236703064139e-05
0.0010613662678501997,0.0011900167245593868,0.0016402933230412675
-0.002962962962963005,-0.0019629629629628617,-0.004629629629629629
-5.377355954072489e-05,0.000833490172882,0.0016400935659936376
0.00041865527924300777,0.0014234279494264167,0.000641938094839268
-6.532105297531456e-05,0.00022862368541378658,0.008622378992749319
-0.002173830136150388,-0.0005339231913351374,-0.0012585332367186
-0.0002970297029703083,-0.0010891089108910836,-0.0006683168316831233
0.0017194440464250544,0.0015761570425562729,0.00014328700386878168
-0.0020211498899195234,-0.008048507597358135,0.0
0.004605921032695924,0.0023332626284051448,0.00969667585830729
0.005813103246563439,0.004862532904358149,0.00625182801988899
-0.0011306461642828236,0.0022047600203517147,0.001780767708745696
0.0003337164893024398,0.002373095035040181,0.0029292891838778616
-0.0008938393839383626,0.0004812981298129344,0.0004812981298129344
0.0008338678640153653,0.0008659397049390051,0.00304682488774852
-0.0008681183534686837,0.0001446863922448834,0.0002893727844897668
-0.00013252054068368547,0.0001325205406838738,0.0029485820302148267
0.0005199363078021908,0.00107236863484218,0.0033145939622395665
-0.0003500509164969884,-0.0020048370672097614,-0.0015593177189409657
0.0002703328956514759,0.0010813315826061233,0.004363945315517091
-0.00013458225667515753,-0.00045757967269584163,0.002072566752799415
0.0005754212905878514,0.0013700506918755994,0.003014111522126381
0.00016139444803099385,-0.0007262750161393959,-0.004465246395523909
5.367254381016507e-05,0.0007514156133430738,-0.0011539596919196168
-0.0005658242172764443,-0.0004580481758903893,-0.0005119361965834934
0.000742921608012497,0.0010731089893514195,-0.0004952810720083835
0.002244994025419142,0.0010862874316544568,0.0009776586884889082
-0.0020056286998997334,-0.003752466599812274,-0.012713098049364368
-0.0019551077189158125,-0.0030454562544647975,-0.006579689438658495
0.0004884932696483034,0.0,-0.00018996960486320337
0.0009941204874031378,0.001789416877325519,0.0031811855596898474
0.00025090167790492104,-6.272541947636397e-05,0.0006272541947623918
-0.00014822500555851354,-3.705625138957572e-05,-0.003335062625064975
-0.0001608018653016436,0.0006164071503229925,-0.004368450674027807
0.000387350247627442,-0.002047422737459561,-0.0013833937415267132
0.0019426751592357123,0.0023885350318471337,-0.0022929936305733354
-0.002937816223274144,-0.00016321201240415004,-0.004178227517545387
0.0,0.00019506866416983212,0.00230181023720362
-0.00013131976362445533,-0.0007879185817465827,-0.0023900196979646095
0.0022514178232495097,0.0003989854370315095,0.0005699791957593224
0.0005138590817036421,0.0010277181634072842,0.001602031254723059
0.0013687023398291046,0.004464576679919196,0.005605161963110117
0.0009255509920749499,0.0004916989645398737,0.0006941632440562535
0.0002762507251580593,0.0012707533357274496,-0.002955882759192224
-0.0016546622542341434,-0.0012004412432678104,-0.002271105054831112
0.0009726170881340376,-0.0013092922340265073,0.00022445009726171732
0.00015597785114514329,-0.0017157563625965762,-0.001559778511451433
0.00047727900725965923,0.0002763194252556298,0.0014569569695296063
0.0004278158058494619,0.0036169881767268465,7.778469197254904e-05
-0.0019073927913706398,-0.0014141015522231217,-0.0027295448566166274
-0.00014947124546922934,-7.473562273472087e-05,0.0026157467957101327
0.002955805030552689,0.004121074321443765,0.0032400170527212913
0.0,-0.0015144735483426763,-0.0022372904691425233
0.00010856584518521174,-0.0009770926066658772,-0.0011218470669127575
-0.0018415499712256336,-0.004296949932860175,-0.002839056205639564
0.0006677127499751126,-0.0035388775748671102,-0.003104864287383401
0.002272023133326339,0.012805948569658061,0.009466763055526867
-0.0013674134848006255,0.0076259598190807675,0.005785210897233738
-5.2812252442518646e-05,-0.0012146818061789795,-2.6406126221259323e-05
0.0003374578177728978,0.0014248218972628252,0.0013123359580053348
0.0015261215218626023,-0.0005678591709254975,0.000638841567291336
0.0007407407407406986,0.007407407407407408,0.01551851851851851
0.004628369180506445,0.006670296760141698,0.005547236591342405
0.002305918524212137,0.014704407980483163,0.010727534003943386
-0.002896400692310385,-0.002154639539401694,-0.00045918547561017074
0.00012271067889671938,-0.0006442310642084742,0.00015338834862089923
0.0008524543581727365,0.0020600980322511334,0.0007814164949917256
-0.0005577392967172515,0.0009295654945289035,0.003107404653139318
-3.033336366666941e-05,0.0012436679103344805,-0.002032335365668747
0.007471841195494558,-0.0011895468569941385,-0.004832534106538833
0.0006630383733457254,0.001519462938917464,0.0018233555267010198
0.0020167825116145146,-0.0004321676810602677,-0.0011884611229158386
-0.000666222518321172,-0.0017669379833734427,-0.003736639341888076
0.0005027932960894045,-0.00022346368715079354,-0.0024581005586592052
0.0003926958570587229,-0.005268669415537525,-0.0074939459388702265
-0.0015295717199184807,-0.0013596193065942052,-0.00016995241332427565
0.0013207495253556893,0.0028891395867154924,0.005282998101422601
-0.005896059878548284,-0.007378901285129331,-0.009002965682813202
-0.0006047239612977231,0.0002845759817870805,-0.003130335799658493
-0.001047154684381011,-3.272358388687753e-05,0.003894106482541961
0.00041472596184519703,-0.0004466279589101843,-0.0007975499266254068
-0.00019211768580522883,-0.0007135799758480374,-0.00038423537161045765
-0.00012995451591949468,0.0008122157244964262,0.006595191682910892
0.0014490311710193995,-0.000134793597304197,-0.0017523167649536034
0.00043265460641958033,-2.704091290119495e-05,-0.0027040912901219543
0.0013845534185882875,0.0019132010875037532,0.0036501862853690176
0.0007057661091114004,0.0013762439127672607,-0.006704778036558604
0.0003801042571676432,-0.000923110338835727,8.145091225029745e-05
-0.0038113044728894084,-0.0035596145548684346,-0.0030562347188264876
-0.0006841646971017144,0.001430526184848798,0.0014616245801715713
-0.000550170290804243,-0.0035892061828661373,-0.005475504322766505
0.0030887597225732815,0.00752534186954204,0.0030326004548900235
0.0020212580588952226,-0.001812162397630186,-0.00048788987628501957
-0.002954350519393903,-0.005749864989357992,-0.005527494520156323
0.00032108913434376684,-0.0017659902388903524,-0.00391728743899297
0.0003937266224818051,-0.0005905899337225212,-0.014338211168711687
-0.003451882845188316,-0.0044281729428174285,-0.00041841004184102004
-0.0015661957425046637,0.0005753372115323366,-0.00022374224892921172
0.002327978981675442,0.001496557916791342,-0.0002327978981675253
0.000904879108151151,0.0002895613146085165,-0.0008324887794989191
-0.00025262550073980723,-0.0007217871449709071,-0.002454076292901043
-0.000379218809252902,0.001787745815049483,0.0008667858497209848
0.00013663068725242679,-0.0008880994671402886,0.0029034021041126614
0.0011317818490485718,0.00021220909669661977,-0.0015208318596590749
0.0003722176728949821,0.002679967244844675,0.0002233306037370739
-0.0010746910263300308,-0.0002844770363815527,0.0
0.00028453549580316614,-0.022933560961729983,-0.025010670081092513
0.0013191161921513087,0.00043970539738382163,-0.0028306034956578343
-0.004396551724137852,-0.008074712643678168,0.002298850574712676
0.0007099522395766983,0.00032270556344398717,-0.001710339486252655
-0.0017491159359672853,-0.0063880755922278674,-0.013574660633484137
-0.0006227830278086653,0.0006498605507568414,-0.0003249302753784207
0.0018356467511567547,0.005205190102595034,0.006764232548782935
0.00014696156954963798,0.0029392313909912975,0.002682048644279588
0.0019944156362185555,-0.0007122912986494956,-0.0022223488517865105
0.0014037360976138042,-0.0013677428643414874,-0.002627506028866434
-0.001498078551423108,-0.0012049762261447422,-0.0017586139516707498
-0.0025299553743981535,-0.0013001159562878097,-0.006887100741417407
0.0003799825208039134,0.0012919405707336512,-0.0035718356955579955
0.001437991021324243,0.0026304713804713806,0.006032547699214262
-0.0015492666804378871,-0.002134545204158936,-0.004096949666046953
0.0013097576948265066,0.00029105726551693255,-0.0007276431637924347
-0.0015717229576332947,-0.0010128881282526648,-0.0017114316649785516
-0.002261298052583671,-0.0021262951837726397,-0.0011475243848932863
0.0003221649484535187,-0.0012528636884307802,-0.002183562428407838
-0.0011049026107269183,0.0008839220885817141,-0.0015784323010386086
0.0002156256738302389,0.0018687558398619343,0.002659383310572878
0.0004005972540879626,0.0005826869150370554,0.0013838814232129805
0.0006683679669460762,0.004435532871551766,0.00589379025397982
0.0003576734716337299,0.0015957739503660402,-0.0011555604468165936
-0.0009010023651313492,-0.0004786575064759993,-0.0010980966325037818
0.00045632683738647945,0.0004831695925269953,0.0004831695925269953
-0.00023245002324501113,0.0010072834340616415,-0.0006198667286534364
-0.000404203718674262,7.34915852136351e-05,-0.0020945101785845273
0.001097634597442449,0.0012073980571867561,-8.232259480826947e-05
-0.0007656211410224803,0.0005680414917263972,0.0009878982464806968
0.0,-0.0006663591163052717,-0.0011789430519247002
0.006247502815008428,0.0064291162689331365,0.011296356834114321
-0.0007648601398600653,0.0011290792540792623,0.0015297202797203376
-0.0007402939241062695,-0.0006580390436499482,-0.003262776924764352
-0.0005983048030580249,-0.004254611932857004,-0.006747548612265346
0.0017547897129049355,0.0006328749784246316,2.8767044473824594e-05
-0.0004397675514372332,-0.0005025914873567614,-0.0007224752630752888
0.0005124175861714797,-0.002220476206743532,-0.006763912137464619
0.0011952448636774924,0.004134901150019295,0.0031657836929836485
0.0004220045214769747,0.004400904295403104,0.00813865862848527
0.001122214503286528,0.0009351787527387985,-0.0005343878587078198
-0.00036123252537646175,0.0005779720406026262,0.000975327818516919
-0.010018309323936967,-0.01216015476560624,-0.01171105814074012
0.0012276504658775696,0.0014165197683202865,0.008436162175774385
-0.0029927760577915536,-0.004334365325077368,-0.005607155142758843
-0.0010188487009678707,-0.0019201379364395513,-0.0012147811434617434
-0.0022376865763395998,-0.0014753977426415095,-0.0011803181941132078
-0.00016218495572354396,-0.0036653799993512453,-0.0017840345129586147
-0.0019667218181250445,-0.004058314862797775,-0.004869977835357295
-0.004109509752850657,-0.005353938762516706,-0.00836372055333693
-0.0022060445621002378,-0.0007353481873668853,0.0018016030590484928
-0.0018203432647299542,-0.0020432424400030143,0.0017831934021844795
0.000804549868220337,0.00038840338465802847,0.0002219447912331366
-0.0014849814377320206,0.002429969625379583,-0.0017887276409045885
-0.0015916256006855679,-0.0017752747084569928,-0.015885647822227657
-0.0030898486321345757,0.0007637828079432385,-0.001874739619497363
0.0001356520795464103,0.0032013890772945738,0.0018448682818307791
-0.001428979708488169,-0.0022863675335810115,-0.0022863675335810115
0.002611242457390907,0.000282296481880239,0.002611242457390907
0.00013750240629214138,0.00013750240629214138,0.0021175370568984457
0.000775275751488978,0.0015505515029777559,0.00264298551643937
-0.0004566992064850379,-0.002568933036478784,-0.00191242792715636
-0.0025645933014354677,-0.004555023923444967,-0.004440191387559905
-0.0014616657473801146,-0.0060948703805847665,-0.006453392167677969
0.0,-0.006975533576262332,-0.005969113309040328
0.0017272241937003779,0.0027635587099205335,0.0032032157774078505
-0.0011842151091917099,0.0003482985615268221,0.0007314269792065046
0.0017842274295230842,0.00389556322112526,0.006096110384203674
-0.002934451219512126,0.000609756097561071,0.003353658536585349
-0.0013887007180599681,0.0007112857336403588,0.0011177347242920473
0.0016305233980106687,-0.0025273112669166988,-0.0042393608348279856
-0.0005124332488267915,-0.0006203139327902297,-0.0013485085495442042
0.00024260067928187832,-0.003777639148818298,-0.007104734178970026
-0.0004122153137989232,0.0,-0.0005839716945485071
-0.0009239653512993612,0.0003079884504330475,-0.00015399422521663317
0.00020909566126498715,0.0007579717720856341,-0.0011238891792995473
0.0016245753950671902,0.0011815093782308744,0.0051321813616897185
0.0013153048876729627,0.0017362024517283766,-0.0009207134213709841
0.0024762570646158096,0.0016896812911495196,0.0010196352619006664
-0.0003817643877453776,-0.0016224986479177646,-0.001781567142811702
0.0003689617982631898,-0.00011352670715775565,-0.0018164273145257037
-0.005110075526273422,-0.005977824200546222,0.00048208259681836453
0.0011454113703031849,0.0027378125436513987,0.004386087442380201
0.004830210772833657,-0.005357142857142977,0.0007025761124120381
3.336670003333636e-05,0.0015015015015014635,0.0012679346012679194
-0.00019578411538211275,-0.00013052274358795152,-0.001174704692292491
-0.0019484370146556286,0.0011577669217519696,0.0024567249315223354
0.001772002362669964,0.00025314319466720624,0.0015188591680027578
-0.00017700994795911553,0.0010266576981625079,0.00336318901122239
-0.0004296640027499473,-0.001575434676749481,-0.0009166165391996596
0.002567004333544969,0.003891909796019675,0.004968395484280423
-0.0005724972329299541,-0.001030495019274004,-0.0006106637151252555
-0.00022104332449157882,-0.000821018062397344,0.0006947075912592221
0.0005427899402930242,-3.618599601971322e-05,-0.00068753392437126
2.813256062580248e-05,-0.00143476059190905,0.0006751814550160611
-0.0008007626310771384,-0.002745471877979132,-0.001067683508102851
0.0005570203126739843,0.008206765940064538,0.011029002190946453
0.00042232972433392323,0.00034554250172783474,-0.000806265837364584
-0.0003236245954692679,0.002049622437971928,0.003209277238403446
-0.002301831739341804,-0.004311881990598101,-0.005219646620197808
0.0025754101252426116,0.0012700652672429482,0.0014111836302700092
-0.0005095641266854636,-0.00011759172154280784,-0.0019206647851991575
0.0007371266102707585,0.00010530380146733673,-0.001298746884762556
-0.0009524172349422835,7.619337879531339e-05,-0.005790696788449014
-0.0003581661891117614,-0.0022683858643745454,-0.004297994269340967
0.00017465418471430548,0.00213078105351409,-0.0003493083694284124
-0.000701110991263054,0.001968503937007923,0.003047136231258905
-0.0006665600170639364,-0.0005065856129685857,0.00037327360955576803
0.0005589714924537736,0.0036333147009501242,0.007336500838457119
-0.0004280577592604135,0.0005707436790137225,0.001141487358027445
0.0016870402124011662,0.0011615686708336078,-5.531279384916702e-05
0.00048078574126854065,-0.0004121020639445192,-0.0003090765479582918
0.001181667276256973,0.0007877781841712087,0.004614129364431776
-0.0021474588403722107,-0.003681358012066619,-0.0008862528547567607
-8.328243850988161e-05,0.00013880406418287301,0.00011104325134629842
0.0005073727604248237,0.0002853971777389408,0.0001268431901061158
0.0015898746804665121,0.003086227320905322,-0.00021821809339732273
0.001906006643794556,0.0017426346457550138,0.0024505799705931332
-0.00022607810998711615,-0.0005369355112191198,-0.0027411970835924584
-0.0034193008621003153,0.0073842348404931524,0.0021461569240841544
-0.007999769790797308,-0.010532071019538914,-0.0044603033006244755
0.0008618906433151761,-0.0012411225263739007,-0.002516720678480377
0.0,-0.001176989848462532,-0.0013608945122848483
-0.0025661213658764045,-0.003003528416878166,0.0016329863237395453
0.003564597461311129,0.0055642496957051405,0.010143163507795745
-0.00020849078731329413,-0.00023455213572743736,-0.00023455213572743736
5.4854635216625916e-05,-0.002221612726275376,-0.002276467361492158
-0.0005456600537864379,-0.0010133686713177336,-0.0008574657988072278
0.002367978089070167,0.001683261533194579,0.0008273658383498915
-0.002148337595907913,0.002523444160272836,0.0021824381926683254
0.0037461356610293856,0.002109474449899924,0.006873977086742995
0.00016943409013878185,0.0007116231785834616,0.0021348695357505773
-9.128529698141649e-05,0.003803554040895813,-0.0009128529698150297
-0.0005388124573439321,-0.002442616473292887,-0.002478537303782455
0.0015893307535500105,0.0034896175240990597,0.002556749473102336
0.0016231424036935096,0.0031741451450007048,0.002019910546818649
-0.0017036333256889513,-0.007338728172198044,-0.007371490351538184
0.00041634862257979217,0.0021164388314480493,-0.002151134549996546
-0.000523724730281883,-0.0011521944066200233,-0.002583708669390067
-0.007167861310218294,-0.007034505750958539,-0.00513418903150513
0.0007356805044667591,0.0010159397442635154,0.005079698721317178
0.003056795255853763,0.003790426117258694,0.009414929388029715
-8.293478561366089e-05,-0.002183949354490975,-0.00436789870898195
0.0,0.0006418306125295419,0.0006139249337239303
0.0016175471514994662,0.003073339587848949,0.0022645660120992157
0.0009717386023158604,0.00013496369476598516,0.000647825734877189
0.0005065856129686109,0.0002532928064843854,-0.005797590903973889
-0.0018734631747394318,0.01018695601264593,-0.00042933531087762695
-0.00015602084438484526,-0.0057415670733611,-0.00683371298405484
-0.0011622436837590722,0.0009131914658106209,-0.0003043971552702594
6.637682121397169e-05,0.000630579801533297,0.001261159603066594
-0.0002861007074490575,0.0007802746566790327,5.201831044522942e-05
-0.0016547953090151678,-0.0018706381754084417,-0.0028059572631125604
0.00016129032258068183,0.0010967741935483065,0.0020322580645161146
0.0008778636762665372,-0.0011044091411094679,-0.002152181916008243
0.0024196018376723446,0.006952526799387387,0.006156202143950968
-0.0004738213693439036,-0.0008461095881138524,-0.0003384438352456179
-0.0036918626779326607,-0.011265890233691239,-0.012902489152774553
0.0015634597129934732,-0.0005025406220336334,-0.0007258920096040842
0.0013348393058835143,0.00027381319095041957,-0.0010610261149330946
0.0006781959986436338,0.002967107494065817,0.005142986323047341
-0.00020561324149275992,0.0010623350810458937,0.00037695760940342565
-0.00059294396679502,0.001964126890009004,0.0016305959086866208
-0.0019101567645895933,-0.0048083256487945585,-0.0015149519167434447
0.000459248453413186,0.004646513763946215,0.0005402922981332593
-0.0008615963029685865,0.0013315579227696538,0.003250567870290642
-0.0013750429700927047,-0.0005729345708719739,0.0022057980978573356
-0.0013510977669356865,-0.002514543066241381,-0.0021767686245073524
-0.0007895553111693109,0.0,-0.003609395708202839
-3.170577045019311e-05,-0.0003804692454026777,-0.00047558655675325706
0.0009406579230273671,-0.001128789507632657,0.0002418834659213928
-0.0005197145034993322,-0.010463585337121412,-0.02252096181830781
0.0011024663747754618,-0.00018899423567581903,-0.0034018962421647424
0.008470335954253054,0.020907791279485225,0.025518227305217963
-0.0004442996356743997,0.004057936672491942,0.019578803945380804
-0.0001672427249414714,-0.0007804660497267609,-0.0006689708997658856
-0.004189298509187532,-0.002946954813359476,-0.0030047382410725194
-0.0007605633802816389,-2.8169014084481422e-05,0.0033521126760563315
0.0002980706698459701,0.0014090613483632717,0.0038207240407543033
-0.0008325134337393872,-0.0004919397563005959,-7.568303943079472e-05
-7.691518818590287e-05,0.0007178750897343162,0.0008717054661059763
0.0003585020131266766,-0.003998676300259193,-0.0036953284429982677
0.0008486175745962285,0.0022447303586093435,0.0012044894607172124
-0.000666247177702953,0.0004071510530405182,-0.0008883295702706039
-0.0001720197576978674,-0.0013515838104834034,-0.0013024353082840526
0.00010790105473286522,-0.0011329610746943948,-0.0017803674030912795
-0.0007793704042561017,-3.3885669750231794e-05,0.0008132560740063336
-0.00019241341396369758,0.002996151731720657,0.0012644310060472225
-0.006089238845144389,6.999125109354964e-05,0.0024846894138232005
0.0007231567363620856,-0.0005659487501965315,-0.0022952365980192365
-0.00011371820628493824,0.004586634320154579,0.005306849626625136
-0.0007397889654635274,-0.004282988747420451,0.0033095822139159086
0.000740314222258887,-0.0034273806586054677,-0.00032902854322613734
-0.0012173726234381173,-0.0005370761573992413,0.0005728812345589465
0.0022944406830663266,0.00327239900699618,0.0007146618521026018
-0.001228021211275461,0.0015071169411106993,0.0008651967624895402
-0.000927516317416828,-0.0003778770182068486,0.00034352456200606625
-0.0016714954312457263,-0.0016714954312457263,-0.0006128816581233854
-0.0007778799236262303,-0.00010607453503985827,0.0005303726751998944
0.001711146468133629,0.004953318723544707,0.0018312269220378062
-0.00028511689792825136,-0.002597731736678863,0.0
0.0004338771259978516,-0.0004628022677311842,-0.004078444984380495
-0.0008756283444139408,-0.0008107669855683476,-0.002594454353818749
0.0001569021244548008,0.00021966297423664974,0.0020083471930209505
-0.0012544690459763974,0.0032302577933888623,0.0021325973781597153
0.00023284694194350463,0.0024837007140639023,0.0016299285936045324
0.0009800352812701894,-0.005404194551003856,-0.0005320191526894905
-0.0009282293097686853,-3.7129172390713646e-05,0.0006311959306427651
0.002136159351939296,0.0016090550962659961,0.004327803362370312
-0.0010989376935630255,0.0017316593959172193,0.004495654200938978
0.000427868501747146,-0.0017471297154672762,-0.004742209227697298
6.688739507033815e-05,0.0026754958028159972,0.0042473495869702746
0.0006065284516981981,0.002426113806793106,0.0034186149095719897
0.0010891763104152253,0.001497617426820959,0.009223961878829066
0.003146247167044412,0.00487934942007728,0.005625916544460775
-0.0027797081306464564,-0.0028894334515929205,-0.0008778025675725433
-3.6501679077204355e-05,0.0009490436560083507,-0.0005475251861584803
-5.602083975233694e-05,0.0007282709167810171,0.00036413545839050857
0.000182481751824859,0.0020437956204379646,0.0012043795620437375
-0.000733637268773331,-0.0009694492480218114,-0.0015982811926846241
-0.0005388705273747453,-0.0011855151602243172,-0.004957608851846513
-0.0005254998817624968,-2.6274994088102437e-05,-0.00015764996452876395
0.0004541068286315066,0.0004541068286315066,0.013566441505364221
9.971083856806168e-05,-6.647389237870778e-05,-0.0014956625785222475
-0.0007867820613688686,0.00010262374713518817,0.0018814353641433018
-0.0001637331150225195,-0.0004911993450675585,-0.0008732432801200524
0.0009958791208791913,-0.0009271978021977398,-0.0020947802197802665
3.579994988003761e-05,-0.011599183761142768,-0.015716177997350755
-0.00028746646224599143,0.0009262808227929618,0.0018206209275584298
-0.0012426219322770984,0.0010166906718631242,0.002061622751277975
-0.00018860807242548143,0.0005658242172765975,0.0003502721345044874
-0.0023542445644645824,-0.001488713474587834,-0.006508793795873133
0.005161142332836421,0.00045876820736324715,0.004511220705738452
-0.0016377333770062233,-0.0069112348509663074,-0.0074025548640681
0.002736820498785575,0.005028907666518321,0.0042762820293524
8.327319158393815e-05,-0.0006384278021429473,0.0007772164547827391
-0.0010189063738253587,-0.0004905845503603738,-0.004792633684289904
0.001308615049073114,-0.002149867580620027,-0.0030534351145036966
-0.0013683831472812225,-0.0014764133957506957,0.00028808066258546666
-0.00041006014215419815,-0.006082558775286949,-0.005057408419901454
-0.0003831941973451299,-0.0018064869303408375,-0.0019707130149172773
-0.0004095391109850847,-9.450902561203906e-05,-0.0018586775037017038
-0.0013883379611265628,-0.0013033376777922014,-0.0004816682722276192
0.0001536570374923521,-0.0013829133374308196,-0.00039950829748001065
0.0007261886561687729,0.00045864546705398466,0.0018345818682159387
5.492694716022687e-05,-0.0011260024167857438,-0.005108206085905783
-0.0010379853199219433,-0.001235696809430838,-0.001828831277957663
-6.388143605462441e-05,0.0017567394915038053,0.002363613134023282
-0.00027485364043637383,0.0005771926449166819,0.002033916939229885
-0.001424501424501504,-0.002123313444068216,-0.0029833897758426427
0.0008904238957394136,0.00210463829902046,0.002374463721971872
0.0001143772160584571,0.0007243890350375451,-0.010827709786877242
-0.00013057387216806041,-0.001925964614480561,-0.0009793040412611953
0.00020467836257307946,-0.0008187134502923179,0.0010526315789474083
-0.0002109111361079945,-0.0034448818897638432,-0.00397215973003373
-0.00014697776961221246,0.0009186110600771634,0.0021679221017822225
0.0014739229024942795,0.002494331065759624,0.0033730158730158667
-0.0028073227630382664,0.0007117156300660584,0.0014629710173579714
0.001647446457990146,-0.014894260834482085,-0.018760716807315954
-5.3805385919081574e-05,-0.00236743698044173,-0.0016948696564525988
-0.0024381748519681137,-0.00135841170323944,-0.008672936259143187
0.002608172273122359,0.0036113154550925703,0.0009697050759045692
0.0004463289444320029,-0.0003188063888801056,-0.00035068702776807996
0.0005584621715360582,-0.0007348186467579801,-0.00020574922109238146
0.010122134850259314,0.011878868997824971,0.0008365400702693976
-0.0010276532137518189,-0.0008408071748878357,0.0020553064275036378
0.002847457627118675,0.0017084745762711742,-0.0015999999999999322
-0.0003173176084829694,-0.0001586588042414847,0.0015601449083744745
-0.010236742697309642,-0.013033824504743616,-0.013927737247325588
-3.901982206957588e-05,0.0005852973310443035,-0.0032386452317776813
-0.0008391305524727344,0.000730855642476198,-0.0002706872749912642
0.00034307278860999646,-0.0021727943278632023,-0.0030590656984389995
-0.00010882971776837247,-0.0006529783066096162,-0.0019952114924182375
0.0010941839912464897,0.0034789439721684737,-0.0012905759896753347
-0.0009459812108560166,0.0008155010438413361,0.0008155010438413361
-0.0005048555222285389,-0.003296409586315486,-0.0015442639503460893
-5.581758812196648e-05,0.0001674527643660581,-0.002790879406100862
0.002359203919907969,-6.0492408202715536e-05,-0.006714657310507614
-0.001225740551583129,-0.0022763753100830957,-0.004231723332846896
-0.0011966927763271834,-0.0037351319988394717,-0.0016318537859007422
0.0012817226352218475,0.0009292489105358257,0.0022750576775187018
0.007540582998778234,-0.0021295164950253576,-0.006004538313841754
-0.004022172649225978,-0.0012167917258163105,-0.0029743797742175196
0.0,-0.001133472708495979,-0.0005793304954535609
0.0012664293537785723,0.0036966046002190034,-0.0006845564074481293
0.00010305382844963317,-0.0008244306275978464,-0.0008244306275978464
-0.0008962822213458573,0.0059871652385903845,0.0007528770659304469
-0.0005341880341879822,0.00019078144078148418,0.0015262515262516566
-0.00018946570670706756,-0.0008119958858873884,-0.0007578628268282702
0.0012449071978272255,-0.0004526935264825885,0.0041874151199638365
-0.00020605810838654495,0.0038267934414648124,0.0006181743251598022
0.008174809189880335,0.008058579675332161,0.007399945759559753
0.0005407284384534639,-0.0011200803367966492,-0.003167123710942219
0.0012736874805841102,-0.0010562286424354614,-0.0032929481205343347
0.00022297964514380014,0.0010193355206574496,0.0017838371611505822
0.00020842741515268097,0.0014589919060687669,-0.0002431653176780949
-0.00047987934462187683,-0.00020566257626654648,0.001268252553643671
-0.001998793181475447,-0.0008674008146025726,-0.003054759390556653
-0.0016077170418006687,-0.008001196440589197,-0.010543632692739077
-0.0015073861923424403,-0.0023113254949251255,-0.0032492546812714655
0.0,0.0007473014115692826,-0.0004705231109881426
0.0014882700818548366,0.0033290251830963625,0.008185485450201712
-0.0016241556236388382,0.007640913956664549,0.00594293307740562
-0.0001656223258895362,-0.0010765451182819068,-0.0038369172164407386
-0.0010342846198047831,-0.0013407393219690585,0.001225818808657319
0.0006242413733308478,0.0003468007629615602,-0.022333969134732085
-0.0017033499215124669,0.009552119167696325,0.011055074980795571
-0.000530166472272414,-0.0019439437316651164,0.00021206658890892544
0.0008394895903291117,0.00305014551152892,0.005288784419073165
-0.002701741912548848,-0.003092783505154655,0.0056167792392462996
0.0004975124378108463,0.0006840796019899578,0.0019900497512437385
0.0004090099038826327,0.0009640947734376817,-0.0016944696017997631
-0.000447781758060056,-0.00017222375310006673,-0.0006888950124000711
0.00012815583749846361,0.0010893246187363033,0.0011854414968601966
0.0009369794558577936,-0.004580788450860806,-0.0029497501388118497
0.0017111222949169297,0.003489347424928581,0.004193927193423922
-0.0007317383558157871,0.0036268770679561795,0.004199541868159815
0.0017638988697981986,0.0021885411903051414,0.0012085973737505865
0.00017743709854840315,-0.0014194967883886373,0.0023776571205506194
0.0010462892809465802,0.0014431576288919336,0.00418515712378673
0.0003410283315844582,-0.00642707240293806,-0.012067156348373468
0.0014083489816553024,0.003430593673262995,0.004622273580817466
-0.0003920927952949013,0.00094755758862919,0.0016663943800032377
0.0006372906045157696,0.0010318038358825925,0.0020636076717650124
-0.0017250484069706357,0.0034853018834712516,0.008308396409082956
0.0007202814638335343,-5.540626644884243e-05,2.770313322434248e-05
0.0003283425269241619,0.001477541371158355,0.0010506960861570566
0.00040217711880305993,0.00024130627128180545,0.0006702951980052014
0.0009351100424138286,0.0017366329359115044,0.0029389172761580184
-0.0008461429981667223,0.000916654914680549,0.0017980538711041846
-0.0017283594987758106,-0.007921647702722329,-7.201497911579523e-05
-0.0006169183693613661,-0.00037015102161690384,-0.00029612081729346693
-0.0003297428006154283,0.007364255880413244,-0.0020150948926504412
0.0032868707772841957,-0.0027086249923914613,-0.0060867977357112425
0.0012105822605408296,0.006259596078894545,-0.006791071217668629
0.0003599313361758554,0.001965778836037376,0.0001661221551580992
5.548927669722778e-05,0.0024137835363316163,0.0031073994950475948
-0.0010267269868771238,-0.0007379600218180068,0.0012834087335963592
-0.00011450163164814685,-0.0017461498826357041,-0.00020037785538441972
-0.0005713673534977259,0.0038567296361105632,0.005785094454165642
-0.0005065214638469297,-0.0017411675319742035,-0.0015512219830315598
-0.0016953323671761904,-0.0018047086489293928,-0.0012851713106012154
-0.00023434099963172704,-0.0010712731411736908,0.0015734324260989834
-0.0035683650711956206,-0.002916452221650252,0.0007205352547608043
-0.0004689754689754526,-0.007792207792207678,0.0021284271284272432
-0.0003035310782097568,0.0027317797038885782,0.005969444538126815
0.0020940140082315838,0.0024550509062026384,0.00501841288179647
-0.001090661213360538,-0.00490797546012273,-0.00490797546012273
0.000363711940143371,0.000701444455990808,0.0003896913644393049
8.028689182672138e-05,0.0008831558100946959,-0.0012310656746776117
0.00029522275899075895,0.0007783145464303907,0.0012614063338700226
0.002189239332096382,0.003599257884972272,0.012393320964749443
0.000313643491897555,0.0006011500261368566,0.0006534239414532148
0.005356746648071247,0.009160353735459084,0.008146058512155673
0.00011287637215345674,-0.0001410954651917808,-0.0013262973728025151
-0.0006934620398879365,-0.004022079831350001,-0.007739036365149271
0.0004854892652929303,0.0024274463264646515,0.0026971625849606215
-3.4027494215295036e-05,-0.00047638491901451737,-0.0033687219273173035
-0.012511170688114342,-0.010723860589812348,-0.008077266790403598
-6.744680133538533e-05,-0.0020908508413986704,-0.0027990422554209833
-0.0041975098556395855,-0.004169148302560965,-0.008395019711279332
0.00030149743727188983,-0.00020099829151452975,-0.009078422833405847
0.001854003411366277,-7.416013645458363e-05,0.00017304031839430952
-0.005902057744456742,-0.00669963311532929,-0.0074972084862018375
0.0007387508394894911,0.004633982538616506,0.004466084620550651
-0.002467711438002698,-0.014037111816171509,-0.015767714642822676
0.00023156188491369712,-0.002344564084751656,-0.007409980317239788
0.0014184791678255296,0.0033097847249262883,0.00556266340323747
-0.000650171573054025,-0.00184215279031984,-0.002131117933899338
0.0005450722869676756,0.0010122771043684772,0.0020505100319257157
9.588340577866772e-05,-0.0001917668115571538,0.0
0.0015385153327039326,0.0032518619532151713,0.0004895276058602971
0.00013556013447568423,0.0016538336406030085,0.0011929291833857438
0.0006921745818112163,-0.0007690828686790565,-0.0014997115939241927
0.0002626543094067509,0.0002626543094067509,-0.0011631833702300187
-0.00040781925450634094,-0.004458823849269967,-0.0029091106821456545
-0.00028107257293823683,0.0012648265782226249,0.0006183596604644086
0.0023104310279524797,-0.0012877812286947012,-0.0022346791909702863
-0.00011026878015167599,-0.0007167470709855022,-0.0007994486560992983
-0.0007702261383942325,0.0010475075482162543,0.0020025879598251097
-0.0016933413448407839,-0.00027311957174841836,0.0026765718031354626
0.0010541471692292513,0.0,-0.002339692497557528
-0.0015890213073311585,-0.0012639942217405776,-0.0026363308053447506
-0.0008431439902571235,-0.0015613777597351902,-0.0032476657402492597
-0.0018493754801264235,-0.005007539761572958,-0.0014795003841011711
-0.0005685910314240448,-0.0003032485500928095,0.001099275994086731
-0.0009196042914868076,-0.0017556081928382205,-0.004625888254145255
0.001223862719058478,-0.0013801005129806857,-0.005520402051922891
-0.001149041847362772,0.0006301197227471702,0.0006301197227471702
-0.0011414375398664915,0.0,-0.00013428676939611394
-0.00016004097048848143,-6.401638819550174e-05,-0.0018564752576660933
0.00018113754377491328,-0.0007849293563579003,-0.0006641709938414058
0.00024610624758286106,3.515803536895161e-05,0.0030587490771015876
0.0002360903439050178,0.00010492904173558004,-0.0004984129482437442
0.0009603631918979806,-0.00011640765962406281,-0.002095337873232138
-0.00030443085268302327,-0.0038745744886944824,-0.003957601084880876
-0.0019213860031913734,-0.0023121763767218534,-0.0003582245090696377
0.0021223103797304147,0.00440787540405532,0.0031018382472982843
0.0008943972401455718,0.0007666262058391653,0.0016610234459847372
0.0007269627995587176,0.0009525719442494622,-0.005339416424345722
0.0019466073414905812,0.007150802478944905,0.0018671539806133755
0.0008932411420254695,0.0014225692261885295,0.0054586958679327564
-0.0011127463297318722,-0.002297282745252832,-0.0012204314584155032
-0.0004410658225878004,-0.00012972524193760571,-2.5945048387491645e-05
0.0005282885965133868,-0.0007546979950190218,0.005685391562476393
0.0007338372349012571,0.0029720408013502687,0.0027885814926249023
0.0007234581298608108,0.00041340464563476996,0.00010335116140872922
-0.0006515668631710716,-0.00313372634191744,-0.0036611852311511225
-0.0010764676483027548,-0.0009995771019952746,0.004459651685825105
0.0008871297939128938,0.003650880305718552,0.003548519175651769
0.001315609154446927,0.004385363848156683,0.0032067973139645305
0.0004499606284450281,-0.0008249278188157428,0.0005624507855561785
-0.0009206933773573575,-0.0019683789446949154,-0.0029525684170423733
0.00035021158616665564,0.004932146505180207,-0.0009338975631110264
-0.0008041482960375467,-0.01231178770484984,-0.01436375232232484
-0.0013748239554692006,0.0005700489571455941,0.0015089531218563095
0.0006815084052704497,-0.00012981112481327844,0.004965275524112513
-0.0009569683243485003,0.0009569683243485003,-0.0026157134198857798
-0.007890583903208839,-0.014132912502191734,-0.01122216377345253
0.0006658343736995675,0.0008600360660285817,-0.001137467055069963
0.0010224673752186075,0.0009955603390286684,0.0006457688685591527
-0.0003156565656566374,-0.0005997474747474676,-0.0014204545454545095
0.0009941416651873941,7.101011894208647e-05,-0.0019172732114325001
0.0008078767987881676,0.0012118151981821796,0.0028023226457964067
-0.000292207792207711,-3.2467532467502937e-05,-0.0019155844155843344
0.00012288031457366818,-0.0009523224379454482,9.216023593029479e-05
-0.0004894933743574923,-0.0007342400615362384,0.002237683997062992
-0.0010453920220082405,0.0005777166437413467,-0.0007702888583217956
0.0011517922585598552,0.0015706258071271112,0.0011866950542739586
0.0014141113426614893,0.002865436141708774,0.005433164632330974
0.0013896057489974762,0.0073053559375868635,0.0017469329415968464
-0.0002864599910880127,0.00464701763320383,0.005729199821758264
-0.00601851851851851,-0.0047720797720798855,0.003062678062678111
-0.0006914433880725342,4.938881343385271e-05,-0.00242005185825401
-0.0014904745128858604,-0.002926749952575768,-0.0029538494891736674
0.002418930762489037,0.005749342681857971,0.005784399649430245
-0.0038908279452995755,-0.004148309206385665,-0.0007724437832581067
-0.00021563342318060117,-0.003773584905660418,-0.005462713387241623
0.0007004763239002522,0.0020453908657887872,0.001681143177360669
0.0005478216035061095,-0.0014823408094869152,-0.0014501160092807058
0.0003529713772301811,-0.0010268258246694687,-0.0026633294827364397
-0.00047952431188253976,-0.00031968287458848096,0.0010229851986828847
0.0025255042700960055,0.0022596617153491073,0.004253480875951127
-0.00030102347983136695,0.0025210716435882597,0.002934978928356523
0.0007058956403885249,0.0011011971990060603,5.647165123103063e-05
-0.00025078719313409263,-0.0006687658483573693,-0.0013375316967147385
-0.0011971010741555733,-0.001261809240326085,9.706224925595173e-05
0.0012513601741022294,0.0007344940152339004,-0.00021762785636572613
0.0023177863357580135,0.005883611467693543,0.006775067750677426
-0.0026549996260565264,0.0019445067683792603,-0.0041507740632713095
-0.0002108370229812435,-7.027900766034792e-05,0.0010893246187363916
0.0,0.00455877564311296,0.011975831252939696
-0.0013660104459623616,-0.0014731485201553807,-0.00010713807419317118
-0.0013260748185371142,-0.0023031825795645764,-0.005827749860413232
-0.0007662835249043096,0.0007662835249041116,-0.0014977359804946248
-0.0003159335837400633,-0.003615684347246216,-0.0050549373398392165
0.00022352077146595517,-0.0003831784653702607,-0.011559217038669108
-0.0013794371896267716,-0.0021151370240943368,-0.0009502789528539092
-0.001350857977364018,-0.003504928806133551,-0.00460021905805035
0.0012464831368637268,0.00359699419494993,0.005555753410021732
0.0016482786122557613,-0.0013292569453675397,-0.003668749169214397
-0.0019344994823169842,-0.004768132526837774,-0.006103209634352376
0.0017063681659954953,-0.0035833731485903847,-0.005221486587946122
0.002839785757935298,0.004529278550630831,0.0035946655163737015
0.000657408168296516,0.000657408168296516,-0.00030131207713592913
0.0007620348959428749,0.0007357578305654108,0.00015766239226403794
-0.00011235534249643352,-0.0014231676716227686,0.0008988427399723198
-0.007677934431799041,0.0009172753524714856,-0.005809410565653257
-0.0018436820965299344,-0.0020082965694344294,-0.0004938434187134855
-0.004567288762894703,-0.0049216473738089616,-0.0012993149066855031
0.00040862788593440456,-0.002393391903330297,-0.0028020197892648676
0.0018865335802975731,0.0032585580023324024,-0.004767784866570773
0.0004710315591143472,0.0006926934692859715,-0.0001385386938572258
0.0016771621151230327,0.0009493370462960393,0.0008860479098763633
-0.00013445920507721015,-0.0003764857742160661,-0.002474049373420147
-0.0006639187806025314,0.0014661539738304592,0.002959971230186155
-0.00018160591516407621,-0.0010118043844856307,-0.0018938902581397364
-0.001914614893688466,-0.010244869167982113,-0.015552047294346833
0.0012857510214577235,-0.0008000228577960214,0.0009143118374810514
0.0003079765937787518,-8.399361648522988e-05,0.0010079233978216445
0.0006126068031597541,-6.448492664833729e-05,0.0002579397065937157
0.0009593246354567009,0.0011237802872492739,0.0004933669553777185
-0.0013925813394100447,-0.005855171540701247,-0.006076718571971006
-0.0005315577439570214,0.001986347358997257,0.003329230080572957
0.0009316071830125079,0.0013813485817083966,0.0024093289215843744
0.0005730189914865191,-0.001910063304955374,-0.0034108273302772317
0.0003305876194936625,0.0027273478608226373,0.0016529380974681558
0.0009432973482862795,-0.0004192432659050573,-0.0026901442895574837
-0.0012019610944171927,-0.0019294638620906432,-0.0014550055353470808
-0.004019058114283708,-0.005088646160827126,-0.00469970505299319
-0.00041550886851732976,-0.0006232633027761423,-0.002051575038304777
-0.00041274248621069997,0.0006378747514165169,-0.005253086188135444
-0.0003242717397178959,-0.0014862454737069972,-0.001188996378965567
-0.000843850895215799,0.0023847960082182904,0.0013574992662166295
0.002380322665961288,0.002810103147315412,0.0040994445913779725
0.0012712431419777714,0.0019068647129666572,0.0039809982604041136
-0.00036151982936272274,0.0016268392321318412,0.00708578865550768
0.011112287014498807,0.010724238896532132,0.005079902635199483
-0.00040144520272987716,0.001678770847779411,0.0012408306266195827
3.7028808412911596e-05,0.00033325927571641484,0.0008886914019107201
0.001466226798627071,0.0041320937052217975,0.0015661968076244705
0.0018614125662907762,0.0036174621571312213,0.004038914058932944
-0.007943360386807088,-0.00860530708570757,-0.008921890289529633
-0.0025526845732761643,-0.0019003318489945712,-0.000595626400431062
0.0006673691605198375,-0.0029153494906919005,0.0012293642430629532
0.0006282722513089243,0.0008638743455496965,-0.0010209424083769277
-0.00325331648768171,-0.0026216045483260925,-0.0033164876816172183
-0.0014807072554655254,-0.004180820486020375,-0.000638736463142082
-0.00012626661195119942,-0.0001578332649389544,0.006849963698348935
0.0003541655315207199,0.003459924807933258,0.003541655315207354
0.0020193278523005995,0.001298139333621858,-0.00014423770373583032
-0.0007579585649317099,-0.0001082797949903615,-0.0037897928246589598
-0.00023035503469734494,-0.0024475222436581034,-0.0009502145181261796
-0.0020289373025110823,-0.0022950274405454775,-0.002893730251122583
-0.0015605050361753362,-0.0005674563767909213,0.002979145978153043
-0.003911618564330115,-0.008069915776861416,-0.007717517708002952
-0.0001301024556837327,0.0007155635062612695,6.505122784205124e-05
0.0017709772252328835,0.0045691212411009124,0.0025856267488400743
0.00463253221873906,0.015639150121908574,0.01901776384534998
0.00040801060827583063,0.000476012376321738,-0.0005100132603448849
0.0020578248791028662,0.0028123606681071207,0.0028466577494254694
0.004027103042700048,0.011569930963947855,0.01745077985170027
0.0023813181748348613,0.003879244123521243,0.003495160546934891
0.0013472271864947598,0.0017046548074015138,0.0016221715102692582
-0.002874359329546974,-0.003913284388419433,-0.0034284526942790178
-0.0004660854307178152,0.0002193343203377312,0.0005209190108022091
-0.006909482309642058,-0.008853859240998616,0.000520815249470623
5.361499075151772e-05,-0.0008042248612710896,-0.00016084497225409602
0.0010928549894481596,0.0015450708471509201,0.002449502562556441
0.0003542787207317905,-0.007600888917517516,-0.009307868208315844
-0.0011184609976672825,0.00012782411401917508,0.005432524845812126
-0.0038450270982862585,-0.0016112494507104062,-0.0026365900102532976
0.0007871859812445006,-0.00020535286467246994,-0.0005133821616812722
-0.0013922473803766229,0.00608192276690857,0.013043159668791684
0.0,-0.0007989183874139347,-0.004363323500491691
-0.0011437534721086432,-0.0017319695434788822,0.005130551289173535
-0.0013318174435602566,-0.00038980022738348074,3.2483352281925955e-05
-0.004147102169517016,-0.006580525756588954,-0.004010007882921339
0.0011424980720344383,0.002199308788666367,0.002542058210276731
0.0013476570020408253,0.002541296060991202,0.003272881290670451
0.00025618855477644643,0.0006084478175937418,-0.002657956255804221
-0.0012516566043291673,0.0016934177587985438,0.0013620968929465636
0.0,0.0006989050487568793,-0.005391553233267895
-0.0009075096422897688,-0.0031762837480147285,-0.0024578386145351935
0.0009959891248755137,0.00013459312498320645,0.0012382567498451628
-0.00048253491676259277,-0.0002948824491326617,-0.0007774173658954069
0.0005994781014176455,0.0035263417730446436,0.0065942591155935
0.0007010255744516128,0.0001557834609892309,0.0009347007659353853
0.0007411704047435492,0.0012567672080432662,0.002191286414024255
0.0010525441099079088,0.0019388970445670597,0.0024097720411046302
-0.0007343491830367007,-0.001615568202680366,0.0011382412337066358
0.0001145442570373714,0.004753586667048552,0.0032358752613040735
-0.000542330307701084,0.004195923959582198,0.002226408631615087
-0.0007304369918699764,0.003207571138211353,0.005335365853658559
0.0004761652822602159,-0.0008729696841436541,-7.936088037662747e-05
0.0007967575432153023,0.0015588734541171186,0.0007967575432153023
-6.80202700404102e-05,-3.40101350202051e-05,0.0
0.00047441792569883755,0.00047441792569883755,-0.0006568863586599768
0.00022568269013764443,0.0008704903762452262,0.003352999967759498
-0.000339916380570457,0.00044189129474147816,0.0012576906081104202
-0.00023368732635726896,-0.0007270272375560791,-0.002310908005089155
0.0011373329542224456,0.0025589991470003812,0.0017344327551891204
-0.00041106719367587497,0.00044268774703553,0.004679841897233259
0.0010428673362972596,2.7443877270955886e-05,0.0001921071408968472
-0.00015992323684616832,-0.0002558771789540511,0.0011834319526627364
0.0006831489915420833,0.0019518542615485452,0.0015289525048797245
-0.0008771929824559929,0.0006102212051869757,-0.002822273073989356
0.0006964019233957205,0.0012933178577349904,0.0030840656607527997
0.0005583472920154993,0.0008210989588465201,0.001445134167569868
0.0014078437006177535,-0.002528372360293048,-0.004884355696020654
-0.0006963347471037869,-0.00015825789706909972,9.49547382415318e-05
-0.000627308845054739,0.0007667108106225249,0.0008364117934063187
-0.0015501144970935272,-0.00031706887440560797,-0.0031002289941870543
-0.0005895204078094667,-0.0008322641051427301,-0.0031903457363804
0.0013469309216854566,0.001885703290359639,0.001731768327881426
0.0008001536294968634,0.0021124055818717994,0.003232620663167299
-0.001438848920863339,-0.001072596468279987,2.6160889470218196e-05
-0.0011628702373622513,-0.004206854093987339,-0.007798071003488518
-0.0014555099136397082,0.0028463304977843756,-0.0019083352201055466
0.0028465891761836454,0.000948863058727946,-0.0027788132434172397
0.003297653800410929,0.0034868634446967796,0.0030273543085739124
-0.0009941720946176334,-0.002571134727459719,-0.0033253342475144687
0.00033352232932002383,0.0006336924257078936,0.000767101357435941
-0.00037717346207529417,0.0034699958510919773,0.010523139591898392
0.0001492314579913785,-0.0023578570362633054,0.004715714072526441
-0.00046146746654359257,0.0015618898867629752,0.003407759752937547
-0.0014419043624161372,0.0003932466442952424,-0.0005243288590603729
-0.00032747516646655536,-0.003738674817159711,-0.0034657788451041968
0.0008389824820457749,0.001845761460500552,-0.0004698301899457789
-0.000561450788838486,0.00042108809162870486,0.002498456010330656
0.0014146272457207527,0.0020936483236667397,0.0024897439524685116
0.001224305689799586,0.0017398028223468667,0.0020942071009729278
0.00037583116507659863,-0.001387684301821224,-0.0006938421509105298
-0.0005407124681932541,0.0008587786259543215,-0.0006361323155215923
0.0012422788916110175,-6.901549397853153e-05,0.0010007246626866477
-0.0018411552346570069,-0.0005054151624548244,-0.0012996389891697243
0.004154512507734538,0.013642122631780535,0.018503786204661393
0.001571956299614893,3.9298907490336026e-05,0.003222510414210458
7.022965095877047e-05,-0.0018259709249244394,-0.0024229229580728906
-0.0007237794446636744,-6.57981313330103e-05,0.0028951177786550714
0.000499816733864174,-0.0003665322715004953,-3.332111559091968e-05
-0.0004365700149161587,0.00040018918033984664,0.00021828500745807935
-0.0017148821950493452,-0.0002982403817476293,0.0010438413361168084
-0.001347659806956855,-0.001456929521034544,-0.0004735020943361699
-0.0018577001671930854,-0.0011765434392222286,-0.0011146201003158513
-0.0010082397524598286,-0.0018426450648401512,0.0006953377603170345
-0.002271768409437538,-0.0017200532242883611,-0.004543536818875076
0.0005992609115424537,0.0025967972833504434,0.004694210473748937
0.0011505473816330245,0.002161634474583378,0.0035911024335821408
-0.0013229457592239219,-0.010363075113920305,-0.002535646038512413
-0.00044008031465733743,-0.002970542123937575,-0.0056660340512143526
-0.0017688182609427953,-0.0009265238509701572,0.005306454782828386
-0.00030017635360768483,0.0013507935912349016,0.006829012044576163
0.0017272075040523853,0.0032152631998512912,0.004783036165067923
-0.0007366729172246533,0.0003683364586124218,0.005759442807393609
-0.00010309986940693366,0.0006873324627121748,0.00048113272389850283
0.003012576776835419,0.0046504825972507515,-0.0004972214097688187
0.00039745627980918225,0.00036906654553712083,0.0008233022938904259
0.0028856243441764307,0.008357067905861259,0.008956678159196685
0.0009726347887803888,0.0011303593491231827,-5.257485344769762e-05
-0.0006964758322887779,0.001636718205878153,-0.0013581278729629584
-0.001421969427657298,-0.0008402546617974692,-0.0017774617845716684
-0.0006519117311517503,-0.002705433684279282,-0.0037158968675642724
-0.0006941744876992281,-0.0013883489753984562,-0.0025823290942411474
0.0004946903238571903,0.002374513554514776,0.0029021832332959416
0.0003258390355165701,0.0003982477100757165,0.0005792693964737881
-0.0027164685908319572,0.00237691001697789,0.002648556876061028
0.000856022532722158,0.001601590545093171,0.0013254542442149948
0.002203312566479198,0.0026591703388542344,-0.002545205895760583
0.002096201682551217,0.002347745884457293,0.003689314961290123
0.00037863141952365983,0.00275368305108086,0.0017898939832026665
-0.0003283113851091635,-0.0006201437274286504,0.002553532995294162
-0.0002123292518932772,0.004069643994621113,0.006157548304904838
-0.0007931052715064013,0.000713794744355686,-0.00018505789668480193
0.000729660707770845,0.0012039401678219047,-0.0002918642831085039
0.0003322479898995478,-0.0008970695727292134,-0.0013289919595987577
0.0003399048266486157,0.0014955812372535614,0.0036709721278041607
-0.0009697708570004231,-0.001911833975229275,-0.0018287107589150342
0.0005569014006069909,0.0005290563305766651,0.0009745774510623527
0.0003285366975491909,0.0011170247716671,0.0010841711019120312
0.0009336341710106943,0.0021784797323582132,0.0018283669182290923
0.0024344161034807027,0.003451784027323554,-0.0009083642177167356
-0.0031699502351898797,-0.00027268389119907316,-0.0037494035039880797
0.0011610486891385852,0.002134831460674132,0.0013108614232210589
-0.00019761172119807236,0.0014679727860429151,0.0024842616379188534
-0.002431062026811102,-0.004063346530527249,-0.004688476765992994
-0.001159621963239918,-0.00028990549081006183,-0.001188612512321056
0.0005261700360011014,0.0013292716698974283,0.0025200775408473226
0.000598378937061335,-0.0022847195778709453,-0.0020399281945275524
-0.0008189314356715816,0.0015531458262736117,0.0024850333220377144
0.00010372099053551268,0.0007001166861144527,0.0005704654479450987
-0.004247847757136384,-0.0040779338468509225,-0.005692115994562729
-0.0006582074816250661,-0.0006947745639377429,-0.00010970124693761493
0.000564652738565727,0.0008335349950256843,-0.0026619343389529967
0.0007114785201246087,-0.0006437186610651773,-0.002608754573790617
0.00026416091173249245,-0.0016981772897090026,-0.0009811691007207475
-0.00028718210536384376,0.0007977280704553432,0.006956188774370615
0.0003118395066005162,0.000519732511000926,-0.003395585738539961
0.00018203094526067658,0.0014042387205824044,0.006397087504875776
0.0002605931099180849,0.0005733048418199052,0.0008338979517381383
0.0001925881090598761,0.002256032134701607,0.003246485267009519
0.002230797057759412,0.00045218859278903066,-0.003888821897986315
-0.0021419391689276837,-0.00621162358989008,-0.016992717406825612
-0.002328988392622383,-0.0019909094324028877,-0.0009015438939181558
-0.0006343388779250311,-0.002396391316605606,-0.0036650690724554682
0.0019820775522739077,0.004327070712710453,0.002037910722760443
0.0009200647725599882,0.0007360518180479487,3.680259090236605e-05
0.0002972430705210706,-0.0018577691907557406,-0.0023779445641672974
0.0006246784743147495,-0.0006246784743145406,-0.0017637980451236915
-0.0004234189152777768,0.002386542977019918,-0.004118711266792383
0.0,0.0013214213897905247,0.002355577260061455
-0.0003268935307771002,3.268935307767286e-05,-0.0021901866562061257
-0.0012807012550871977,-0.0010814810598514257,-0.004638984546204842
-0.000459217916563621,0.0009537602882476904,-0.0006711646472853076
0.0015703618241836013,0.0019228920296126104,0.002275422235041619
0.0002951910691284179,-0.0006440532417346745,-0.0019053241734649515
0.00012632642748869525,-0.00031581606872146885,0.0022738756947954376
0.00043517679057118605,0.0017407071622847442,-0.0013417951042611225
0.0009332260659694946,0.000193081255028165,-0.00115848753016899
-0.0011181394160116476,-0.0011181394160116476,-0.006612995974698081
-0.0005097879282219756,0.0008156606851550065,-0.00020391517128875162
-0.00031187867919373155,0.0012864995516743366,-0.0028848777825425157
-0.0005968763471167782,-0.003216500315017974,-0.004476572603375554
-0.0003637289491871485,-0.0022551194849598243,-0.021714618266467926
0.001043145663701468,0.0028686505751789547,0.0021732201327113094
-0.001673640167363981,-0.003661087866108727,-0.0026412133891213154
-0.0018343728112597518,0.002134542907647811,0.0021678951405797757
-0.0015998836448258226,-0.0010544687659078018,-0.0014544396771143091
-0.0009427736400488813,-0.00021998051601141756,-0.0007542189120390693
-0.00019830590101700666,0.0007648941896370487,-0.0005099294597580861
0.001288435421527334,0.0013232580004875001,0.0023331127903331093
-0.0010988256301079939,0.0009958107272850889,-0.0024380193668018554
0.0012382623052315095,0.0002407732260172434,0.005056237746362502
-0.0006625707746055514,0.00024093482712921358,-0.001535959522949186
0.0007670392285776153,-0.0004383081306158914,-0.001862809555117266
-0.0038224676152050713,-0.002866850711403703,-0.004601118425709674
-0.0038422456496889253,-0.0070811634700876985,-0.008351327321224422
-0.00016882196036064207,0.0002025863524327321,-0.0005402302731540163
-0.0017792649245804543,0.00018589335032927868,0.00026556192904191294
0.008488964346349838,0.01269302287978004,0.012935564718247262
0.002650762094102221,0.0015695301872974278,-0.005092253496564402
0.0008218225495463884,0.001770079337484598,0.002623510446628897
-0.0007426355309843546,-0.0011552108259757843,-0.004098247930247295
0.0012259801178007954,0.0015458010180966417,0.0025052637189840296
0.00037580865970537463,-0.0002952782326254444,0.0008589912221835827
0.0012267237040764543,0.0011009058882736722,0.004655259184700432
0.0005454120458147064,0.000727216061086226,0.00155832013089895
-0.0013865862848529904,0.00039186134137150097,0.0011152976639035555
0.00044645201953888317,-0.00018383318451597558,-0.004201901360365476
-0.0013440860215051865,-0.004032258064515973,-0.005158384190642107
-0.00019311232700354772,3.218538783389413e-05,0.0006115223688445372
0.0004925965634144449,-0.00040566775810607153,-0.0008692880530845567
0.000733541169998333,-7.335411699974991e-05,0.0029708417384925814
0.0006106979918813662,0.0,0.0008621618708912925
0.0001965574368910038,-0.003931148737820395,-0.004043467273186751
0.0006347085351595046,0.0014364456322029395,0.0022047770168697784
0.0008064776283105906,-0.00025807284105933766,-6.451821026478857e-05
0.0007901640380543002,0.0016435411991530663,0.0009165902841430528
-0.0007160331762038579,0.0002685124410763619,0.00020884300972609697
0.008523746859672107,0.013458547673166647,0.023118794114128368
0.00024912029396189733,0.0006539407716500468,0.0033319839317410183
-0.001070448919515599,-0.0006355790459623929,-0.0015722218505384708
-0.0002205488515706014,-0.0037808374554963568,-0.002741107155234899
0.0005870381966185709,0.003991859737006928,0.0075140889167187985
0.00031409501374166874,-0.0003402695982201163,-0.00031409501374166874
0.0022739256525177885,0.0014170841022937213,0.0009886633271816879
0.004239108641480303,0.006501876092000062,0.008335004153180836
0.0017420253948590455,-3.8711675441277896e-05,0.0020517187983897086
0.001701329814937013,-0.0012846776153605936,-0.006110898927120555
0.0033600610920198376,-7.636502481856362e-05,-0.0006491027109582248
-0.0012368583797157159,-0.006493506493506519,-0.009237786023500475
-0.0015182360857113203,-0.0010351609675304902,-0.0015182360857113203
0.0007888328703227979,0.0,-0.0009260211955961924
0.0004571991278049248,0.002602518112119326,0.004571991278047448
-0.0019193857965450745,0.0007951741157115999,0.0013161502604881223
0.0011426939008712797,-0.0003928010284245595,-0.0012141122696758741
0.0024054383824298332,0.004497123932368707,0.009656614955551618
0.0009342987754013466,0.0013013447228802642,0.0016683906703593714
0.0008975361185905854,8.685833405723836e-05,0.001216016676800185
0.004449106561527955,0.0034363018158143875,-0.0071258048180567555
0.00010293360782305561,0.0015096929147366538,0.00171556013038257
0.0013394931795194475,0.0012028102020174346,0.0015855225390229465
-0.0006671855887913073,-0.0033081285444235917,-0.002585344156566237
0.0006930540582163482,-0.00485137840751597,-0.00327275527491153
-0.0008119079837618711,0.0008795669824086295,-0.0016914749661705005
0.00032679738562098933,0.0019281045751633169,0.0026143790849673574
-0.002365579427807987,-0.002866525659579129,-0.0021429366581319767
0.00044644280748762144,0.0014987722822794966,0.0025829905290347343
0.002338868655818733,0.0006014233686391353,0.002840054796351251
-0.002327127659574661,-0.0002955082742318296,0.0009234633569739952
-0.0011525163273145814,-0.0005937205322528519,-0.0011874410645059024
0.00046524356869188813,0.0014230979748222187,0.002681992337164801
-0.00011509687320150669,-0.00026855937080373367,-0.0020333780932283627
0.0005228758169934343,-0.002901960784313761,-0.013254901960784295
0.0010271500749540494,0.0027760812836599854,-0.0004996946310588163
0.000428338901738991,0.000428338901738991,0.004626060138781817
-3.472825143250879e-05,-0.002153151588817519,-0.0024657058517102955
0.0,0.0020273694880890065,-0.004561581348200882
-0.0021795537104307055,-0.0009340944473275857,0.0014184397163119465
0.0003005485010142914,-0.0032308963859043263,-0.003118190698023834
-0.0008413505505359703,0.000658448256941167,0.0023777298167318188
-0.00035099008453012533,0.00011699669484343053,0.0017549504226506266
-0.0004935712346684155,-0.00014807137040053866,-0.004121319809481403
0.0009520441748497749,0.0018224845632837797,0.0036993716508446363
-0.0007760688584733571,0.0015168618597432156,0.001763792860166502
0.00441895449417082,-0.0020997868873008623,-0.012473360912623672
-0.0008181911158081653,0.00027273037193618427,0.0020113864930284384
-0.0016693097404223986,-0.005453078485379572,-0.00528614751133749
0.0013231513685166443,0.00018902162407383703,0.0009451081203689703
0.0014351990921531552,0.003204165415039483,0.002803644738159524
0.0011181930001116498,0.0026836632002682557,0.0014909240001490076
-0.0002887044388308947,-0.0014074341393000476,3.608805485381055e-05
0.0012616969824414315,0.004731363684155269,0.007079521957032344
-0.0016517357222843646,-0.003611422172452306,0.0006159014557671537
0.0019480971265567464,0.003930981701801974,0.0031308703819663054
0.0006460674157303882,0.00047752808988768514,0.003455056179775332
-0.0015888726818087456,-0.0006511773286101271,0.0006772244217545085
-0.00019221528111485592,0.0018260451705912225,0.0008008970046452027
-0.0005161456821188587,0.0011935868898996888,-0.0010645504693699284
-0.001049128138340281,0.0,-0.0009405976412704974
0.0016056636134731768,0.001970587161989638,0.0025544648396162665
-0.00782844593721749,-0.004340524480041356,-0.008836067691512765
-0.0001733402669440505,0.0007973652279425141,0.0006240249609984636
0.0016310362905574717,0.0030873186928409226,0.0017766645307858498
-0.0007609963979504118,-0.0007102633047537658,-0.0013697935163107413
0.0006462804857307994,-0.0004081771488826305,-0.0015646790707168148
0.001954963434943029,0.00028962421258411436,0.001267105930055629
-0.0018648171170583328,-0.001079630962507495,-0.0009487666034156267
-0.001079126199434201,-0.001079126199434201,0.002595735993233547
-0.0024975423120865044,-0.002896086298057847,-0.0042245662512953525
-0.0014229458287832385,-0.0017207716999238288,3.3091763460044694e-05
0.0018485712085032785,-0.006007856427636148,-0.008896248940922754
-0.0013941220798794444,-0.0016201959306704973,0.0028636021100227876
0.00032705865251826075,0.0005087579039173862,-0.0004724180536376025
-9.961813049966036e-05,-0.001693508218495736,-0.001726714261995623
-0.0033179167504524738,0.0032844024398418735,0.0036865741671694577
0.0006308319095807835,0.0012353791562623928,-0.0014193717965566136
0.00025862347654621577,0.0018426922703908227,0.004461254970419925
-0.0005531547104581677,-0.001590319792566913,-0.005047536732929921
0.0042466570736671445,0.005124065559962024,0.0016144316147825063
0.0014506585226188031,-0.0008780301584270332,-0.002175987783928205
0.0010357526469233613,0.013656590455731173,0.008247659966242049
-0.0004616969137336913,-0.0007458180914159163,-0.0033384238377667996
-0.0001674714600720191,-0.0012560359505400637,-0.00041867865017996837
-0.00010369858278613743,-0.0009678534393364312,-0.0031109574835811757
0.0009156461027813097,0.0010301018656288649,-0.0012590133913244093
-0.0008833922261484099,0.0015901060070670975,0.003745583038869266
-0.0002829174446895431,-0.003508176314151396,-0.00585639110507552
0.002322842373879407,0.004776549106850682,-0.0030098802591114826
-0.0013168001755734066,-0.0003657778265480299,-0.0024141336552177045
-0.0003413506984560326,-0.001181598571578586,-0.003124671778174556
0.0004741756638459128,0.002006127808578766,0.0016049022468631372
9.961151509105394e-05,-0.00046485373709215125,-0.0010957266660027258
-0.00016492125010308202,0.0012643962507901914,0.0017041862510651289
-0.00030240549828182444,0.0021718213058419806,0.0017594501718212684
0.004196623182276654,0.00514005009922262,0.003806239630436956
0.0020383612911849683,0.004310632894473102,-0.0022722716032881336
-0.0010667335989710156,0.003702193078781435,0.0039845637373324815
0.0,0.0006314526568370177,0.0002525810627347712
-0.011698670605612938,-0.01604135893648451,-0.02449039881831616
-0.00024949321690311585,-0.0009355995633867286,0.000842039607048304
0.00021404873176127242,0.00431664942385209,0.002318861260746949
0.0006330449461912037,0.0010199057466414169,-7.033832735451154e-05
-0.0008388382090804554,-0.004858271294257406,-0.02034182657020025
-0.001523549344611059,-0.0010769917780872231,-0.0015498174367595025
0.001115448968209641,0.0005856107083100378,0.0006413831567204722
-0.0010294067185945557,-0.0027793981402052027,-0.0020244998799026585
-0.0011137795412620277,-0.0018098917545507703,-0.004420312554383703
0.0003348837209301395,0.0023069767441860635,-0.0010418604651161775
0.0009084873685313634,0.00013976728746644,0.005101505992522379
-0.00645978467384427,-0.00525649145028507,-0.005288157061431336
-0.003346173300649833,-0.0006614528617564138,-0.0029570833819695377
0.0001613206786223275,-0.0017207539053047248,-0.00481273357889931
-0.0002720841647015388,0.0021464417437572904,0.0036882520103997444
0.0003293536434746934,-0.0018663373130232107,0.0020310141347604014
0.0044247787610619035,0.013974660979181213,0.017412618577704295
-0.00030769230769231936,-0.00028205128205131705,0.000641025641025641
-0.002051529596331403,-0.0011464430097145825,-0.0016894949616846748
0.0010733644609026384,0.00021467289218049719,-0.0002146728921806497
0.0006074168797953892,0.0009590792838875044,0.0006074168797953892
0.0009608319674446814,0.00031085740123216424,0.0007912733849544247
0.0011172144120657815,0.0038481829748937373,0.006361915402041878
0.00018950161076369866,-0.00022108521255761852,-0.000568504832291096
-0.0002809620139357798,-0.0016014834794335613,-0.0031186783546864848
0.0003821753420468732,0.0007388723279573075,0.001630614792733538
-0.0002993930486377987,0.0011703546446747502,0.0009798317955416478
-0.0008681362973986071,-0.001054165503984048,-0.004092642544879526
-0.0001808252866081204,0.000723301146432276,-0.0003616505732160352
-0.001971882417381853,-0.0046740916560161746,0.004016797516888683
0.0014343460685878138,0.001597339940018285,0.0017929325857348134
0.001722030885457184,0.001027663592934131,0.0019997778024663103
0.0011682877791664588,0.00040754224854637087,0.0024724229745150925
-0.0030504817529109526,-0.007402998400357163,-0.010937093114095449
-0.0002485020846564647,0.002070850705469807,0.0030372477013556227
0.0008194706219782332,0.0010926274959710293,0.001256521620366676
-0.011019570132806637,-0.010863632819606537,-0.010889622371806528
0.00025654181631615025,8.55139387721041e-05,0.0017102787754404616
0.0003601397342167533,-0.002304894298988163,0.0011884611229156339
0.0010967034384879422,-0.00029030385136434746,0.00012902393393981183
-0.0003396029258098105,0.0007836990595611582,0.0007314524555903153
0.0006217224414770455,0.00032437692598801036,0.001216413472454962
-0.0011455691023648253,-0.001200120012001194,0.0009819163734555646
-0.0009100955600338996,-0.0012351296886174746,-0.0029578105701099427
-0.0013670300396089704,-0.01573837148165028,-0.023870447614707847
-0.02615004122011544,-0.02981038746908498,-0.03271228359439412
-0.0006390016538866933,-0.0014659449706812629,-0.005299954894000996
0.0006747638326585037,0.0032131611078979497,0.0027954501638710483
-0.0007026616824531325,0.00030917114027925686,0.005227802917451184
-0.004161128128070271,-0.0025429116338207118,-0.0028896723111599145
0.0009735146743020043,0.0023192555476020107,-5.726556907654062e-05
0.0006900228962143691,-0.0019132453031394689,-0.0018191512718376066
0.00033239155725445837,0.0012464683397042976,0.001828153564899521
0.000851546977008264,0.00046125461254631106,0.0018804995742266164
-0.0007240755107317629,-0.0008275148694077921,-0.0012412723041116147
-0.002721188497462709,0.00183864087666397,0.008126792674854673
0.0006909513017522525,0.0024045105300978514,0.005195953789176927
-0.0012342705761937051,-0.00033114576434467347,0.0005719790475043582
0.00019418732604052776,-0.0005825619781215833,-0.002006602369085392
0.00040024014408646704,0.002001200720432335,0.002334734173837598
8.795332610170207e-05,0.0019936087249699695,0.0013779354422587215
0.0011537684963511415,0.0029997980905131978,0.0030574865153307055
-6.963303391142208e-05,0.0010793120256247664,0.0018104588816934119
-0.0010054368064349394,-0.002979072019066103,-0.006740150443136971
-0.0015991300732401573,-0.0001599130073240521,-0.007292033133975212
0.0017176596886742466,0.001037752728574058,0.004151010914296028
0.00029616466755510176,-0.0006293499185547753,0.0009625351695542385
-0.00040530368826368826,-0.00023160210757929744,0.0018528168606333922
0.0007878549134874425,0.0029090027574923075,-0.0010908760340596153
0.00010836290737686035,0.0012732641616775317,0.0010836290737679876
-0.00028851702250439333,0.0008944027697634226,-0.00011540680900179013
-0.0011976973302940243,-0.0011204265347910351,-0.0004636247730170558
-0.0025766827856412346,-0.0019413363453461274,-0.0017295541985810918
-0.0005575831305759004,-0.0008617193836171304,0.0005829278183293242
-0.00034199726402187584,-7.892244554359033e-05,0.00023676733663047193
-0.0007665873645255629,-0.0002379064234735179,-0.0007137192704204035
-0.0014560358076954741,-0.00423328929274407,-0.005554506970097344
0.003293194901832631,0.0039468061037230525,0.0043490283818094005
-0.0022199361091558645,-0.00265309437435708,-0.0019492121934050854
-5.390690277885181e-05,0.0012129053125252383,0.0016980674375353642
0.0011649354431609025,0.0012296540788921864,0.0026211047471119383
0.00018670649738615147,0.0024645257654965203,0.0020911127707244296
0.0012720807193038184,8.673277631625533e-05,0.0008095059122843377
-0.003912136316216431,-0.00046366060044038536,0.0035064332908312174
-0.001575325429068881,-0.0024320813641765344,-0.004919437304811577
-0.005003888156337564,-0.02021841295601299,-0.014166413091253332
-0.0023969689940462557,-0.008505373849841666,-0.0003479471120390931
0.0007366065104682859,-0.006374479417514236,-0.006856106751282023
-0.002038162842182887,0.00028112590926655687,0.0022138665354745598
0.002213244335148412,0.0029509924468646828,0.0031617776216407312
-0.0004161349386893893,-5.5484658491876524e-05,0.0024135826443988364
0.001614824619457349,0.00246194573130379,-0.0021178027796161783
0.00011225234326772315,-0.0010102710894088702,-0.0021327945220856234
0.001237224314147336,-0.0011027434104357854,-0.0031737493275955
0.0009626183218352767,-5.3478795657625145e-05,0.00411786726562908
0.0002242278154606226,-0.002074107293009564,-0.004428499355344986
-0.00022563904200107395,-0.0026109660574412602,-0.010185991038906697
-0.0004324971721338594,0.0024619069798390084,0.00033269013241074834
-0.0020826391202932357,-0.00038875930245469944,0.001943796512273655
-0.0011280315848844823,-0.0016588699777711421,0.0001990643973325446
0.0008926930448708877,0.0012602725339355113,0.0016278520229999858
0.0028310985284508857,-0.00027999875556118545,-0.025137666054817483
-0.0024146707563791436,-0.0034914833909808563,-0.003883051621745082
0.0019245573518091568,0.0013792661021298654,0.0022773928663075327
-0.0013966480446927208,-0.0022052337547778813,-0.0026830344016464326
0.00046920531436755504,-0.0005432903640044709,-0.0016051760754679145
0.0014683350357508824,0.0011491317671093388,0.0007660878447395593
0.0007000350017500477,-0.0016800840042000748,0.0002800140006999793
-0.002428692459757169,-0.009234679469076641,-0.009008754589099117
-3.115070712102332e-05,0.000186904242726317,-0.0003115070712104103
0.0008554563859819537,0.0007984259602498775,0.0003992129801248577
0.0007841672890215815,0.001643017176997751,0.0004107542942494908
0.0012254506756104754,-0.0018059273114257226,-0.0006772227417845772
0.0008854612967723572,0.001828049128820298,0.00425592687803471
-0.001181692414111045,-0.0008358312197370407,-0.0009222965183306237
-0.00026161744988404106,-0.002485365773897275,-0.008077438765165725
-0.00013217897032588878,0.000627850109047643,0.0013878791884211748
-0.00042411588150853275,-0.0014028448388359873,-0.0016312149288790292
-0.0005332162348661185,-0.00031365660874463927,0.0006900445392385273
0.0007730066092064647,0.0006184052873650839,0.003014725775905278
0.0004541031462860407,0.0,-0.0023029516704509774
0.0008527033855483788,0.0011053562405255897,9.474482061656632e-05
0.002779830395158241,0.001829761779091389,7.037545304191495e-05
0.0026600260342973503,0.00517856132208949,0.005801120606712353
0.001046818034148,0.0025268021513917102,0.005450673212287651
0.000942402572204756,0.004074505238649669,0.002660901380342692
-0.00034353636332394073,0.0028857054519221955,0.0048782163592016765
0.0025809645028992303,-0.0004949794937066411,0.006576156130674635
-0.0009621765096216445,0.0016589250165892503,0.0024552090245521206
-0.0001271213373165336,-0.0011440920358482603,-0.0006673870209115755
-0.0033065138322494483,-0.0030126014916051036,-0.013630184797384105
-0.0033467202141901297,-0.0030279849556957626,-0.00427105246382365
-7.300069350672939e-05,0.0019345183779244904,0.003869036755848981
0.00044841373640747557,0.003026792720750354,0.005007286723216527
0.0005810200129115779,0.00032278889606186535,0.0007424144609424188
0.00036663000366634555,0.0033330000333300007,-0.0002999700029996167
-0.0014756385490448899,-0.0038903198111183875,-0.0018244258424554808
-0.0007697421363844067,0.002659109198418498,-0.0030439802666107013
0.0007352449702559001,0.0022057349107678904,-0.00046788316289032546
-0.0013354045730793586,-0.001989480282342731,0.0031613659281060913
0.001836797169971644,-0.00034014762406892323,0.0
0.0003640202395254004,0.001128462742528493,0.0032033781078227787
-0.0005388389438756635,-0.0005104789994611803,-0.0008791582768497838
0.0008238928939238211,0.002403020940611015,0.003673189152076873
-0.00011227124733345577,0.0026945099360054913,0.003452340855506956
-0.0018296101749933737,-0.002213238114911323,0.0007082361967716502
0.0004720444770796361,0.002150424840029354,0.0011014371131858175
0.0009611159929700294,0.0011533391915640352,-0.0010434973637962772
0.00030217289783812776,-0.0007416971128752626,-0.00013735131719900702
0.0003287401035531451,0.00046571514670031483,-8.218502588820842e-05
-0.0014352104975394993,-6.834335702563495e-05,0.0031437944231821214
0.0004400561071537309,0.0023928050826480503,0.005060645232267202
-0.002677830580070829,0.0007920343969225179,-0.0006411707022703442
-0.00010372009403965412,-0.002212695339510394,-0.00013829345871947332
0.0003567312441688037,0.0005488172987212245,-0.0008232259480819148
0.0012731645211487255,0.002546329042297451,0.002864620172584532
0.0013200132001319946,-0.0011700117001169604,-0.002280022800227975
-0.0006323999578400268,-0.0015107332326178085,0.00031619997892011324
-0.0006625258799172094,0.0016839199447895477,0.003561076604554922
0.0,0.0011570247933885048,0.0007933884297520962
-0.0008568686591719221,0.0006512201809706531,0.0007197696737045393
0.00046697079636479565,0.000646574948812841,0.000646574948812841
-0.00034800092800259773,0.004678679143144303,-0.00023200061866832523
-0.015282131661442029,-0.013159613375130712,-0.027821316614420003
-0.0005046681806712875,-0.0026495079485239457,-0.002964925561443344
-0.009586140519730545,-0.012396535129932733,-0.007006737247353198
-0.0004694157579258881,0.0005777424712935113,0.0007582869935725411
-0.0003854104621422292,0.000840895553764592,0.004554850916225621
-0.0028385507323996527,-0.0035615778057466836,-0.005650322684304993
-0.0011594813955941145,-0.002670320789852749,-0.004989283581040778
0.00451116418363091,0.0009477235679896887,-0.0009477235679896887
0.0008326093252245083,0.0011584129742252865,0.0027512308137850813
0.0001355895433344489,0.00037965072133633353,-0.011281050005423496
0.0011946659778502618,0.0009040715508056878,0.0006134771237609304
-0.001647631529676082,0.0004119078824190737,-0.0017599700430631989
-0.0035171999656857435,-0.004518029224214304,-0.007720682851505501
-0.0003008021390373496,-0.0005347593582886637,-0.002473262032085592
0.0002067041030764539,-0.0007234643607674908,0.002170393082302668
-7.775243624293157e-05,-0.0012440389798879365,-0.0007256894049346173
-0.0012351060738156605,-0.0002542865446091005,0.00079918628305735
0.000568484633149849,3.55302895718277e-05,-0.002629241428317673
-0.0013870026295258711,-0.0023116710492097304,-0.002167191608634091
-0.0007632339311999933,-0.0009267840593142665,-0.001335659379599872
-0.0008117118422959059,-0.0013625163067110318,-0.004667343093201953
-0.003005126392080688,0.0018384302633904252,0.0026515821106593597
0.0005018065034122081,-6.690753378843387e-05,0.0015723270440250582
-0.0013540594702919353,-0.0023019010994961976,-0.0022477387206845693
0.00032085873464986626,-0.0018084765043899441,-0.0017501385526353175
0.0021374732815839545,0.002437469531630769,0.0017999775002811014
-0.0005283018867924013,-0.004415094339622702,-0.006867924528301861
3.4768096794349855e-05,0.0004867533551212932,0.0005215214519156431
0.0007343267141939514,0.00474252669583579,-0.00042835724994641364
0.0010392064241851176,0.0006298220752637022,0.001574555188159345
0.0009987945582915915,0.0020664714999137795,0.0036852075081797594
-0.00017525923762232298,0.0010223455527967457,0.0040017525923762365
0.00046258053857605553,0.000726912274905096,0.0011894928134809637
-0.00042335623799132267,0.002637835021330649,0.0040381671931481716
-0.0019381186405482186,0.0003807018758220172,-0.0005537481830138611
-0.00019496344435419099,-0.0004874086108853851,0.001072298943947958
0.00017460539181453892,0.0022349490152255426,-0.001431764212878981
0.0006578036283063209,-0.0004500761667358935,-0.0004154549231406582
-0.0019525121160350136,-0.005822670060318733,-0.009727694292388761
0.0011441335912174562,0.0009534446593479058,0.007818246206652333
0.0022230595327808285,-0.00022607385079126706,0.003127354935945897
-0.00046936690687212766,-0.0010767829040006249,0.00416908252574613
-0.0010371090584994106,0.00048614487117153545,0.0014584346135147906
0.00010884946119506808,0.0006258844018721055,0.001741591379122636
-0.0007424116958396131,-0.0027126581194140335,-0.004654350246994648
2.74160383824288e-05,0.0024674434544207737,0.005812200137080204
0.001903620403990424,0.0031021962139105136,0.006451158035745704
0.0014910694457664013,0.00047587322737233627,0.0005075981091971226
0.0011679835108209377,0.002748196496049311,0.004156647200274749
-0.0006930693069306255,7.425742574250672e-05,0.0002475247524753038
0.000140889718572659,-0.0019020112007326984,-0.0021837906378782165
0.0019296995606223552,0.003176582353639859,0.005195344970906068
0.00040825213651945254,0.000680420227532524,0.0010070219367481479
-0.0013585239479338015,-0.0008846202451660961,-0.0008214330847971405
0.000897883067997344,6.90679283074276e-05,0.0019339019926097397
-0.005026256564141155,-0.008252063015754109,-0.008102025506376688
-0.0008302487286816657,-0.001452935275192915,0.00031134327325572296
0.00016986580601309503,0.00025479870901980346,0.008917954815695536
0.0005080612383145145,0.001558054464164678,0.0018290204579324062
0.000804231494942593,0.003464381824368228,0.0028766741934486274
-0.0008993295906687309,0.0029160080667138856,0.004850929307243772
-0.0013108832439990348,-0.0026217664879980697,-0.0038161267769749054
0.0004657161281077433,0.0025435265458194326,-0.011177187074586247
0.003942412615720386,0.006758421626949263,0.00975043120137998
-0.0019118822052277592,-0.0023399155347562867,5.707111060376045e-05
0.0009651129539604726,0.0031812982556476493,0.0005004289390906003
0.0012005939780733482,0.0005371078322960283,-0.00028435120533308584
0.002931052111379833,0.009883780375583576,0.012610340479192898
6.93240901212541e-05,-3.466204506062705e-05,0.0007972270363952104
-0.006582085280931009,-0.012242042672263101,-0.021590511621991226
0.0002311375268284404,-0.00039623576027738,0.0002971768202079412
-0.0007409643513817114,-0.0031285161502785106,-0.004006696122286505
-0.0013663595277300436,0.0006306274743369892,-0.0009809760711909385
0.0016603978177628987,0.0010504557622581486,-0.002134797194266529
-0.00044438367402746786,0.00020510015724346166,-0.012784576468175322
0.0008456361650400236,0.0028540220570099795,0.002783552376590044
0.0016891399947577951,0.0005242158604421086,0.0025337099921367754
0.0007593457943926629,0.0012850467289719561,0.0003796728971962484
-0.00029519899095621296,0.0006172342538175085,0.002495773287174964
-0.0014936519790888646,-0.0003394663588837189,0.0013239187996471017
-0.0020500494839532056,0.0008129506574295254,0.0034285310335076006
-0.0005045226855021311,0.0013333813831129214,0.0026307254315471483
-0.000944108761329341,-0.0007867573011077543,-0.00028323262839871285
-0.0007610876634609675,-0.0011416314951912547,-0.0012800110703660298
0.0,0.0002978751572119939,-0.0012576951082279588
0.00036238448994384417,-0.001147550884822116,0.0003925831974391359
0.0008191306645527871,0.0010833663627956799,0.0007927070947285279
0.0005488022391131044,0.001509206157561154,0.003292813434678782
0.0020333150856337756,0.004848674434973055,0.006451865175568848
-0.002120387366289056,-0.002310272802076138,-0.0018988543578708232
0.0018102501706382074,0.004214024987387479,0.01866635012018863
-0.0015603981705676192,-0.0008071025020177869,0.00016142050040355739
-0.00010535187526328388,-0.0009130495856159254,0.00066722854333473
-0.001074476576410704,-0.002548044452630884,-0.0023945477988580755
-0.00018835938971558446,-0.0008162240221009849,-0.0032962893200226386
-0.00014497796334960383,-0.0006379030387380261,-0.0027545813036418134
-0.00013655232685168058,-0.0008466244264802333,-0.0034138081712912385
0.0035174701015041753,0.0033834712404944255,0.008475427958862448
-0.0026271793647002495,-0.004478146644375448,-0.0025077621208501764
0.0009737911078959599,0.0026987924990261266,0.004368148683990855
0.0012109405849368982,0.0015268381288335063,0.001131966198962821
0.0017818675035238848,0.002526528549772582,0.002393553362942566
-0.002462029266939384,0.0044039115056522015,0.00013870587419384308
0.0011234151821536379,-0.002632001283903043,-0.002375220670839381
-0.00030228084638625116,-0.00030228084638625116,0.0003847210772191349
-0.0006322287924428543,0.0005950388634758638,0.0030495741753133
-0.003149987884661872,0.0025961438609851503,-0.00432690643497525
0.0008773602899104262,-0.002708373068853632,0.0007629219912265706
-0.0001604569814833008,-0.0032733224222587162,-0.0023747633259523413
0.0008302794319744059,0.004867155290884235,0.005582913421896604
0.00015565817464847787,-0.000622632698593764,-0.0005966896694857089
-0.0003381119826885512,-0.0014200703272924532,0.001927238301325376
0.001209721763994275,-2.749367645454676e-05,0.000329924117452842
9.804562389689755e-05,0.002385776848159884,0.004248643702202609
0.0013185427236505848,0.0024937655860349257,0.011092957262017384
0.0020091324200913656,0.003616438356164417,0.003689497716894944
-0.0009438579319023345,-0.0009788156330840718,0.013843249667901767
-0.00010430791697100086,0.0015646187545634317,0.005841243350370316
-0.0017163212435234118,-0.0014248704663212361,-0.001813471502590681
-0.0036857781087118726,-0.007036485480268217,-0.004579300074460231
-8.498824329309487e-05,0.0013598118926882296,0.0008498824329301435
-0.0009419560203982864,0.0003248124208270463,-0.0006496248416539079
0.0011003924733155243,0.0012104317206469723,0.0016505887099731822
0.0,-0.001487477514874799,-0.002248512522485047
0.003227751569538425,0.003511509949278222,0.0061008051644024066
0.0011178648780828379,0.000593865716481576,0.003143994969608168
-6.446414182105338e-05,-0.00041901692183721336,-0.0017082997582593801
0.004125797913747478,0.004631791997508943,0.0033862680990191674
-0.0001821019771071623,7.804370447458262e-05,0.00018210197710731015
0.0005132943229647589,0.0010009239297813016,0.0016425418334872868
0.0005441621603238616,0.0007142128354250804,0.00010203040506080864
0.0012318551072047028,0.0014649087761352967,-0.001764549207617624
0.00020093770931012145,-0.0014065639651708501,0.0005358338914935304
0.0006454552357810613,-0.003189308223858968,-0.00478396233578856
0.0014304105278216067,-0.0005364039479329755,0.0028250607924475055
0.00019945292910871092,0.0010542511967175877,0.0018235696375656577
-0.0006639531191363361,-0.00011547010767593447,-0.0010103634421639754
-0.000985758385431517,-0.0017639886897195954,-0.00023346909128649725
0.0,0.0007387659396782134,-0.0009957280056531728
-0.0039656311962987375,-0.0038003965631196175,-0.0039656311962987375
-8.642046436588326e-05,8.642046436604701e-05,0.0005761364291063796
-0.015191008716612057,-0.013733568765940844,-0.0047647075310407955
0.0012137149792656047,0.001593000910286223,0.003767573581470641
0.0006100395073204147,0.0034859400418312475,0.008627701603532333
-3.4293552812235074e-05,-0.0003086419753087511,-0.0014060356652950102
0.0006302821945279198,-5.729838132083843e-05,-0.0005443346225469065
0.0007389083432390471,-0.000899540591769116,-0.0003533909467663341
-0.0018115322828723818,-0.0029052876234746073,-0.004340841508015114
0.0012630673725510478,0.0028754938055951013,0.001773669076348306
0.0008835795575033576,-0.00024740227610091603,0.0005301477345019342
-0.0009457213274487995,-0.0021493666532928298,-0.0005158479967902987
0.00045311583773126476,-0.0001332693640386251,5.330774561538944e-05
-0.005124503789245817,0.010285095633345238,0.005521472392637938
0.00031321779077062657,0.0008352474420547405,0.0011832672095776148
0.0002284017586934965,-0.0009992576942841485,-0.010021127162679127
-8.24696923879724e-05,-0.0011820655908953647,-8.24696923879724e-05
-0.00016174424999194957,0.000291139649985546,-0.000549930449972555
0.0004265371743554443,0.002034254216155931,0.002034254216155931
0.0006467085230794349,0.000565869957694429,0.00013473094230824113
0.0007781204069281011,0.0014409637165336176,0.0016426986368483045
-0.0008098215153380195,-0.0009070000971784935,0.00029153574552179013
-9.531071292404599e-05,0.00038124285169654517,0.0012072690303723329
0.0022599919507136565,0.011547630104331193,0.016934460233429392
0.00012782002939867214,0.003131590720265924,0.003802645874608544
-0.0004172693891177092,0.0023088906197840883,0.0029765216423722966
-0.0009351100424140184,-0.0001335871489163426,-0.0006345389573522951
0.0006955024176988128,-0.0008279790686891435,-0.0018877922766112247
0.0006561884823298954,-0.0026247539293190484,-0.0005312001999811239
-0.0013039053555528083,-0.0003498282661239462,0.0008904719501336648
0.0004358129273010242,0.0013074387819029178,0.0019066815569416518
-0.004807132035893352,-0.00967253233888822,-0.010459153944761775
0.0007651641624931389,0.0018433500278242543,0.0023650528658876145
-0.0015530093870789227,-0.0013804527885145543,-0.0035546659304250853
-0.0020726820505735204,-0.005043526323062168,-0.004801713417161956
-0.0030806030733546777,-0.0049652073064656585,-0.008770658161786082
0.001260281241708661,0.0026200583709207366,0.0018904218625629915
-0.001417018041058852,-0.0014515794566944049,-0.0012442109628808904
-0.004451760128689528,-0.006995623059369288,-0.005274774606262486
0.002742778777749311,0.0041427387788919995,-0.0035141853089912236
-0.0019179452968645701,0.0018623526795641982,-0.00928396708917049
-3.173394262500287e-05,-0.00012693577050019186,-0.0004125412541253981
-0.0013939440873538824,0.0005033686982110875,-0.0012777820800742822
0.00270734032411813,0.004995233555767406,0.007206863679694896
0.000157612693075555,0.00034149416833034426,-0.000157612693075555
0.0010920607185759942,0.0019293072694842911,0.004113428706636073
-0.0017251293847039182,-0.0031267970097757494,-0.00470816561242094
0.0004707315722434954,0.002049066843883284,0.001301434346790794
-0.0012491192108130267,-0.0006726026519762871,0.0008007174428287745
-3.1848148030163076e-05,0.00022293703621132258,0.0001273925921206523
-0.0004777504777506251,-0.002184002184002331,-0.0024570024570025497
-0.0011669050666265235,0.0033501468041857497,0.004366483475118452
0.000978856695379648,0.002088227616810188,0.002577655964500012
-0.002327912315302878,0.0034595363574638468,-0.0018429305829480202
0.0027935098729527713,0.0013776213072096038,-0.0013010867901422586
0.0016650289332896975,0.0009280489136367917,0.0027022600720602932
0.0010445278347324144,-0.0037525629618168103,-0.0012379589152384741
0.00019188333493236839,-0.0012792222328823347,-0.0007675333397294735
-8.16793269624263e-05,0.00016335865392469784,-0.0007078875003404605
0.00036903287028491015,0.0018188048606900854,0.0012916150459973354
-0.0003636974037600589,-0.0005035810205908875,-0.0010910922112801766
-0.0005482456140350566,0.0011239035087718425,0.0024122807017543735
-0.0022001789976134837,-0.010441527446300758,-0.012306085918854456
0.0015105740181267124,-0.005585610904236745,-0.007623129347291561
-0.015879122800881468,-0.022874331083208074,-0.030149347696827686
0.00010857763300765599,0.00013572204125953142,0.00046145494028234507
0.0007709109597841742,0.0003212128999101334,-0.0007066683798020379
0.00010975743606634964,0.0009878169245966788,0.0003567116672154414
0.0010493179433368088,0.0012788562434419045,0.0017707240293809697
0.008336168764886008,0.012192355676534001,0.016360440058976924
0.002224443083271536,-0.0011605789999678056,-0.0038041200554499075
6.368412673135427e-05,0.00012736825346270855,0.00028657857029127526
-0.0008067208189607779,-0.0022532547012351235,0.0012796261266272936
0.0005481254110939752,0.001936709785865573,0.003983044653950066
-0.00045799778634405007,-0.001908324109766803,-0.0016029922522041752
-0.0006010016694491045,-0.0004006677796327364,0.0018030050083473138
0.0009231479344565316,-0.0005385029617664558,-0.001000076928994503
-0.00031095601699903893,-0.0023494454617697088,-0.0012092733994403576
0.00033586350507142435,0.0005709679586216696,0.0005373816081143554
-0.0005356391322645536,-0.0010712782645293246,-0.00455293262424914
-5.48666739821733e-05,-0.0023318336442443924,-0.0027707670361022466
-0.0001398699209735662,0.0067487236869711404,0.0054199594377227584
0.001095819769877951,0.0007090598510975192,0.0010313597834144235
-0.0002887669650592993,-3.208521833988162e-05,0.0010588122052170054
-0.001587363041542549,0.0015099306980525236,0.0016260792132872315
2.4523628516052936e-05,0.0005885670843858281,-0.0008583269980625498
0.0005688102385843161,0.0010112182019276132,0.001738031284563158
-0.0017056530214425022,-0.002984892787524422,-0.02098562378167637
0.0008044489524674244,-0.0022034906089330635,-0.004476933300689131
0.0008604179966138451,0.0002497987732103999,-0.0013877709622803851
-0.0024739779755619043,-0.006818524664353571,-0.010107105144063858
0.00456816559600296,0.018843683083511885,0.018272662384011436
-0.0004813273308984284,0.0018969959511877911,0.0019253093235935526
0.0006741789463545524,0.0002889338341518989,0.0012841503740087235
-0.0010481875090988897,0.002591352453049895,0.002824283010627536
0.004500790215075937,0.0023706452277880772,0.01769394626537476
-0.0013430127041742452,-0.019782214156079815,-0.02990925589836664
0.001420970886619764,0.0013548792174745321,0.0021149334126432913
0.001404140414041355,0.0011881188118811308,-0.0015121512151215694
0.000725246202000144,0.0014886632567371032,0.00041987938010518665
0.0014547973675095806,-0.005749913404918491,-0.006027017665396637
0.0009862246683421953,0.0012407342601725678,0.00369038908153859
0.0009977293057178958,0.00020642675290718457,-0.0061239936695796785
-0.0008280638361940201,-0.0015808491418248115,-0.0024841915085818465
0.00011623176614174598,-0.00188876619980234,0.0013947811937002912
0.00035568202027388865,0.0056019918193134935,-0.007825004446025213
0.0019864530415527343,0.0025074899049108983,0.004982415005861761
0.001242412409925181,0.0013844023996309794,0.0035852472400697446
-0.0015741174894499648,0.0007033290910310014,0.0014066581820618123
0.002921161825726126,0.007966804979253037,0.008331950207468849
-0.0001397282285952549,-0.0016767387431444489,-0.0023753798861215177
0.0018629201272993918,0.0016300551113869403,0.0028331910269345697
0.0028075384019620644,-0.00041951723247707324,0.009745708016006138
0.0003739207288055396,0.0006458630770276623,-0.0016656468828608643
-0.0014707813525935713,-0.003282994090610637,-0.001838476690741927
-0.0004334164048109898,-0.0014086033156356014,-0.0002708852530068879
-0.0015174506828526597,-0.0006864657851000714,-0.0006503360069367367
0.000855294809429607,5.3455925589454896e-05,-0.0006414711070722433
0.0013341506508491854,-0.0009375112681642481,-0.008978473298957953
-0.005654979708602184,-0.005255804670347895,-0.006386800612068445
-0.0007915063184037873,0.0004912797838369137,-0.0006550397117825517
0.00026397606616992725,0.0026397606616999393,0.0027864140317944174
-0.000518453711804624,-0.0005508570687923785,-0.0006480671397556418
7.942391189233484e-05,0.00021179709837971004,0.0024621412686644866
-0.00037242686890578833,-0.009412242686890674,-0.010326381365113798
0.0038357758848739367,-0.0022750119041319425,0.0013755885931962294
0.0021928021270180946,0.003398843296878023,0.003015102924649899
0.0004080522306855432,-0.0008161044613710864,0.0003740478781284468
0.0006609385327164825,0.0005507821105971731,0.0015421899096717926
0.002050845490074576,0.00034825678133333974,0.00034825678133333974
0.00019884009942005724,0.0002651201325600135,0.0023198011599005423
-0.00019853744085239494,0.003275867774064423,0.009165811852685347
5.444250871075188e-05,0.00010888501742150376,-0.0006260888501742655
0.00013256270215815093,-0.0020944906940983626,0.0002386128638845511
-0.005127216653816439,-0.0008481110254432169,0.0009252120277563959
0.0005796051439955376,0.00144901285998905,-0.0011229849664915858
-3.7486879592108656e-05,-0.002249212775528437,0.003186384765332219
0.002102680918170548,0.0012616085509022492,0.0013316979148414068
0.0015618189742844938,0.008862414644776979,0.01874182769141372
-0.000240021944863507,0.0024687971471678348,0.002571663694966397
0.000462574807019645,-0.0008673277631617317,-0.005117233802653971
0.0001925722145804489,8.253094910583965e-05,-0.0028885832187070465
-0.0029008065657280075,0.0022640441488608544,0.0016980331116457413
-0.0008784210381838457,-0.0010980262977299243,-0.002141151280573251
0.0011366376192609821,0.0012055247477009705,0.0025488237522819177
-0.001028377664748894,-0.002195725284193614,-0.001111759637566453
0.0007619147706374349,-0.0012348273868951376,0.0012348273868949882
0.001464178697902502,-0.0001362026695723933,-0.0018046853718333886
2.766710934039095e-05,0.000304338202744615,0.0016323594510844815
-0.001170666443682468,-0.0009198093486076988,-0.0010591744014270855
-0.003075326985067932,0.010411649190410916,0.016117677572344374
2.8268551236723406e-05,0.00022614840989394793,0.0009045936395759524
-0.005919822751506046,-0.007581527383507573,-0.010454891643010588
-0.003925274405757012,0.0012720796685324661,0.006324053209275311
-0.0014017599875399643,0.0012849466552448568,0.009578693248189314
-7.331647054524966e-05,0.0005132152938157056,-0.0012097217639944313
-0.00041764552336211175,-0.0011485251892456218,-0.001853302009919176
0.00012931173827310789,0.0003879352148191399,0.0018750202049592375
-6.918260749241347e-05,-0.001210695631118219,-0.002179252136012991
-0.0019301293186643192,-0.004439297432928043,-0.003970551741252372
0.0035564776053050033,0.010484199607305539,0.007594561552995263
0.0,0.0020381127076328095,-0.0006793709025442055
-0.00044190431298602774,0.00898538769738396,0.006068819231675708
-0.002430262045646653,0.002817695125387473,0.0032403493941954038
-0.0005742436606522131,0.009611025478284543,0.010880406201831604
-0.0007351296065459078,0.0013424105858663852,0.0012145619586409544
0.0008736733108982066,0.000323582707739988,0.0017149883510224329
-0.002566951457798613,-0.005325466457223809,-0.005746906248802728
-0.0003969829297341117,-0.0004234484583830224,0.0004234484583828719
-0.006074434040535768,-0.010548773260637674,-0.002014934218324069
3.4238367514605764e-05,-0.0004108604101756584,-0.0007190057178073049
0.0009685900096860024,0.0025252525252525884,0.004185692541857052
0.000599400599400541,0.0007706579135150044,-0.0005423148280291072
-0.001593888262936558,-0.001676330759295429,-0.0027480832119596583
-7.107573119151999e-05,0.001421514623831814,0.0
-0.00040341016055718277,0.0006992442782991984,-0.0028776591453083217
-0.00010542684694662887,0.0023457473445612563,0.00023721040562972768
0.00044730413240200753,0.0028214568351512,0.003681657089770475
0.0010406639435959551,-0.009209875900824779,-0.011057054400707651
0.0022657866220078633,0.002298624109283307,0.003152398778445593
0.003069721039100615,0.0003069721039099961,-0.005410383331414853
-0.0009544436694689906,-0.001248118644690106,-0.002202562314158888
-0.000454855583352426,0.0016569739107832966,0.0016569739107832966
-0.000171487367097297,0.0018577798102205822,0.003229678746998958
0.0011061350024280153,0.0025629957373333742,0.0028058058598175242
0.001663201663201529,0.0014553014553013134,0.0014206514206513102
-0.001695054269076208,0.0009022063045084095,-0.0027339584985099927
-0.0014023840528899659,-0.0008013623159371234,-0.002938328491769326
-0.0002646302737032859,-0.0023060638137001243,0.0026463027370332887
0.0011746777573179393,0.0019683789446949154,0.00380976569940945
0.004649418822647204,0.0017247844019498927,-0.006149231346081689
0.0022585016454797335,0.00022585016454795503,-0.0014518939149512442
-0.0005058851303496586,0.0034737445617349485,0.0018549121446157343
0.0010282580546882424,-0.0009901744230329458,0.0032371086906848303
0.00119114349775776,0.0006306053811659432,-0.00042040358744396215
-0.001022279683694564,-0.002555699209236495,-0.0011726149312967509
5.548465849203422e-05,-0.00019419630472172552,0.0007490428896411215
0.003605123878192827,0.0005369333435605827,-0.003911942931655986
0.0010049159401396143,0.000543197805480835,-0.0011678752817838802
8.509431286334623e-05,0.0017869805701318832,0.0007942135867252098
-0.0009738994935723002,-0.001688092455525382,-0.0023373587845735206
0.00017179178835252326,-0.0005726392945083566,0.0005440073297829632
-0.00015438054805102453,0.0008876881512927878,0.002006947124662222
-2.7387505819820078e-05,-0.0005203626105770486,0.0009585627036946368
3.609065973722717e-05,0.0025985275010828182,-0.002778980799768954
0.0021727322107550334,0.00042678668425550416,0.003918677737254562
0.0010139416983524518,0.0010501539018650027,0.0038022813688213344
-3.612064294761693e-05,0.001480946360845108,-0.00010836192884244015
0.0003070875813782789,0.0010440977766860086,-9.212627441337893e-05
-5.5962840673741704e-05,-0.0013431081761710734,0.0014270524371816859
0.0007075032582386807,-0.0016384285980264297,-0.0021969838018992063
0.00034735379562970075,0.001105216622457894,0.005873436907919709
0.0013679422728360084,0.0025990903183885326,0.002496494647925725
0.00022187004754356,0.001236133122028483,-0.003169572107765452
0.0018854710984215607,0.0030167537574745584,0.0007811237407747145
-0.00021172983273344017,-0.0022937398546121015,-0.004305173265579682
-0.0002421558791987864,-0.0006918739405679892,-0.007022520496765395
-0.0005620819515485038,-0.001630037659490709,-0.0006463942442808672
-0.0002566323420910433,-0.0003849485131363826,-0.0036570108747956344
-0.00022586392953053385,0.0022586392953044825,-0.0007026877807614865
-0.000699300699300691,-0.000294442399705499,0.0008465218991535451
0.0020838315170975193,0.0039626959997266014,0.00587572165476709
0.0028823701109165958,-0.000401342673671763,0.00850116754232356
0.0015485138044341316,-0.0020772746157040243,-0.00989538089662728
-0.00026982608482354264,-0.001128363627443855,-0.0005151225255722432
0.0014878252349676128,0.0033385346735857165,0.005225532532568849
-0.0007107903441866857,-0.00237841384400887,-0.0015582711391781982
0.0005580941086191531,0.0009069029265059503,0.0036624925878126595
0.0011751275852807642,0.0014437281762020107,0.0032903572387859865
-0.0003418697165589683,0.00015539532570863802,0.0017093485827946648
-0.0019008956762677203,-0.0026741413750885497,0.0005799342741156222
-0.00010024057738563459,0.0011360598770383315,0.0032745255279337687
0.0006933466455889286,0.00213550766841385,0.0021909754000610715
-0.0023903900269297723,0.0007564525401676298,0.02108989681987343
-0.0015078912977917389,0.0028147304225445663,0.0014073652112723785
0.0022275991857740297,0.0007297307677535727,0.004455198371548059
0.0015108593012276305,0.0018256216556499342,-0.0004721435316335451
0.00027610961551730544,-0.0012770069717678075,-0.004003589425001812
0.0005689181073991177,0.001706754322197353,0.0007901640380543002
0.002035450767534477,0.003194526899047283,0.0013004268792581335
0.0015038065102290742,0.001911087440082752,0.003070271625050967
0.0001892445986437542,0.0006308153288124542,6.308153288119163e-05
0.0008268733850129512,0.006236003445305779,0.008406546080964679
0.0009780976001677773,0.0030041569148007603,0.0017815349145910886
-0.001879593783313581,-0.0008416091567074975,-0.001374628289288987
-0.004346896600869476,0.020202380104040327,0.017565737903512967
0.0007961346291111307,0.0008235875473563152,0.0005216054466589737
0.0002763499696014091,0.0004974299452827249,-0.0010501298844857
0.03247704455321745,0.03622851834649322,0.035549680231519484
-0.0019621932345787628,-0.001906920185717438,-0.0015752818925491743
-0.0008525633738774906,0.0008241445947482677,-0.002671365238149363
-0.000864189323938014,0.0007644751711758337,0.004287708568769406
0.000477904865071454,0.0008920890814667624,0.002102781406314615
-0.00018981506589292582,2.7116437984835807e-05,0.000705027387602494
0.0009374674490468449,0.001006909482309713,0.0021874240477761033
-0.002353431839847535,-0.0007149666348903989,0.0008937082936129986
0.0009299903281005878,-0.001450784911836866,-0.0009671899412245775
-0.0024627978771377306,-0.005619341635159056,6.937458808832012e-05
-0.004831061938985491,0.0013419616497181543,-0.003161065219336183
0.00051959619952489,0.00022268408551069728,-0.0017814726840855782
0.0007373167342540082,0.00011343334373144787,0.0042821087258599405
-0.0006584310528625432,0.0002508308772809434,-0.000595723333542352
-0.000978250236410511,-0.0007173835067011031,-0.0008478168715557143
-0.0009528995371631438,-0.00348488973591078,-0.006016879934658416
0.0006860196418255262,3.6106296938358426e-05,-3.610629693815319e-05
0.0001957439668912871,-0.002265037331170835,0.0018176225497049223
0.0028786297722282555,0.0006117088265983918,0.005289482206469614
-0.005493410753422728,-0.011043748043150302,-0.010246776534881638
0.0021675698207585734,-0.00730860080589133,-0.009837432263443158
0.000780923162738733,0.004573978524612986,0.002649560730720928
0.0014071159865606325,0.0021250323062344113,0.0016942825144300462
-0.0004951965930475524,0.0011554587171105802,-0.0005942359116569503
0.0012819083714191183,0.004152268420465972,0.004570282019841833
0.0003302388727847644,0.001944740028620811,-0.002385058525666816
-0.029160850007755475,-0.03195284628509388,-0.02237474794478045
0.0006595360307400033,-0.0003441057551687682,-0.0014337739798698133
0.0003744289957813765,0.0020468785102718185,0.0026459649035221345
-0.0018082663605051535,-0.003846153846153775,-0.0019230769230768057
-0.0002280947570790615,-0.00016292482648509683,0.002997816807325152
-0.0019316022799240457,-0.003324889170361024,-0.006934768841038624
0.0006732684377365619,0.0021039638679271745,0.0017673296490588138
-0.0009888122951744998,-0.00011300711944842248,-0.0003390213583455886
0.0009806057964699597,0.0014890680613061126,0.002905498656206913
-0.00027575557026242526,-0.000606662254577461,0.003336642400176584
0.0016686752572539897,0.0033682519081609805,0.0036154630573837616
-0.0015144577888916522,-0.0020779769661537417,-0.0007396189201563045
7.512583577499702e-05,-7.512583577485468e-05,0.0016527683870483686
0.0006543723973825916,0.006781677572873378,0.011243307555026859
-0.00033948940793054975,-0.0010524171645844727,0.004073872895165632
0.0009234584839450747,0.0024801456425951763,0.002849529036173146
6.492452523935013e-05,-0.0017204999188444392,-0.0024022074338581694
-0.0002538500592317703,0.0002538500592316099,-0.010774524736277975
0.0021840254141138583,0.0011061946902654481,0.003970955298388862
-0.0011469716761717068,-0.0034409150285149397,-0.004141842163953265
0.001472591392703226,-0.0013989618230681275,0.00011044435445285704
0.0005145844053841717,0.004414592530401092,0.002762505755220274
-0.001349440945893895,-0.00028916591697735454,-0.00032129546330813115
-0.0007450732034421958,0.0010058488246469537,-0.0014156390865402357
-0.00027473470929628105,-0.0009272296438750706,-0.001923142965074358
-0.004058654097931426,-0.010899450117831841,-0.002225713537575304
7.355104442476393e-05,0.0017652250661957978,0.004265960576640071
-5.566843877858382e-05,0.0018092242603057148,-0.00041751329083969515
-0.002874715871105808,-0.0018050541516246169,-0.002507019655034095
-0.0063906838031669785,-0.01036710928069309,-0.002769296314705778
-0.00025640203839615423,-0.00016025127399766473,-0.0007051056055894698
0.0016299918500408787,0.004110414230537632,0.001665426455476515
0.0001441088309891958,0.001671662439474409,0.0007205441549458151
0.000407090781244268,-0.0015913548721365118,-0.0008511898153286754
0.00693938337716657,0.005830349504103527,-0.007889983839791984
-0.001464290647879466,-0.0009393562646773726,-5.5256250863328667e-05
-0.0014870158131438597,0.004134629334107015,0.0015958218482518413
-0.0001968051956571728,-0.0020336536884573903,-0.004756125561714792
2.899391127876993e-05,-0.0005798782255725969,-0.002638445926355373
0.0007257420712678302,0.0,0.0022135133173670574
-0.001384238990471307,0.0011588977594643756,0.0027362863765130786
-0.0021193408119269223,-0.0054810538239485505,-0.005115650235685438
0.0013001002934512936,-0.0011515174027710794,-0.00014858289068000305
0.0011557639599776204,0.00046230558399116075,-0.001717135026252293
0.0012451312176744343,0.0012132047761956306,0.0023944831109124574
0.0013813185992682913,3.7332935115324815e-05,-0.0033226312252668793
0.0023792439291513857,0.0006042524264510297,0.00649571358434975
-0.00027059205541731446,0.0014070786881696662,0.00016235523325035793
0.001866692414148373,0.0034759100125520293,0.005246049370795904
-0.0005145797598627007,-0.0004459691252143926,0.00024013722126927335
-0.001464636731547487,-0.0026594719599151964,0.003237618038157764
0.0018752930145335283,0.00046882325363333454,0.0024445783939455435
0.0030442962202838595,0.003386351975371822,0.004651958269197731
0.0007691321625431107,0.0017305473657222266,0.0011857454172542127
0.0009765624999999792,0.0019836425781249306,0.0009460449218750069
0.0004446420631391574,-0.004514827102643886,-0.004070185039504729
0.0010158938227101501,-0.0011142061281336228,0.0015729968867770547
-0.0012049644535485518,0.0001807446680322999,0.002982287022532863
8.101758081496317e-05,0.0004861054848902396,0.0019444219395608048
-0.0027808676307007787,-0.004004449388209062,-0.007119021134594053
-0.0002743634767340395,-0.002825943810360046,-0.002469271290605888
0.0002854424357753726,-0.0002854424357755529,0.00019029495718364184
-0.001350971010413786,-0.0014072614691809737,-0.0011820996341120628
-0.0020851951146857164,0.003971800218448974,0.0031443418396054305
0.0014498823984276463,0.0018687373135289624,-0.0071849727744305765
0.0008202907110279883,0.0034452209863175885,-0.014699609541621425
-0.0013103227868327522,-0.0007670182166824936,-0.00038350910834133767
0.0002874764791971923,0.0006533556345389923,0.0008624294375915767
-0.002562874926070826,-0.009181288196693584,-0.01796828794322245
-0.0009306344933028536,-0.0034234054575066624,0.00039884335427262455
0.0001751436177664093,0.0009457755359394066,-0.006375227686703072
-0.001286209596241974,5.592215635845726e-05,0.003606979085113579
-0.0005963251462861057,0.0011553799709291576,-0.0009690283627147363
0.0007927554349482906,0.00106717077781494,-0.0019209074000672386
-0.00022984102662326094,0.003754070101512972,-0.001187511970886812
0.008739864415791557,0.008374318755815438,0.008806327263059873
-0.0013512643974004758,-0.0015764751303005249,-0.0017373399395148976
0.000991042500476428,0.001829616923956399,0.004574042309891323
-0.00019444984582903186,0.006472402011166932,0.005083474540959427
-0.0026685994794581934,-0.007412776331828815,-0.007511613349586443
0.0005823475887171065,0.0024749772520473406,0.006369426751592357
0.0005106840478430257,0.0010482462034672392,0.0018277113291224481
-6.66111573687987e-05,-0.002064945878434653,-0.003430474604496162
0.0012382942496710517,0.002902252147666589,3.8696695302185995e-05
-0.0007741269568208666,0.0004587419003383939,-0.003497906990079622
0.0,-0.001998268167587977,-0.0008992206754145801
-0.0012327753883242163,0.0,0.0011231953538066051
0.0,0.0006441333016916897,-0.001661185883310198
-0.0006943372936275529,0.005014658231754403,0.003047369233142893
0.00042992261392950896,7.165376898818361e-05,0.0026153625680711457
0.0012164627965128528,0.0019260660944785874,0.0018246941947692792
0.0,-0.0006987092266392003,-0.003714191152134707
-0.002099658805444124,-0.003749390724007349,-0.0020621648982038715
0.0,0.001199488218360136,-0.003625119948821872
-0.0004937226689236365,-0.0007758499083087434,-0.0003173931443079947
0.0013329173874818366,0.0006522787215335962,0.0036017129406425846
0.0011514736120631006,0.000849897189856072,-0.0003289924605894573
-0.00043497172683771315,0.0001242776362392457,0.0005281799540171474
-0.0007836771250245726,0.0006437347812700085,0.0005877578437683102
-0.00229033858838807,-0.002862923235484979,-0.0032446463335497294
-0.0006333924499619605,-0.00557385355966554,-0.0031986318723080534
-7.25821085103925e-05,0.0005806568680819022,-0.002649246960624272
-0.001119605898723722,0.002367166757301459,0.004158536195259305
0.0011011939260461212,-0.0007534484757157498,-0.0016517908890691818
-0.00021539538515398326,-0.00026924423144240254,0.0009423548100481029
0.00035901118063402196,0.00053851677095096,0.00012821827879785458
0.00034844419666178576,0.0009756437506532378,0.0007317328129899283
0.004490843345386573,0.004869940510906215,0.004024262218593245
-0.0007284013174563536,0.0004433747149733543,-0.0033253103623005174
0.001792559499186391,-0.002288960591268969,-0.00408152009045536
0.002057670383449682,0.0024191530183800144,0.0018630258877179765
-0.0006216667211988278,-0.0002617544089257733,0.00032719301115735605
-0.00027690859247368743,0.0008861074959155793,0.0012460886661312786
-0.0006776169566867241,-0.0013552339133734482,-0.001599176017780601
-0.0008585592821336646,-0.001384773035699449,-0.0014678594178413403
0.0004551342646080435,0.003956167069285424,-0.0022756713230402173
-0.0004409981257579822,-0.0011392451582080858,-0.0016537429715923289
0.0009239815203697072,0.0027719445611088037,0.006411871762564806
0.0007808941237717482,0.00094358039955756,0.004815513763258991
0.0016859504132231103,0.0009256198347106536,-0.007404958677685981
-0.001020408163265257,-0.000742115027829166,-0.002937538651824331
-0.0012770698040919775,-0.0010868679183761577,0.00024454528163473586
-0.0013856664088682871,-0.0016434648105181455,-0.00016112400103123023
0.0007319036814754762,-0.0016467832833198736,-0.0014638073629509524
0.0005370417479295563,0.0016959213092511542,0.00740552305039714
0.002743387732132912,0.004853685987619568,0.006823297692740566
-0.0006278558721964729,-0.0018486867348005607,-0.005057727859360245
-0.0014993800640119425,-0.007900579568063231,-0.004757648280037996
-0.0022621917300202367,-0.005377340997589426,-0.00697200074170219
0.0015124355814473548,-0.004145193815819006,-0.004677347075957921
0.0012893414440623722,0.002347262628934077,-0.00036366040729970126
0.0021691250083427124,0.004004538476940494,0.004772075018353967
-0.0008639999999999417,-0.006336000000000059,-0.004576000000000022
-0.005817989487950781,0.0,0.0015867244058048269
-0.0037144894805657912,-0.006270058243194927,-0.005111137525258441
-0.00040885645993205265,-0.0028305447226065457,-0.004057114102402704
0.0011218308279111935,-0.001234013910702419,-0.0025054221823349633
0.0007827992902620065,0.002009184845005693,0.0018265316772779162
0.0006789634491343473,-0.0009052845988457964,-0.0014333672815057727
0.0007483756845935654,0.00020410245943445053,-0.002245127053781083
-0.00011720581340823847,-0.0004981247069853466,-0.011251758087201053
0.0005802988539098955,0.0020020310459886777,0.0006963586246917427
-0.0016122392974752006,-0.001303512623490654,-0.003052963776070206
0.0006489292667097723,0.00022903385883859,-0.0015650647020652173
-0.006515873471496589,-0.002870428842069005,-0.011079855330386398
-0.0002532144163408599,-0.0017162310440874816,-0.0015192864980446796
-0.004870129870129812,-0.012645249487354744,-0.007661198450672128
-0.0006790842064417164,0.0005497348337861076,0.0007760962359332852
0.005101307659146282,0.003233223164247655,0.01095703405661737
0.002464097331844555,0.00565972355908047,0.004735687059638707
0.0002718407013489554,0.0029562676271704933,0.0029562676271704933
-0.006334736760786382,-0.008150179612963087,-0.004017150140986379
-0.001996007984031912,0.00014007073572161103,-0.0015057604090065722
0.0,-0.0009402654867257517,-0.004839601769911504
0.00036603221083463666,0.0024158125915081444,0.0002196193265007404
-6.705334093265099e-05,0.0019445468870487846,0.00016763335233181806
0.0022343725356184373,0.0013669102570842274,0.000893749014247345
0.0029512270891580887,0.0013202858030445473,0.0018251009630321036
0.0007277755540190991,0.0011644408864306,0.0032022124376842017
-0.0009254218835056478,2.721829069147455e-05,-0.0008165487207402138
-0.004565007462031435,-0.014602171304831326,-0.004126064436836172
0.0049535225048923815,-0.00590141878669278,-0.012995352250489235
-0.00021489778923895045,0.0013431111827437077,0.001316248959088858
-0.0002867047202022927,-0.0032058800531707407,-0.005708030338572204
2.7558078650731404e-05,0.0007991842808719939,0.0007165100449196432
-0.0009870369151806651,-0.0012831479897347712,-0.0023688885964334096
0.00395063586424867,0.00033862593122143065,0.0009030024832568633
-0.0007509044986006801,0.0022185814731380204,0.0066216123967506235
0.001235741444866877,-0.00465779467680617,-0.010804816223067252
-0.0004621834868444198,-0.0008583407612823866,-0.004522795549833298
-0.0034748739880860247,-0.011990224530319178,-0.01405223766610664
0.00014365752047127016,-0.003268208590719814,-0.0040942393334290565
-0.0022116903633490792,-0.008444635932787586,-0.007870170903346123
-8.505088878187157e-05,0.0026082272559747087,0.003373685255010908
0.004058721934369675,0.000259067357513045,-0.008002302820955593
-0.00046421663442941795,0.0023597678916828383,0.0023984526112185863
-0.0007928642220020123,0.0006607201850016142,0.001949124545754978
0.0023413897280966938,0.004456193353474346,0.0050981873111781185
-0.0022318314967220295,-0.0014227925791602482,0.00128330311061525
0.00187118971449268,0.0021126335486208896,0.0006639705438523188
0.0007231653982576411,0.000550983160577241,0.0005165467130412002
-0.0005067942098760514,-0.0005384688479932821,-0.000665167400462385
0.0011691608765364975,0.003006413682522639,0.002705772314270451
0.0006801178871004565,0.0017286329630469667,0.0074812967581047
-0.0009149130832571763,-0.0017760077498520667,-0.0020989182498251696
-0.00030135335050122405,-0.0009040600515039836,-0.0004931236644567608
0.0004358184670811124,0.0015398919170200845,0.00194665581962931
-0.00033363916923848124,-0.0016125893179860453,-0.0016681958461924062
0.006846825012118247,0.014723703344643764,0.02717523024721288
0.0034257574135530796,0.0024979481140491333,0.0011419191378510265
0.0012775471095495111,-0.001277547109549713,0.0004613364562262516
0.00031043849437324054,-0.00015521924718650998,0.004035700426853009
0.0017008573709604955,0.0028463327432401335,0.0023950848693116656
0.00032088135411917454,0.0009893841752010794,0.0
0.0015730415632537094,0.0012933897297864318,-0.0003845212710176308
0.0006496980814796264,0.00011465260261397505,0.0008025682182984771
0.0003329264232605772,-0.00014796729922673629,-0.0011837383938149417
-0.00011302308496516193,-0.0007346500522733117,0.0007911615947556517
-0.0002694484006312528,0.0016936756611108884,0.0012702567458331116
-0.008709658175744246,-0.007337588737099504,-0.00796396826343738
0.000919180227411935,0.0020085790154557603,0.0007149179546537057
0.0005188067444876488,0.0006485084306095979,-0.00023346303501939038
-0.00026229508196716093,3.278688524587182e-05,-0.0005901639344262519
0.00022516002444592358,0.0011579658400077636,0.001511788735565722
-0.0013219167793300215,0.007060237344148913,-0.003545140453657824
0.00014679976512024228,0.0005578391074574214,-0.00014679976512040917
0.002112930579109764,0.0024465511968639535,0.002307542606133015
-0.0025322688425420126,-0.005381071290401902,-0.0016530088277704445
0.0008555274512721999,-0.0002975747656598129,0.0033105192679662374
0.0003099901366773476,-0.002113569113710018,-0.002113569113710018
-0.0014087559601213206,-0.0019144632278571476,-0.0010114145354716542
0.0017366799921356992,0.002588636214693035,0.002588636214693035
0.0023535375479758753,0.00709682091389666,0.011188355420377924
-0.00014150676402319162,-0.0013584649346237657,-0.0018395879323031
0.0008960071680573254,0.00042000336002697574,0.0013160105280843012
0.002813396093707633,0.002813396093707633,0.0028674998647405785
8.387150884852682e-05,-8.38715088483679e-05,0.0008946294277167189
0.00047599403420803244,0.0010789198108718048,-0.0016183797163075268
0.0008740026502015909,0.004736530491415058,0.004003496010600851
0.0026131156930124617,0.0016466208476517022,0.0159650630011454
-0.0010986596352449388,-0.0017029224346297642,-0.002142386288727677
-0.001330416272469219,-0.01135288552507105,-0.02131622516556302
-0.0003567899879240187,-0.00024700845317826277,-0.001180151498517968
0.0030777122339060844,-0.004274600324869624,-0.009803083411700999
-0.0016054474492761207,-0.00016608077061478196,-0.0017715282198909027
2.8236622900036e-05,0.0009318085556968543,0.0030495552731894422
-6.094030896731104e-05,0.0010359852524451537,0.001157865870379949
0.00010405827263257965,0.000659035726673596,0.0018383628165104845
-0.0006130163811599865,-0.0013622586247998409,0.000885468106119916
-0.004685279772648606,-0.0018049848304465244,-0.0016129651676330084
-0.0061803409603832255,-0.01249956598729199,-0.013992569702440793
0.0013516736900691497,0.00018552383981339793,0.00023853065118861145
-0.0007778642071340502,-0.0015835092788087377,0.001277919768863308
0.0,0.0038940243103575594,0.0013829245214355206
0.00037132159544513583,-0.00021660426400963324,0.00021660426400963324
-0.003130606071265409,-0.002321573041612526,-0.0007386823314222673
0.0013537741026673174,0.0025611942482894464,0.00267095971607339
-0.002538959901943631,-0.0032393626335143104,-0.0013132551216951073
0.001125196909459127,0.001050183782161918,-0.0012252144125222142
-0.0014364204402629872,0.004021977232735834,0.001292778396236423
-0.0019201483149042708,-0.0018208302986162067,-0.002118784347480588
0.0005354035604336465,-0.0012314281889975543,-0.0018739124615178386
-0.0002992952956220086,-0.00405409082251776,-0.0037547955268957514
-0.0014886490509861778,-0.001030603189144352,-0.0009733474564140018
-0.0007393988687196888,0.0028836555880068495,0.003623054456726748
-0.0008789062499999408,-0.0013020833333332593,0.0006835937500001185
0.0003416467372736471,0.0008935376205619611,-0.00015768310951092554
0.003027901975210802,0.0008206463297300936,0.003537268662629464
-0.004060248853961861,0.0014734774066799132,0.007662082514734879
-0.00458975352427492,-0.0049175930617231765,0.0001490179715674049
0.00035494977460677203,0.0017037589181129497,0.005004791821957079
-0.0006445047489823532,-0.0011872455902307419,-0.0029172320217096797
-0.00013766898868364043,-0.00041300696605076477,5.506759547339357e-05
-0.0014643627359619653,0.009318671956122368,0.004606086424026248
-0.0010766989676356167,-0.0029134207359552827,-0.00744188992336426
-0.005450559867290643,-0.011997156229634492,-0.013389418804431489
0.0009725524097686831,0.0018010229810532382,0.004430516533391032
0.0017737617135206584,0.0023427041499330275,0.003045515394912879
0.0008140728418221719,0.000672494956288021,-0.003539447138356989
0.0003686441793718388,0.001474576717486906,0.0017642257155647259
-8.25105200912366e-05,-2.7503506697078867e-05,0.00019252454687986476
-0.0013584042325015923,-0.0003574747980268204,0.0034675055408592637
-0.0002893309222422571,-0.0010126582278480027,0.00036166365280297554
0.0010384215991692265,0.0010117954043187567,0.003967303032723617
-0.000622406639004173,0.0013485477178422766,0.0010027662517289781
-0.001558325912733755,-0.0023931433659840095,-0.0024766251113089556
0.00016329196603527725,0.002231656869148686,0.0025582408012192405
-0.000247981704461003,-0.002810459317223657,-0.002645138180916374
-0.0027194332128673837,-0.00017891007979393625,-0.004794790138476515
6.600442229623382e-05,-0.003300221114814693,-0.0027721857364442592
0.0009289247068866073,0.0008536064874092415,0.0020084858527278033
0.004929065689279289,0.008309899206925955,0.006572087585705659
-0.00027236824186313807,-0.0014639793000136416,-0.002144899904671293
-9.630509453941355e-05,0.000963050945395048,0.004269525857917833
-0.00020042375307791668,-0.0042661627440875255,-0.0036076275554028257
0.0009722559811103605,6.944685579354078e-05,-0.006215493593527624
0.004158074439674177,-0.004867989587911152,-0.011223420438795149
-0.00011307420494705432,0.0017809187279151815,0.0012438162544169548
0.0007117625349291893,-0.00018453102757418985,-0.001344440343754919
-0.0013386006725652976,-0.0035260700643182635,-0.003460772470534468
-0.00045271060474593334,-0.00045271060474593334,-0.0004904364884747254
-0.0008795074758135776,-0.0013485781295808747,-0.0026092055115803084
0.0014066537996009253,0.007687526579214311,0.011940200857077357
-0.0009392140656698474,0.0009767826282966073,0.0006386655646555561
-0.0007493443237166472,-0.00040873326748168436,0.000613099901222817
-0.0011983428630121748,-0.000787482452836711,0.0030472147088026376
0.0009248554913295149,-0.004470134874759248,-0.002119460500963435
0.002159244264507453,-0.0009176788124155871,-0.016707152496626174
0.0012727062362604962,0.0026996798950981084,0.003162482162829238
-0.00034381983840468897,-0.0010028078620135405,0.00045842645120630626
-0.000530886200750773,0.000606727086572466,0.004891737135489821
0.0018571351671421588,0.0004575550411798435,0.0005921300532916252
0.0005544671570621895,0.0009241119284367724,0.0024396554910731715
-5.1757155426837774e-05,0.0002846643548469458,-0.0008539930645412787
-0.0004151365160466085,0.0009260737665656091,0.0035446271754750558
0.0010442537818920877,0.004346353578685991,0.005785730413185853
0.0005768438401317938,0.0003296250515039268,0.0015657189946435741
-0.001508129184138987,-0.0030162583682777646,-0.004156551166041328
0.0008689512844185988,0.0015478194753706436,0.001792212024113466
0.00014499478018794622,-0.0008989676371650687,-0.002174921702818699
0.0010649981695343732,-0.0011981229407262409,6.656238559583921e-05
0.0,0.0018960940462646948,0.006446719757299919
-0.001827616592147783,-0.003002512972814255,-0.0032962370679809655
0.003913894324853273,-0.0025081998842369974,0.0019293845263360675
-0.0014682095309195764,-9.95396292149321e-05,0.003035958691053802
-0.0004849479613533609,-0.0024993471854366993,-0.0004476442720185196
-0.001884442173176962,-0.0031300903893447937,-0.0035772461592511666
0.0004352083560004517,0.0010517535270009198,-0.007144670511007243
-0.0002794163303322938,0.0028252095622476503,-0.0015833592052159197
0.0001230314960630201,-7.381889763772814e-05,-0.0006643700787401128
0.0014116625040722598,0.001158287182828368,0.0030043073804612913
-0.011675071256303418,-0.01164766498574874,-0.012963165972374529
-0.0012897216350804773,-0.002364489664314005,-0.006950166589044523
0.00038312708325360234,0.000842879583157838,0.0022221370828703273
-0.000973454640757763,-0.004193343067879545,-0.003669175184394629
-0.0005055327753749559,0.0009268100881873394,0.005841712070999225
-0.004089131207775262,0.0026371933151593764,0.005985539883844915
-0.002556581178180222,-0.0023143787507735863,-0.005463010307058782
-0.0004588613179908773,0.0,-0.0031061381525537236
0.0011646091904303157,0.0017635510597944618,0.00029947093468216763
0.0010042246692984987,0.00041554124246833074,-0.0027702749497886094
-0.0013443237697668498,0.0014858315350053386,0.001556585417624784
0.0010737496467928666,0.0004521051144391778,0.001949703306018643
0.0005297939380419868,0.0015057301396983534,-0.00030672280623487616
-0.0009620991253643851,-0.0017784256559767162,-0.002886297376093321
-0.0009183037617658638,-0.0005903381325637297,-0.004033977239185393
-0.0008003090848880132,-0.0017110056297604717,-0.0045534827243626065
-0.0016322089227422541,0.0006872458622070679,0.0006872458622070679
-0.004263005780346846,0.0035043352601155,0.0023843930635836998
-0.0005921013677541259,-0.011812422286695342,-0.01856237787909285
-0.00018982536066801265,-0.004176157934699947,-0.005163249810174476
-0.000913903945543995,-0.0008508760872304986,-0.00031513929156676507
2.750880281687639e-05,-0.0012103873239436558,-0.0014579665492956996
-0.0008401311688663711,-0.004878180980514408,-0.0013550502723651046
0.0003264676203478769,0.0043924734374073075,0.004184721315367796
0.0002786970910990562,0.0009057655460720811,0.0009057655460720811
-0.0013307285030719172,-0.0002548203516520145,-0.0022650697924630125
0.0010016025641026022,0.0023704594017095234,0.007612179487179586
-0.0008817613182333085,-0.0013226419773498062,-0.0006888760298696646
2.7472527472502485e-05,-0.001236263736263705,-0.0014285714285713787
-0.0011185682326620343,0.0012092629542295003,-6.046314771141487e-05
0.0006365020063649131,0.002047876020478628,0.0029057700290575743
-0.00026185844680530143,0.000673350291785152,-3.740834954358411e-05
-0.00032370316419844233,5.395052736650928e-05,-0.001186911602060904
0.0005791953046566424,-0.0019692640358328476,-0.0002702911421731144
0.0003653028692880368,-0.00016604675876730662,-0.0011291179596175339
0.0028738581545724277,0.0035581100961372732,0.004926613979267158
0.0023494860499267372,-0.0007709251101320836,0.004258443465492016
0.00037268932617764175,0.0008696084277478778,0.0009938382031404723
-0.000954638225031153,0.0016788465336758436,-0.0015471722957402412
0.001387075718015641,-0.00043516100957361023,0.0011966927763272348
0.00041585805378432407,0.0016980870529526237,0.000138619351261507
0.0004626416840156847,-0.0008261458643138032,0.0001321833382900883
-0.0005845942228336172,-0.001891334250343918,-0.0013755158184320293
-0.0009484426571569484,0.0003414393565766222,0.005007777229788877
-0.0007509118214976627,-0.0018594007008511714,-0.004290924694271778
-0.005791701947502048,-0.0031160033869602572,-0.004470787468247225
-0.0024291497975707332,-0.0042694147957304685,-0.003827751196172115
3.7653437758833143e-05,-0.0006777618796596387,0.0013555237593192773
0.0014744145706853072,0.0012431338537149663,0.0007805724197746131
-0.001200615315349091,-0.001988519116046872,-0.004164634375117086
0.002041997073137606,0.0023482966341081503,0.000646632406493543
0.0008749544294568322,-0.00098432373313904,0.0069631790010935765
-0.0010855647720313599,-2.7834994154625913e-05,-0.002616489450537209
-0.009910485933503908,-0.0059143222506394585,-0.007640664961636785
-0.0018523508015627487,-0.0034015896537787646,-0.004108850868921013
0.0009466828233868525,0.001136019388064266,-0.0015525598303543177
-8.70347268559364e-05,-0.002465983927587173,-0.0033363311961471967
-0.00021498441363001998,-0.00010749220681490816,-0.001039091332544927
0.0003383522246657297,-0.0021710934416061542,-0.003186150115603824
-0.00040617384240459954,0.00461561184550624,0.0016616202643822047
-0.001464626650974244,-0.0030077154439650425,-0.0017000130770237585
-0.00016934227460547102,-0.0013208697419223273,-0.0019305019305019076
0.0009048199060379011,-0.0011484252653559803,0.002575256655646258
0.0007428398492309731,0.001348116763419133,0.0010179657193164434
0.0011947431302271494,0.001846421201260084,0.006082328662973849
0.0014949975083374339,-0.00015333307777828215,-0.0017249971250047481
-0.002445922189100524,-0.0019873117786441893,-0.00236948712069099
-0.0017361702127659264,-0.001770212765957385,-0.003914893617021199
0.00332321918797855,0.0030631411645716,-0.010460916052593569
0.0016305118389337145,-0.00028356727633625437,0.0025166595774846856
-0.0015923566878981495,-0.00200940248710939,0.004094631483166454
-0.0002247022694929304,-0.006965770354280417,-0.008501235862482144
-0.000546219837419323,0.0005462198374191403,0.0018957041416315103
0.0007180883991580131,0.0005942800544755534,0.00044571004085662986
0.0017104304583320784,0.001647081182097617,0.0018054543726837705
-0.0018628775979836758,-0.007013186251232637,-0.0013880264455564725
0.00016983695652174558,-0.0010473278985505766,0.0007642663043479355
-0.0003270824247710547,0.0033253379851723376,0.0051515481901438795
-0.006871872822851223,-0.005066818671226696,-0.005573500538349456
6.679803613767679e-05,0.002037340102200851,0.0012023646504791315
-0.0020125973687153682,-0.0007454064328574732,-0.0007454064328574732
-0.001220256253813211,-0.006352510497792707,-0.0040914474392563125
0.00024228998650096284,-0.0002422899865011596,0.0012460627877192093
-0.0007385811467444032,-0.0016715257531584326,-0.0015160349854226875
-0.000877535101403997,0.00013000520020807482,-0.0019500780031201986
0.0005166475315729243,0.0013490241102182185,0.0029850746268657307
-0.0013005834045558423,-0.0001114785775334605,-0.00018579762922229335
-0.000930986846056827,-0.00039041383866897546,-0.005345666406390863
0.00013726082301592602,0.00043923463365093206,-0.000411782469047622
0.000729660707770845,0.003246990149580395,0.0026632615833635945
0.0033807013522805605,0.005672702269080797,0.005328902131560728
0.0003532992716599507,0.0007065985433200558,0.002174149364061342
0.00043481169308982355,-0.00026757642651696075,0.0009030704394942196
0.00037475640833466774,-0.0009368910208364564,-7.495128166684834e-05
-0.0006149616553321369,-0.0007234843003906404,-0.00311098249167998
0.000331630961066412,-0.0024872322079989386,-0.012767792001061293
-8.480325644497037e-05,0.0021483491632745106,0.0036748077792854235
-0.0009642205310099271,0.001343021453906768,0.0005854196081132818
0.0003558592220918214,-0.0017792961104587026,0.0032739048432440694
-0.0005011191661376316,-0.0014699495540039346,0.002873083219189569
-2.7211624806092424e-05,-0.0004081743720918504,0.001088464992244625
-0.0006194432298499341,0.0026599621046495344,0.0035344701938493928
0.0011899345535994644,0.003254820984845857,0.005144717040562665
-6.391818472349572e-05,0.001150527325024013,0.001278363694471186
0.0019250601581299496,0.006806462701959499,0.00488140254382955
-0.009893029434384339,-0.013248968747815216,-0.008075228972942747
-0.00013271840472465452,0.000895849231892361,0.002720727296857869
0.0023368432907257845,0.0013232727067964706,0.0048989244889915224
-0.0007206947497387072,0.0012612158120428913,0.001008972649634354
0.0009721059595496278,0.0006210676963789545,0.0014311559960036443
-0.00034109902104588713,0.002967561483098559,-0.007470068560903222
0.001909565843991975,0.002594127184291012,0.002918393082327517
0.0007800312012479738,-0.002711537032909955,-0.0009657529158310962
0.0005231102641706324,-0.0032133916227628204,-0.006725703396480258
0.0004796316428981814,0.001438894928694726,0.002014452900172653
-0.0028897659994361192,-0.0001409641950943178,-0.00038765153650977463
0.0005698907709354123,-0.00015830299192658338,0.001488048124109452
-0.0001414107132756699,0.0005939249957577815,0.0021494428417896685
0.00041334138819114005,0.00022256843979521536,0.0008266827763822801
-0.0008667388949077366,0.0,0.0
0.0014081455805893595,0.0006769930675909879,0.00035203639514745535
-0.0001324924479304981,-0.0008479516667549769,0.00018548942710263708
-0.0006196484903110277,0.016364353312302845,0.00904123479044609
0.0006756549246029619,0.0004913853997112133,0.002149811123736951
0.0,-0.0016796685454072092,0.0035832928968682746
0.0003377427526034465,-0.0023360540388403716,0.0005910498170559514
-3.516174402247154e-05,0.0012306610407877032,0.0022151898734177056
0.0002858413263036746,0.0002540811789366197,0.0037159372419486724
0.0007288860719377637,-0.0020915861194740135,0.00041197908413879086
-0.0010109727530514733,-0.002268524226359304,-0.0032055233633337724
0.0027025308406461363,0.003942515579295464,0.006899402263767061
-0.002897114321655895,-0.0041169519307741554,-0.00019059962642477556
-0.004750117080350625,-0.002140897839031198,0.005452599183782683
0.0005356365705869406,0.0018412507113923584,0.002778614709919457
-0.0008399126490845271,-0.0010078951789014325,-0.00036396214793660183
-0.0007969639468689925,0.0003415559772295066,-0.00349146110056932
-0.001971747292223802,-0.00045917402695625935,-0.0011614401858304482
-0.0008140108534780071,-0.0016033547113960959,-0.015022200296003886
0.0005857587406187993,-0.002599304411495441,0.002416254805052261
-0.00024928331048249073,-0.0006543686900163168,0.0009348124143088974
-0.0002951910691284179,0.0002951910691284179,-0.0014759553456419369
-0.00013020155200238145,-0.0005989271392113988,0.00028644341440553527
-0.0009099682889838249,-0.0004963463394456087,-0.0004411967461739092
-0.0013465891184138053,-0.00020055582614673004,0.0006303183107470054
-0.0003106018774157061,-0.0015184980673660883,-0.0007247377139701116
0.0008580839815096805,-0.0005259224402801167,-0.0035430564397818053
-0.0006714654061022777,0.0014772238934250414,0.0030887408680705685
0.0003978990927900081,5.305321237196087e-05,-0.0004774789113481002
-0.00014750894272972845,-0.003392705682782077,-0.0039827414537007815
-0.0043810768225663365,-0.005072825794550529,-0.006302601744744577
-0.0012245611989037725,-0.0025074348358505266,-0.001924310455420214
-0.000772105376941845,0.0011427159578739445,0.0033046110133110756
-0.00041350274415441246,0.0,0.00172919329373745
-0.00026441910428023164,0.00624690133862167,0.009353825813915003
0.0012039959649865104,0.0025706940874036656,-0.0004230256093195648
0.0027234704795252567,0.002139869662484091,-0.0010699348312420455
-0.0027139803914915175,-0.0034603249991518197,-0.004172744851918314
0.00037891705505651885,-0.0006062672880907317,0.001515668220226506
0.00241572416822239,0.003019655210277871,0.001976501592181913
0.00012816815662155298,-0.0016021019577685926,0.00016021019577689568
-0.0008328203642684512,0.0002896766484411199,-0.0036571676865698333
-0.0004211666315695773,-0.0012033332330556664,-0.001353749887187646
0.0006380912747954451,0.001581356637536394,0.0011652101539742432
0.0007843875502008031,-0.00012550200803219271,0.002196285140562213
8.486322876306062e-05,-0.0023761704053632854,-5.657548584193321e-05
-0.0005461496450025993,0.004561955858258155,0.0016384489350081632
0.0004867991523966527,0.0002290819540690226,-0.001030868793310846
-0.0033971931387837694,-0.0008353753619960219,-0.002311205168188862
-0.000588438906195774,-0.00041536863966772086,-0.0024229837313949074
0.00013633265167014474,-0.00020449897750512023,-0.006884798909338725
0.0014567242943133594,0.0005222219168292822,0.0011268999257895858
-0.003209351035437954,-0.005743049221310053,-0.004155265024830304
-0.0003566206626012722,-0.0020327377768269675,-0.003423558360971564
-0.0009545628102327687,0.00044546264477549703,0.0009545628102329496
-0.0013205678441730443,-0.0004768717215068979,0.00011004732034764943
-0.00045507736315169146,0.0009101547263035677,-0.0014302431413340195
0.00042890842805052583,0.0015011794981771452,8.042033025941646e-05
0.0018519837595271696,0.001887598831825734,0.005021725194102234
0.000872302499336145,0.002882390867372059,0.0014411954336860295
-0.0026372892672342526,-0.0018694708729761385,-0.0014021031547321512
-0.006839640175451547,-0.0015240502564863884,0.013344732733625872
-0.0017177775900425604,2.816028836132721e-05,0.0015769761482357643
-0.0003177629488402046,-0.00020221278562553997,0.00037553803044745485
-0.001198700356455618,0.0008517081480078919,0.0002839027160027502
0.00035074386928946467,0.0012276035425131263,0.006401075614532481
-3.2159511175400885e-05,0.0016722945811224912,0.0006110307123331653
0.0002956591855933709,-0.0005375621556242135,-0.00223088294584057
-0.0027199737833851685,-0.005439947566770337,-0.008094379813206523
-0.0012642225031606383,-0.0015170670037927248,-0.001589308289687548
0.0005678430481816118,0.0005110587433633537,0.0013344311632265617
-0.0010108303249096488,-0.0017328519855596325,-0.001985559566787045
-0.0015197031277611127,-0.0025092772574659113,-0.00014136773281485642
0.0015119900813450665,0.0038404548066164135,0.004263812029393163
3.6187305493405764e-05,-0.0010494318593036248,-0.0005789968878916125
-0.00030168187646128304,0.0009050456293838491,0.0065615808130326915
-0.0008800028160090113,-0.009187229399133925,-0.014713647083670492
-0.00019628736470190449,-0.0013740115529134909,-0.005299758846951899
0.00033734689640854123,-0.0007006435540794027,-0.0010639402117501168
-0.00011634220119456122,-0.0017063522841852079,-0.0025207476925464753
-0.00016193283026186004,-0.001198302943938869,-0.0010687566797291969
0.013435255964790371,0.013898540653231373,0.01426255005129224
0.001361367417939849,0.002458024504613437,0.006693389804870602
-0.00010421551769063745,-0.00026053879422637146,0.0028398728570685006
0.000803024726469733,0.001840264998159773,-0.0015056713621306541
0.0004419749968429927,0.0013259249905291574,0.00015784821315826294
0.0013834373592433139,0.002284280290843509,0.0029599124895438385
0.0,-0.0009165182779931464,0.0013093118257044099
0.00047343210426650307,-5.569789461953272e-05,0.0001392447365489901
0.005825107258711556,0.003976420523910797,-0.005859988140500216
-0.00339976129335599,-0.004520959166696806,-0.00039784440666936827
-0.0004340160043400737,0.0008409060084090663,0.0012206700122068235
0.00971368283188422,0.010441299523411083,0.002328373412886042
0.0008185717560001309,0.008054746079041221,0.00723617432304109
-0.000351506204084582,0.001687229779605674,0.0017926816408309286
-0.018136580894388674,-0.010541478425980392,-0.0061873895109015465
-0.0007097978390598644,-0.00018402166197847782,-0.0019453718552012648
0.0005343485956649907,-6.679357445807637e-05,0.001970410446514962
-0.0003536181566850344,0.0006429421030635826,0.00237888578133542
0.0008313880983595781,0.0009592939596455552,0.0013749880088255262
-0.0006353942206752257,0.000801149234764251,0.003646610309961857
0.0023147310933487155,0.003218922926688077,0.004774132880031803
0.0022954059999361442,0.004272005610992364,-0.0001594031944400528
-0.0009193817157961075,-0.006119634545767958,-0.0020111475033039953
0.001998806682577613,-0.003908114558472561,-0.00011933174224332823
8.2187277409538e-05,-0.0007944770149579849,-0.0020820776943728863
0.0023581634068526084,0.002274934110140084,0.005243445692883857
0.0019568762456967583,-0.00047109983692696306,0.002536691429606772
0.0018240493896451476,0.002174828118422915,-0.0038585660165566366
-0.00086260012322868,0.0004929143561305242,0.000585335797905107
-0.00033533603465140294,-0.0008383400866285073,0.00019561268687995857
0.00386620584617185,0.004481284048971861,0.00014644719114290718
-0.00019280825219320118,0.00038561650438640236,0.0018638131045341563
-0.002002342362763885,-0.0012089614265744575,-0.003249083833918976
0.0,-0.0008945955901699074,0.0
0.0006135140411055169,0.0006971750467107281,0.0003346440224211622
-0.006815277580576515,-0.004898480761039515,-0.006779781343177711
0.00024978144123904376,3.122268015501358e-05,0.0013425752466591947
-0.0005298106809832483,0.0028962983893755056,-0.0015894320429499457
-0.0009325872635226137,-0.0016320277111644321,-0.000999200639488447
0.0017780804297659264,0.006317860250444581,0.006317860250444581
0.0023675347627464616,-0.00033345560038669476,-3.3345560038650525e-05
0.0008896331571510152,0.0015176095033753313,0.0007326390705949361
8.587130753369795e-05,-8.587130753386065e-05,-0.0012308220746508095
-0.0006883638966903463,-0.0019549534666005275,-0.0015970042403215597
0.0009618467457519629,0.0028855402372555575,0.004925821213092769
0.0009761199233047679,-0.0011155656266343037,-0.000522921387484867
-0.002472665456090818,-0.0007727079550283531,0.0007727079550283531
9.2148912642747e-05,0.001566531514928096,3.0716304214249e-05
-0.0009567499938669538,-7.35961533743167e-05,0.0009076858916174093
-0.001475907972796964,-0.0034148458978440362,-0.0038199971060627787
-0.0030514134377339,-0.0040301686913465865,-0.01859634981864235
0.0007618080243777051,0.0006030980192991294,0.0022536820721177613
-0.0006705648838581621,0.0017971138887399173,0.0015825331259053481
-0.0008244960623205881,-0.0032979842492821907,-0.0025019190856622846
-0.0006011093199268485,0.0009563102817015926,0.0016940353561572844
0.0008940545373267456,-0.0005158006946115239,0.007874557271070528
-0.0003721729172630846,-0.0015745777268823685,-0.001202404809619284
3.164857423170207e-05,0.00037978289078060477,-0.0012659429692693422
0.0006703244867051858,0.0006703244867051858,0.0008689391494326222
-0.0011575748806250657,0.0001808710750977115,0.004594125307480762
0.000599053495477112,-0.0009884382675374136,-0.0035943209728628426
-0.0008880994671403263,-0.00022918695926197238,0.0003151320689853138
-0.0009644197981606197,0.0,-0.0025488237522819177
0.0014135044036098232,0.00021746221593998865,-0.0018484288354900064
-0.0006494394312277745,-0.0026319387476072664,-0.005024610336341356
0.002233700963283572,0.0011168504816418655,-0.0013681418400110354
0.0003133704735377153,-0.00013927576601658644,0.00034818941504186193
-0.0011878124913676606,-0.0036186845667246824,-0.0037568022982790907
0.0013189029830481204,0.0002327475852438119,0.004034291477559112
0.0010169305189094233,0.0017040457343887548,0.0012368073878629218
0.00025210689332274427,0.0028452063674996885,0.005078153136929943
-0.0007302355970636755,0.001383604289173349,0.0012683039317421272
-0.0013393156097235455,-0.0006361749146186223,0.00023438023170157762
0.0010535351958796577,-0.0001950991103478794,-0.0008584360855313347
0.0007004436142889815,-0.000633734698642466,-0.0020346219272206183
2.8417971525166687e-05,0.00036943362982749,-0.0018755861206626167
0.00016726883447079944,-0.0015054195102368146,-0.0024421249832731772
-0.0024330054568836284,-0.003301935977199224,-0.002154947690382693
0.0008859560687991338,0.002444016741514714,0.00461308159960893
0.0010557739915538825,0.0037862239697102826,0.0037862239697102826
0.0002626740215393295,-0.000210139217231374,-0.00034147622800103874
0.0017950252158303998,-0.0002279397099468357,-0.0017380402883437718
0.00039346326364655786,0.0005508485691052108,0.0024919340030952145
-0.001966046685807001,-3.1207090250876625e-05,-0.00046810635376350415
0.0008150402086503243,-8.150402086495521e-05,0.001331232340795504
0.0011511619540973924,0.0036333549176199398,0.0012231095762284157
0.0010396554284866685,0.0001856527550869277,-0.006237932570919378
0.000952078705172997,-0.0012429916428647711,-0.004469480588173061
-0.000680672008910524,-0.00046409455152989474,-0.0008353701927538809
0.001816891412349145,0.0018736692689851667,-0.0002271114265436028
-0.002248955841930516,0.0004997679648734029,0.0011423267768535794
-0.0006272631368860014,0.005559832349670654,0.01781997547971374
-0.001241242345672327,-0.00038616428532035966,-0.001985987753075598
-0.0009234676209165767,-0.0005002116279964426,-0.0009619454384547309
0.0011860327205496738,0.0015348658736526238,0.0002790665224822412
-0.002785515320334334,-0.004407460949895984,-0.0036670075103135305
0.0005058026807542272,-0.00019670104251550617,-0.0014612077444009941
-0.002868460592815104,-0.002663570550471154,0.0037904657833629754
0.0017312419930057823,-0.00031162355874095424,-0.00027699871888087007
-0.0055555555555555965,-3.5842293906777435e-05,-0.00584229390681002
-0.0004254866503561597,0.0006736871963977399,0.004042123178385431
-0.0018755861206626672,-0.0041028446389496055,-0.004923413566739571
-0.0008928088306909369,-0.001271576213408439,-0.0022184946702018104
0.000452930109400026,0.0013239495505539525,-0.0010103825517384282
-0.0013898540653233323,7.315021396430931e-05,-0.002743133023664094
-0.0005279011272240447,0.0017700214265753192,0.0012421202993510981
-0.00023890784982932825,-0.0037201365187712458,-0.004948805460750815
0.0001399482191589828,0.0003498705478973576,0.012770274998250767
-0.0027786515675789093,-0.002175736604802456,-0.0013368983957219012
0.0008024394158241052,-0.0034665382763600836,-0.005039319531375359
0.005137835730989967,0.00439373538374301,0.01279143930267152
0.0,-3.203588018577897e-05,-0.00038443056222971185
-0.0018020016079398334,-0.002079232624546034,-0.004546588672340624
0.00026926598093602976,0.0008347245409015086,0.0017771554741774598
0.0033904690148803414,0.0028567840773528227,0.010799271677026425
0.0013890204249139683,0.0011680399027685848,-0.0001578432301037173
0.0025601458932454873,0.002770568843375256,0.007996072104931015
0.000752202879862381,0.0015849989254243901,0.0027938964109175896
0.0005791897135906537,-0.003764733138339496,-0.007529466276678992
-0.0014728444308068774,-0.0011660018410555245,-0.000920527769254233
0.0008178228990410705,0.0031020868584319397,0.0048787366046248205
0.0007693622841510851,0.00222260215421448,0.002251097053627459
0.001205229648649303,0.00413970183666514,0.003379883145125275
0.00031165269423761254,-0.00012466107769508044,9.349580827117747e-05
0.0024339947939554796,0.0022987728609580706,0.005577904736148127
0.0,0.0006735821096591675,0.0016435403475684055
-0.0002971687918738211,-0.00027015344715804716,0.0009455370650528578
5.4996425232309874e-05,0.001924874883132565,0.0025573337733045976
-0.004042428220986131,0.003144110838544616,-0.0017620840963272326
0.004304616629109635,0.002917894493557494,-0.00375570578378694
-0.0011504390842503147,-7.669593894996285e-05,-0.0006519154810751202
0.0016951405969553642,0.0007977132220966864,0.005417802300073108
-0.0013267693167139845,-0.0014664292447889944,0.0017806640829579653
0.0005955137960696315,0.000959438893667771,-0.0012571957917024929
-0.0004861266920948151,-0.0029167601525691028,-0.0020940842121008234
-0.00017049813872865865,-0.0022164758034725627,0.0029268847148417854
-0.001623903864891232,-0.0018010570137884604,0.0016534293897074088
-0.0012678391469717705,-0.0006826826176003263,-0.0018855043724197553
0.0004177426705150146,-0.003835637247455533,-0.005126841865410778
0.0004444140571584694,-0.0020853274989742817,-0.003555312457267755
0.0005090353779588477,0.0008908119114279383,-0.0031496564011199066
-0.0013625985121897492,0.0015467334462692754,0.0038668336156733978
0.003775936652247341,0.0012464256910331838,-0.001393064007625176
-0.00044419218715299166,-0.0003208054684993595,-0.00024677343730726434
-0.0045086953410147824,0.007872325198597457,0.03177556716524725
-0.0002593841479230488,7.410975654938234e-05,0.003186719531626389
-0.00021833380119145747,-0.0004990486884377436,-0.0002495243442189605
0.0009152175721773417,-8.320159747059576e-05,0.001026153035471627
0.000325168003468471,-0.0012464773466291902,2.7097333622346913e-05
0.0011502102728154747,-0.0029114697530642406,-0.0031630782502426063
-0.0019426078658577913,-0.0023856587826323653,-0.004260104968986435
0.00019039761368324905,6.346587122768956e-05,-0.003173293561387364
0.000168738399235059,0.0009280611957929043,-8.436919961744957e-05
0.0006461165701978977,-0.00024229371382413512,-0.00021537219006591488
-0.00070196179850001,-0.00014778143126323737,-0.004581224369158049
-0.004203389830508506,-0.0013220338983050384,-0.003152542372881379
-5.4159445407229777e-05,0.0011915077989602865,0.0018685008665512745
0.0027911356222886778,0.006792884285570104,0.016309647913373988
-0.00046239630082948205,0.0008975928192575573,0.002039983680130559
3.520383017669121e-05,0.002781102583961207,0.003872421319439635
-0.00014579916165489507,0.00018224895206835984,-0.000218698742482239
0.0015694917518200339,0.0038068523342017074,-0.0033393441528083885
0.0032541994669309936,0.001425649290274529,-0.0013326721626480097
0.002528301886792513,0.005018867924528242,0.004000000000000009
0.0007811410238527816,0.0014227925791602482,0.00022318314967215535
-0.00036656891495609505,0.00014662756598227134,-0.0013929618768328278
0.0008372782017842005,0.0008050751940231218,-0.0008050751940231218
0.0022274767828380703,0.0014050238168672254,-0.0020561324149275992
-0.0003142973881887756,-0.0009428921645661481,-0.0019800735455888217
0.0010342789598107738,0.000701832151300228,-0.012817671394799154
-0.004061239212333294,-0.005904828065300397,0.002458118470622855
0.0012247920701834534,0.001310242679731219,0.0015950780448900602
-0.0013237650665365967,-0.00567825541698598,-0.004389326273252947
-0.0006641308941615965,-0.0012980740204069517,-0.0002716899112478868
0.0014440228778526273,0.001557279574154854,0.0022085055778922158
0.0005999250093739221,0.003374578177727912,0.00048743907011621843
-0.0004473272198613455,-0.0011183180496533638,-0.003243122343994649
-0.0011713308851462724,-0.004938584272508555,-0.003229074332024762
0.00041102647010461246,2.7401764673620062e-05,0.0003014194114101322
-0.000549948240165683,0.0006146480331262866,0.0011645962732919695
-0.001377859965916079,-0.0005801515645963415,0.0071431161390912296
-0.0008346173600410597,-0.0017976373908577372,-0.0004494093477143887
-0.001946909281515526,-0.002995245048485359,-0.006290014601819425
0.0003083987252853779,0.0011650618510777914,0.0016447932015214962
0.0009937535491199231,-0.000851788756388448,0.001171209540034015
0.0004046476674951915,0.0015318804555175811,0.0006069715012427873
-0.0007533362031856154,0.0007264313387860035,0.0010223848471803579
-0.0031576210111817775,-0.0008172666146586814,-0.001968869571677896
-0.0025473773592186817,0.001235092052954765,-0.0018526380794317086
0.001008572869389715,0.0015128593040847774,0.0010445933290109519
0.0011640132171823457,0.004656052868729383,0.002027635926704793
-0.00019194384271571245,-0.0021662233677918795,-0.0017549151334009332
0.002190694763196312,0.003060018081925014,-0.0025384240906876744
0.0004738990959463235,0.0006926217556138734,0.0010571595217265255
-0.0008972130320194303,0.0008691751247686936,-0.0026355632815566583
-0.0006976809086596154,-0.000920938799430648,-0.0037116624340691098
0.001136867790594568,0.0023291925465839395,0.0024123779946761442
-0.0007882921479246028,-0.0013366692943071132,-0.0042841964561126916
0.0002185314685314768,-0.0010926573426573842,-0.0009833916083915421
-0.000871238247359092,-0.001161650996478927,-0.003230841833956667
0.0038090176277791464,-0.0019487997165382968,0.00044290902648589265
-0.00010979358805451379,0.0003568291611769748,0.0024154589371980554
8.379420144134283e-05,0.0006982850120105023,0.002150717836992455
-0.0006184987348888683,0.00042170368287892636,-0.002192859150969842
-0.0007342612693143219,-0.0011812029115055693,-0.013280551653684155
-3.295110056672896e-05,-0.0005601687096349542,0.001120337419269721
-0.0017499144063604806,0.0066572830676760375,0.009168029824628022
-0.003529963321474944,-0.004826121728578913,-0.008218195857808714
-0.0021241510383187,0.0003633416249755316,0.0026272394421308523
0.0014337669604141314,-0.00188837599664276,0.0008742481465939293
0.00038523769165583924,-0.0004622852299869195,0.0016950458432852984
0.0003225726408773863,0.0005955187216198335,-0.00039701248107979495
0.0012260066664112226,-7.662541665063335e-05,-0.0008811922914831547
0.0007904943059706854,0.00034584125886214857,0.00039524715298541296
0.0004423473901504149,-0.001843114125626659,-0.002248599233264365
-0.0036257062573648528,-0.0038372057890444407,0.010665619240414455
-0.002972593342697443,-0.00940776794172409,0.001404632019076885
0.0004327275148125805,-0.0008987417615339813,-0.0051261567139338935
-0.0013810565082288473,-0.006138028925461398,-0.008132888326236255
0.0004668689765564623,-0.0013005635775502262,0.0021676059625837106
-0.001150778082908324,-0.0013600104616190364,-0.002118477834444886
-0.000376979140487574,0.0009110329228450002,-0.003989695903493283
0.0015447423590423184,0.0019125381588143686,0.0036779579977196664
-0.001407870338575733,-0.0027470640752695944,-0.0014765469404574095
7.41509713776576e-05,0.008193682337238542,0.005042266053685142
0.00043872477332555044,0.0011333723310909707,0.002303305059959036
-0.00020297012956260705,0.00016914177463553794,0.00030445519434381445
0.0011084323994789737,0.0019397566990882829,-0.000443372959791684
0.00099391228724063,0.0021741831283390656,0.001956764815505018
-6.701514542280461e-05,-0.0008711968904972219,-0.0022114997989546477
0.0011563200115631755,3.6135000361317135e-05,-0.0008672400086724329
0.0023548165054524295,0.005180596311995098,0.004600949172191569
0.001157998705766067,0.0051088178195565544,0.002758761622560547
0.00011466903649347954,-8.600177736998744e-05,0.0
0.00170232083073263,0.0007944163876752811,0.0009362764569030271
-0.00013567600569846166,0.0011871650498610092,-0.0017977070755036046
0.0017777455284258212,0.0024670754272031596,0.0030475637630157522
-0.0009509721048182947,-0.0026415891800507184,-0.005283178360101437
0.0003218953196419426,0.0004506534474988294,0.0016416661301744378
-7.776049766726169e-05,0.0001296008294453379,-2.5920165889038115e-05
0.0006061085197774826,0.0014757424829365837,0.0015284475716129972
-0.0005527376772012483,-0.0007478215632722661,-0.0005852516582130538
-0.00019013988863233244,0.0012766535379601447,-0.00010865136493267315
0.0005142563282098361,-0.003485515113422006,-0.0005428261242214666
-0.0026616096084107243,-0.004524736334298212,-0.003526632731144167
-0.0007590132827324767,-0.00022137887413027573,-0.0009171410499682595
0.0006482364156339978,0.0004957102001906404,-0.0034699714013347
0.001230485272629367,0.0011920326078597335,-0.003037760516803893
0.0005800464037122405,-0.0015467904098994648,0.0018782454977350756
-0.0008730235716363754,-0.0009376919843501265,0.001584376111488373
0.0006314293983004265,2.6309558262642397e-05,0.000447262490462827
0.00022929769392049932,3.275681341734719e-05,0.0012775157232705818
0.00021387515038092257,-0.00013367196898813358,-0.0010426413581071685
-0.00018903591682423957,0.0006805293005671335,0.002344045368620055
-2.7884669008953504e-05,0.0006692320562155181,0.0021471195136913215
0.0031813006496550418,0.0018752930145335283,0.008539280691179464
0.0010202594373999038,0.0050648593499489376,0.005647864742748912
0.0005451262307929032,0.0009880412933120522,-0.0022486457020202658
-0.000597697565032141,-0.002416777110781962,-0.0030664483771211943
-0.0008690843011771723,-0.001369466171551926,0.00047404598246031664
-0.0008884303441951172,0.004126902244003089,0.004900696414753616
-0.0006606656206127924,-0.00027527734192189253,-0.0030831062295262604
0.0002509130446903315,0.00019515459031473745,-0.02213610638713094
0.0006236601052425186,0.0036640031183005173,0.005106217111674146
0.0004474580938287003,0.00199635149554277,-0.0009981757477711894
-0.0013224290934400397,0.000348007656168317,0.0022968505307115646
-5.5375584904722574e-05,0.0003599413018799885,-0.00016612675471385296
0.0022074316866783775,0.0019398642095052813,0.003110471922137887
-0.0009610492396403839,0.002289558482672854,0.006416416982305498
-0.007740309612384448,0.009810392415696574,0.01602064082563312
-0.00044543429844093655,0.0006363347120585066,-0.0019090041361757007
-0.0020291649470352696,-0.0036456183794194605,-0.0037144036318612745
-0.0022605681561299927,-0.0020345113405169936,-0.014279255519553991
0.0015725288831834154,-0.0013478818998716813,0.006097560975609683
-0.00012749003984070266,-0.0006374501992031511,0.001657370517928229
-0.001268706954585493,-0.0007508673812853308,-0.0010356791466004714
0.000670307845084364,0.000546176762661297,0.0036494538232372652
-0.0018400861021420434,-0.00315939311877224,-0.003992639655591353
-0.001136330526499771,-0.0016025174091662672,-0.0026805745753327673
-0.0001275591555582742,0.0012118119778046924,-0.005485043689010685
-0.00022660321776585418,-0.001133016088828535,0.001683338189116512
0.0010148664216358674,0.001920017554446181,0.0026057381096055423
0.0002312520647505556,9.910802775034542e-05,-0.002477700693756194
0.0001338508901084877,-0.0009369562307588433,0.0007696426181234714
-0.0004393535226737372,-0.0013180605680212117,-0.0001882943668601986
-0.001137348353552749,-0.0015977036395146637,-0.0025725736568457235
