target_5m,target_15m,target_30m
-0.002266931141966434,-0.003938792859166864,-0.0029470104845564287
-0.0016377649325625913,-0.0009955041746949336,-0.0012202954399486046
-0.0009954532002475302,-0.000726411794775167,-0.0005111786703973681
9.100837277038454e-05,0.003063948549933233,0.0023965538162844936
0.0013637668676428204,-0.0030505311513062227,-0.009079816250358788
-0.0017200489953349358,0.00026061348414172875,0.00106851528498091
-0.0017546424915924046,-0.0013159818686943035,-0.002120193010674017
-0.0013571826280623133,0.0016703786191535402,-0.00027839643652575487
-0.001454567962367007,0.006963357266650161,0.018104728893290487
-0.0012492192379763122,-0.0013533208411409061,-0.0014574224443056481
-0.0026645542272793065,-0.002268471842143354,-0.001296269624081858
-0.0010312034526218608,-0.0019478287438413893,-0.001260359775426743
0.001035268134446861,0.0017944647663746245,0.0007937055697426261
-0.00013925249261964955,0.0005570099704784399,0.001030468445385185
0.0006679814237546267,0.001049685094471608,0.0011769196513773286
-0.00039401103230886624,0.002138917032534028,0.0020544860970393396
-0.0004294610264118694,-0.0009304988905589825,0.000644191539617804
-0.001545953466800781,-0.034629357656334576,-0.029450413542552387
-0.0006328891389191899,-0.0006328891389191899,0.003094124679160351
0.00046365292266927095,-0.0030799801291604796,-0.0025500910746811783
0.0002492453404969172,-0.002547841258411917,-0.0027416987454649874
0.003895850918771656,-0.0026296993701707756,-0.00029218881890778195
0.004268020531131367,0.00454697612140146,0.008814996652532827
-0.0001690731410408527,-0.0002705170256654412,-0.0005748486795388222
0.0,0.0005978179644298538,0.00039854530961994973
0.0007519780291635433,-0.001242398482966048,-0.0014385666644870128
0.00012397718819739988,0.0001983635011157552,0.00017356806347630343
0.002479364780466436,0.006025797947462624,0.000502149828955293
-0.0020130297928409755,-0.003769855793865857,-0.005673083961642673
-0.0003336447350861562,-0.0006339249966637346,0.0015014013078873236
0.0013975448536355224,0.000528800755429599,-7.554296506130995e-05
-0.0002665752694314071,-0.0009139723523361601,0.0012186298031153131
0.0001262586408257961,0.000505034563303005,0.0020517029134180654
0.00032122207152535863,0.00032122207152535863,0.002034406452994479
0.00037354085603114257,0.0006225680933851786,0.0019922178988326425
-0.003576050677746786,-0.0056195082078876685,-0.010012941897690884
0.0015970880998366023,0.0004085574208884773,-0.0027484771950676314
0.0016925029811131964,0.004423587337000335,0.0077316613455398345
-0.0003071017274471558,0.0009213051823416856,0.005642994241842715
-0.00016518550332026617,-0.0006937791139448926,-0.0013545211272259572
-0.00018758206715436176,-0.0015006565372350463,0.017471929683522205
0.0002150339446442725,-0.0003071913494914936,0.0012287653979664982
0.0008717179817985285,0.0008717179817985285,-0.0014296174901496739
0.001625344352617011,0.0029201101928374718,0.003884297520661226
0.0007722969606377735,0.0010712506228201465,0.0015196811160937062
0.001172638436482055,0.0019022801302932071,0.001850162866449458
-0.0012096517476284316,-0.0017189787992613601,-0.0033742917170688303
-0.0006117455138661721,-0.00026217664879974074,-0.0005534840363551554
0.0009529187548529635,-0.0007411590315521266,0.003494035434460398
-0.0032865835800982425,-0.005206469037779515,-0.00615014155087692
0.0006015399422521314,0.0005413859480269694,-0.0019550048123196406
-0.001267671617934741,0.0018188331909498392,-0.0014054620111885548
-0.0013073360227103792,-0.0073584341849694725,-0.011018975048558364
-0.00044782803403488694,0.0009596315015034591,0.001247520951954406
-0.0006508509876665217,0.0030915421914152383,0.0035145953333983663
-0.00273017925782229,-0.0012573193950498355,-0.0029816431368322165
0.0013349154553545448,0.0028181548501927875,0.003411450608128211
0.000349222978872023,0.0,-0.0001746114894360115
-0.0004907621247111982,-0.00020207852193993413,-0.002944572748267846
-0.0014702999411879652,-0.004410899823564081,-0.006567339737306381
0.001722582232794672,0.0008476198288354859,0.003253766439723287
-0.00042319085907735975,0.0002909437156157788,0.0001851460008463637
0.005192977753953211,0.008308764406325253,0.003249798981506199
0.0006450114812043654,-0.00015480275548905359,0.0005934105627080631
0.001041256261608613,0.003658467946192411,0.0034614735183205333
0.0012745754070676294,0.0043654207692062725,0.0021030494216614888
-0.0011947817101524301,-0.0016791526737276602,0.004391630069749463
-0.0005103017158895995,-0.001722268291127194,-0.00044651400140346747
0.0007996801279488507,-9.996001599370105e-05,-0.009996001599360255
0.0018459473065951045,0.0015438832018796322,0.002919953012250393
0.0017663475465432578,0.002225597908644489,0.004627830571943344
-0.0013381995133819882,-0.006052311435523142,-0.016301703163017073
-0.0010673526916445068,-0.0006842004433618873,-0.002107337365554563
0.0015764296586213962,5.435964340068985e-05,0.0015220700152207064
0.0005281739082089281,-0.0002501876407306364,-0.002418480527061976
0.0003065134099616974,7.662835249035177e-05,-0.0001787994891442993
0.002938907461151359,-0.0025348076852430026,-0.005216560743543438
0.0010424811050299492,0.0019220745373991135,0.0012379463122230761
0.0008962905137768592,0.0025732211524560856,0.002544308555237504
-0.00015943369152772988,-0.002423392111220914,-0.001116035840693928
0.0007717289945014601,0.002090099360107969,0.0017042348628572388
-0.0004989364775084628,0.0008140542527769813,0.0009978729550169257
-0.0003679696566559921,0.0007925500297205489,0.002972062611452219
-0.004202001680800542,-0.004354801741920645,-0.005271602108640827
-0.0014888073589620946,-0.0023661402669218545,-0.002339554421226127
-0.00016053425801051347,0.0007063507352469894,0.002664868682977079
-0.0014045955485127248,0.0006482748685440826,0.0017287329827845614
-0.0008534772314299935,0.001459170750509258,-0.004680359011067797
0.001726476754223709,0.006751757306696256,0.00511777037859159
0.0014836795252224858,0.0010321248871113184,0.0009353631789445349
3.679852805884418e-05,0.0022447102115915867,0.001619135234590608
-0.00020207852193993413,0.00023094688221720824,0.004128175519630505
0.0004040295210904329,-0.0009158002478047056,0.0010235414534288517
-0.0016439557227926989,-0.005333723011727016,-0.010850107770430816
0.002031302031302077,0.002231102231102284,0.0010989010989010458
-0.0011999690330572203,-0.0008128822481999673,0.0026321901370287486
0.0011894584247111848,0.0028249637586888,0.0030108166375497243
-0.0011399021352313863,0.0003336298932384468,0.0042537811387899594
0.00062330623306238,0.000487804878048799,-0.011571815718157132
0.0006397952655149987,6.397952655144533e-05,0.002751119641714513
-0.0007355745654660867,-0.0012532011115348432,0.000653844058192146
0.0010049639126594515,-0.00441575052532201,-0.004263483265828112
0.00028546959748790296,0.009783821659357015,0.009835725222536581
0.002137414038783216,0.003500402701195699,0.005730747785143494
0.000620185402794091,0.0027418723070896166,0.0041780911346127846
0.0004400812457684342,0.001997291807718456,0.0022342586323629825
-0.0004333381482016631,-0.0005416726852521815,-0.0005416726852521815
-0.004449641105589674,-0.005294098541686952,-0.0018188314008249775
-0.0035879218472468595,-0.0028774422735346437,-0.003872113676731705
-0.00014312703956018358,-0.0005152573424169863,-0.00011450163164814685
-0.0005096019740371145,-0.000938740478489341,-0.0007241712262632277
-0.006292719973961192,-0.0051354381396695094,-0.003435680445553465
0.0002539503386005413,-5.6433408577826784e-05,-0.002003386004514615
0.00047906104036091077,0.009740907820671475,0.013054413349834251
0.00010721561059295719,-0.0001608234158893596,0.0004020585397234752
0.0005183529335535302,0.0013282793922310822,-0.0008747205753718814
9.814746656842994e-05,-0.0006624953993375995,-0.001398601398601382
0.0018848228266542285,0.0030157165226467656,0.00014498637128113254
-0.0004426302070525914,0.0009836226823389989,0.0005655830423448614
-8.216701815899197e-05,-0.00013694503026488283,0.0008490591876420866
0.00020651912022855566,0.0006195573606856671,0.0017898323753142143
0.0005022421524663187,0.000609865470852075,-0.003443946188340734
0.0016586139756257173,0.0001802841277854308,-0.003425398427922365
-0.0008080963558701641,0.0014237888174856834,0.0006156924616153006
-0.0004058441558441712,-0.0039908008658008885,-0.0027394480519480594
0.0013888132454659083,0.000980338761505247,0.009367681498829033
-0.0004980217469496357,-0.0014387294911877315,-0.0012727222422045197
0.0026840383593814956,0.0039142226074313675,0.0035787178125086605
2.7368017734450603e-05,0.003940994553764465,0.002107337365554719
-0.0005050687254229459,0.0006493740755438754,0.0003246870377718352
0.0011683447304217443,0.0005498092849043848,0.0011683447304217443
-0.00109993206301974,-6.47018860601037e-05,-0.007828928213257468
-0.006237006237006376,-0.007907024300467093,-0.007191302273269532
0.00010744600838089453,0.0015758747895848922,0.0010386447476810304
0.004076667652957258,0.004997205510076542,0.00752868461715476
0.000982629643717517,0.0020603524787624486,-0.00028527957398260373
0.0027239281165982094,-0.014114900240554723,-0.015034668176029432
-0.0010013768932281674,-0.00209663287019657,-0.0026286143447239174
-0.000803780985757001,-0.0014146545349323144,0.0007073272674662486
-0.001268713524486139,-0.0013532944261186338,-0.0030731060926442104
-0.0013319126265315699,-0.002093005555978212,0.0011035847476977719
0.0012212994626283158,0.003977946821132121,0.006769488449996503
0.0007300499803447828,0.004352221036671004,0.00668276520469477
0.0005595657769570495,0.000671478932348523,-0.0021263499524368833
0.0005680127667632371,0.0007843985826729612,0.0010278326255713816
-0.0023305969110895223,-0.0028175873104216024,-0.003165437595658915
0.0021272215741439805,0.0010636107870719903,0.001852741371028685
0.0002772194885301855,-0.001178182826252599,-0.000589091413126201
-0.0004946087644672782,0.0033386091601542334,0.003289148283707548
-0.0006999170468684722,0.00023330568228958895,-7.776856076309808e-05
-5.503577325256415e-05,2.7517886626438495e-05,-0.00038525041276826186
0.00021754500462278805,0.0023929950508511325,0.0017675531625604428
0.0004925175222579862,0.0,0.0024247016480393496
-0.0012147875763346397,-0.0014117801562808026,0.00013132838663083743
7.883948281307043e-05,0.0005255965520867378,-0.001051193104173177
-0.00193847450484618,-0.003820761342885275,-0.005646860514117126
-0.002054794520547861,-0.0018835616438355257,-0.0035958904109588785
-0.002505219206680464,-0.0058455114822545595,-0.007022205352059085
0.00400026448029615,0.0032068235916423247,0.0047606453319227636
0.0004537205081669863,0.0012099213551118918,-0.0020795523290986512
-3.210479003464397e-05,0.003338898163605893,-0.0023436496725311997
0.0005496317467296077,0.005642885933091361,0.01080942435235055
-0.0004461122628388903,-0.0007085312409792999,-0.0005510798540949945
3.5205069529980304e-05,0.0017602534765006161,0.0051399401513817266
0.00013869625520118053,0.0006934812760057056,0.0004160887656033445
0.00019463367162533027,0.0008619491171972815,0.0025858473515918447
0.00019446064949855035,-0.004055893546684547,-0.01725143761980175
0.0001850481125092945,-0.00284974093264242,-0.00225758697261293
-0.0014527342533984155,-0.0033897132579295704,-0.0014181453426032479
0.000891125439010261,0.000366934004298334,0.0008649158672746869
-0.0009134873723803734,-0.0010478237506716453,-0.0012627619559375885
0.0013251961639058254,0.003626852659110795,0.0006277244986922644
0.000415673668458619,0.0008867704927118361,-0.0011361746937871334
0.0006735950731332961,0.0030151398511675575,0.0008981267641776673
0.0005131329976589109,-3.207081235364775e-05,-0.000962124370610344
0.0008996198380684358,-0.005426739023186825,-0.006500478829913672
-0.00033532666405858307,-0.0013692505449058544,0.001508969988263465
-0.0007781048073343529,-0.0012517338204944273,-0.0005412903007543157
0.00021607605877269618,0.0,0.0009363295880149485
-0.00041682455475542556,-0.0038272072754831033,-0.003031451307313204
-0.00017075044821993304,-0.0023620478670422725,-0.004183385981388117
-0.0028590775712888077,-0.0044390941238432275,0.00026333609209236767
9.905894006925116e-05,0.0018160805679377728,0.002542512795113032
0.0013451191391238384,-0.0023443504996157327,-0.002728670253650959
-2.6094671468210814e-05,-0.0006262721152340929,-0.0003914200720213822
-0.0010117020200315467,-0.0019222338380602071,0.0010791488213673154
-2.501438327035772e-05,-0.0010756184806263772,-0.0030767691422567012
-0.0011066231394897838,-0.001687600287721897,-0.0014386100813367506
-0.0011708880261292766,-0.000924385283786317,-0.0012941393973008438
0.0009433655378808874,0.001073484922416265,0.0010084252301486686
-0.0005103776794827399,-0.0004083021435862693,0.0016332085743450773
0.0017237280076081315,0.004220161673799213,0.005527817403708859
0.0008209057326583975,0.004036119852236991,0.01518675605417977
0.0008561310658830619,0.0019068373740123447,0.000778300968984662
-0.0006925425756288831,-3.147920798309851e-05,0.0014795227752068827
5.2271182896821414e-05,-0.0006011186033140405,0.0011761016151795218
0.0011584887327628173,-0.00014948241713054906,-0.002802795321200344
-0.0011927074459020818,-0.00023854148918041635,0.0014994036462770413
-0.0005096147312630879,-0.002819868179656126,-3.397431541751344e-05
0.00020421261450507622,8.751969193077064e-05,0.001312795378960399
2.6268092148443366e-05,-0.0018124983582442347,-0.0021802516483227403
0.0007348078477477721,-0.00044088470864870504,-0.001432875303108187
-0.0032558827882196075,0.015391445907947408,0.010174633713186327
0.0011272327880223895,0.005144806058153571,0.0053471298919011674
-0.0011226944667201708,-0.002405773857257509,-0.0062817428495055404
-0.0007528986598402714,-0.004467198715052885,-0.0003764493299201357
-0.00043969849246226875,0.0001570351758794327,0.0023869346733669844
0.0002997683608121369,0.0018531135032020898,0.006894672298678375
8.055853920523512e-05,0.001584317937701482,0.001825993555316882
0.0001789228842369346,0.0003578457684738692,-0.00021470746108428083
0.00029772376647618694,0.0010555660811432223,0.000649579126857261
0.0005537390570614374,0.0015293745385507437,0.0017403227507646034
-0.00047935574587764957,0.0002876134475264444,0.00022369934807616379
0.004342053324720922,-0.0030860874869918314,0.005059748089137575
-0.0002561569144069718,-0.0002927507593222238,0.004061916785596713
0.0002179598953792585,-0.00098081952920656,0.000399593141528675
0.0020470174316329546,0.0024628178474333557,0.003102510794818575
0.0006318716036902739,0.00031593580184513694,-0.0006950587640590499
0.0033463842318374997,0.00903523742596121,0.008867918214369488
0.0009256599316925647,0.0004468703118515955,-0.001883239171374866
-0.00029574662579989687,-0.00037640479647251267,-2.688605689087193e-05
0.00013380163907014708,-0.0021408262251212122,-0.00036795450744276184
0.001765256862886408,-0.0010447438576264992,-0.004647308883925224
3.17924588287369e-05,0.0008266039295478822,0.0009219813060340929
-0.0001875000000000071,-0.002218749999999936,-0.0010624999999999218
-0.0007827221336425042,-0.00046383533845475625,-0.0020002898970865276
0.0026354319180088848,0.0032210834553440537,-0.004209370424597281
-0.0007127583749109935,-0.001166331886217889,0.006868398885504916
0.0,-0.0008900756564307655,-0.0020540207456096085
0.0010658914728681656,3.2299741602037806e-05,-0.0017764857881137318
-0.000818723356201021,-0.0003670139182970426,0.004488862539171768
-0.00040874162079686656,0.004523407270150875,0.002343451959234718
0.0006239384380741336,0.0005546119449546541,0.0015945093417448768
-8.206138191359679e-05,0.0006017834673669984,0.002325072487554086
0.0037617775277738476,0.0053789902967234906,0.006750105470398031
-0.0003478126449218387,-0.0033235430514763245,-0.005294481372700589
-0.0006451404793393395,-0.0017418792942161983,-0.0005483694074385211
-0.0008676668159425254,0.0006437527989252637,-0.0009236453201969998
-0.00030508098513427347,0.0019968937208785513,0.0009152429554026627
-0.0007554296506137436,-0.00022662889518414457,-0.0012464589235126877
-0.0019962204892071014,0.0006920231029252555,0.0003193952782731483
-0.0016425379120669499,0.001184155238931977,-0.00045838267313497285
-0.0005292405398252453,-0.0010254035459116243,-0.0027785128340830083
0.00032613422235118077,0.0011233512103203446,0.0015944339759385337
-0.0008877566774739902,0.0009649529102979776,0.002238690751891466
-0.0004703929164359687,0.0011898173768677555,0.00016602102933038816
-0.006568249210853561,-0.00022319293434937086,0.00739725153843699
0.000216356555603643,-0.0020914467041684122,-0.0026323380931776224
-0.0003507162705371232,-0.003722988102624964,-0.002481992068416694
-0.0009763859255776294,-0.0015911474342747542,0.0031461324268614783
-0.00014797824719773765,0.0,-0.0023306573933631588
-0.002108111509659606,-0.0016990749480838856,-0.0018249323516455354
-0.000593071842566304,-0.000593071842566304,-0.00037740935436038917
0.00032598774286094254,0.004531229625766027,0.0032598774286086846
0.0004971923256901002,-0.0014038371548900858,0.0018425362657931545
-0.001586780477128431,-0.011873495294375069,-0.016360253884876236
-0.0031852725038247895,-0.002633493014973175,-0.004414235910812347
0.0037749716041960727,0.0041424467161088035,0.010890626043963547
0.0004383007417397014,0.0012474713418745937,-0.00047201618341214833
-0.002104630186410087,-0.001770561902852852,-0.002872987238591424
-0.0004909581867277823,-0.002618443662548017,-0.0033003300330032444
-0.0006675991861647366,-0.00038148524923704396,-0.0004450661241098244
-0.0010400602517661789,-0.004769931499479913,-0.006383818097048283
-0.0008099069913261633,0.0003918904796740362,0.0011495454070435723
0.0013801609208902636,0.0017031773066305987,0.0012920655429611726
0.0014787303552391993,0.0034389078028818046,0.006018088655043158
0.0008125048363384524,0.00166370037916895,0.0011220304882767953
-0.0010633554008161955,-0.005865605598051589,-0.00634583061777507
-6.422607578671102e-05,-0.0007385998715477243,-0.0034682080924854984
0.0002453536158988655,-0.0002146844139115291,-0.0010734220695578199
0.0005302601809953947,-0.0036057692307691664,0.001520079185520386
-0.0005528095733609491,0.0004877731529657717,0.0015608740894901738
0.000949004940408161,0.0029586624612722313,0.002288776620984155
-0.0021704202722890374,-0.0032415367703018216,-0.003467034980409734
0.00013691128148962588,0.0005476451259583478,-0.0009036144578312817
-0.00029375045898503375,0.0012117206433136555,0.0039656311962988945
-0.0014566181127296908,-0.0017416086130462678,0.0016466117796072887
-0.001545747549825782,-0.0036834835229888987,0.0008550943892652467
-0.003755017480253868,-0.0013272044542277127,-0.0061504596659330375
0.00022350649765316,-0.0010856029886010888,-0.0008301669912832175
0.0001853854472423985,0.0004634636181060841,3.089757454054611e-05
-0.0009652842417346596,-0.0021029406694936174,0.0006550143068914322
0.0003023736330192122,0.0010331099128155223,0.0024189890641535543
-0.00012959075240393794,-0.0002332633543269704,-0.0033952777129824074
0.00022022793591362685,0.0018168804712878517,0.0020921653911798463
-0.0005375043672229532,-2.6875218361124744e-05,0.00016125131016690123
0.00013643960841819975,-0.002558242657843572,-0.006890200225125485
-0.0003521014052047426,-0.0005761659357895292,0.0008962581223391463
-0.0023911439114391213,8.856088560877554e-05,0.0009446494464944448
-0.0012801287443766603,-0.0016824549211807774,-0.002926008558575075
-0.002255881405091932,-0.0006176818132990068,0.0003759802341819378
-0.0007946541448438767,0.0,-0.002131117933899338
-5.7621942435627106e-05,-0.0031980178051800884,-0.004609755394854262
-0.0011989984836194767,-0.001763233064146419,-0.0018337623867122116
0.004354032833690319,0.005067808708065724,0.006209850107066414
0.0007239964604617001,0.0012871048185987134,0.0018233984930147932
-0.0011434417596966734,-0.0031294195528539814,-0.010742334426624119
-0.000488942380021045,0.0013163833308260221,-0.002595155709342552
-0.001729542752135021,-0.0030266998162360947,-0.0031077721327424984
-0.002700922266139822,-0.0016469038208168643,0.0020421607378129265
-0.003549942079892338,-0.007697769141661381,-0.011845596203430423
-0.00010452597470476759,0.001019128253370927,0.0013065746838089266
-0.0004867285352717052,0.002498539814394126,0.0031150626257381384
0.0006126085987969771,-0.00038984183559809076,-0.0006683002895968175
-0.0004903994869666735,-0.0011316911237691145,-0.001697536685653886
0.0013861166555777333,-0.0013861166555777333,-0.002522732313151544
0.0003845537574106859,0.0013459381509374007,-0.0002243230251562031
-3.705625138957572e-05,0.0019269250722596227,0.002445712591714104
0.00019778970010132785,-0.0006428165253295615,-0.0014339753257350135
0.00031299720910823065,0.0010694071311198128,0.0009129085265656974
0.0002890553146761625,0.00010511102351849591,0.0003941663381946584
0.00039737730975557425,0.0017881978939002453,0.0017030456132384058
0.0005400230737132166,0.0005645695770637919,-0.00031910454355775904
0.0013391183244951524,0.0010177299266163036,0.0007231238952273336
0.002026011371805779,-0.005228416443369604,-0.008626887131559985
0.0004290853879921954,0.001254249595669523,0.001848367825197034
-0.0004853338186672278,-0.0015773349106683611,0.000455000455000386
-0.000539272521368643,-0.019872192412435638,-0.02299997303637401
0.0009344766930519785,0.0017040457343887548,0.002253737906772345
-0.00029606602272300836,0.000407090781244268,0.0001850412642019591
0.000910268529216087,0.001785526730385432,0.003360991492490213
6.655131106095653e-05,-0.0028284307200850726,-0.0003660322108344097
-0.005372492836676218,-0.013073065902578715,-0.04040114613180506
-0.003144769078875246,-0.003547006984312821,-0.0029619336673126933
-0.0009390349609938995,-0.004297890783010683,-0.004189540595203584
0.004923163484193049,0.0008791363364630587,-0.0009494672433800394
0.0009533957714092732,-0.0005327799899052148,-0.004710896752846186
0.0011432431730194553,0.0026762283368409402,0.0019487099540104452
0.0012617651070795407,0.0029668530896194397,0.003410175965079798
3.1531815601913684e-05,-0.0011036135460678752,-0.0012297408084757091
0.0007337782591983631,0.00020965093119956068,0.0031447639679932117
8.23000109734159e-05,0.0025513003401733975,0.0006584000877867033
0.0038471040835775664,0.0034235696890552616,0.0010588359863057614
-2.4723101265800297e-05,0.00044501582278482697,-0.0003461234177216258
0.0011852019076107343,-0.004176425769675814,-0.004910122188672881
0.0016075408278835182,0.0030689415805050303,0.002338241204194378
-0.00011583906093146018,-0.000965325507761217,0.0029345895435940648
7.951864712282864e-05,-0.003339783179155488,0.00021204972566077592
0.0004474426929166223,-0.001032560060576896,-0.005231637640256207
0.0016911295469050082,-0.0005424377791957853,0.0002871729419273511
0.0007566938300348978,0.0034633294528521466,0.005355064027939392
0.0004253848403478186,0.0010102889958258992,0.0021800973067822114
-0.004974773312634601,-0.001023180326712135,0.0016935398511096855
-0.0008848608355230978,-0.0006703491178205609,2.6813964712798052e-05
0.0004862561139554334,-0.0003718429106718785,-0.0012013386344784643
0.0008545594883669706,-0.0001929650457602635,-0.00011026574043434673
0.0005506797453105082,0.0002753398726552541,0.0016176217518498379
-0.0019290020093771661,-0.0012324179504353103,-0.001098459477562023
-0.0003569516330535995,0.00010708548991622188,0.0014278065322150067
0.0004150640582197463,-0.00022136749771710365,0.001936965605025011
-3.147920798309851e-05,0.0016998772310887512,0.0029275663424308458
-0.0016861629254927395,-0.0035830962166720714,-0.006604138124846297
0.00039347358480661365,-0.00060332616337028,0.001232883899060832
-0.01783259911894274,-0.01589427312775327,-0.022308370044052808
-0.005841984867147522,-0.007742389582966703,-0.005208516628541128
-0.0006771168365101013,0.0012188103057182978,0.0017266479331008258
0.0002833182230281696,-0.0012182683590208716,-0.002719854941069752
0.0010589963447545597,0.000854029310285929,0.002596249103269193
-0.0016883336147222692,-0.00037143339523875335,-0.004187067364511066
-3.190097936021867e-05,0.004179028296168518,0.0080709477780967
0.0008887065901011448,0.0014356029532404154,-0.0006836204539239425
0.0010720337517723217,0.004184389805304767,0.0035619185945982386
-0.000983651041313413,0.0009497320398888459,-0.0028491961196661524
0.0005611278670127833,0.0011222557340253671,0.0031212737602580713
-0.000581914109477353,-0.001202622492920054,0.006051906738565397
0.002759923012673824,-0.00025420343537783046,0.007843991720230847
-0.0012020930561447286,-0.0016263611936076213,-0.002545608824777155
6.408818534297373e-05,0.0,-0.0029480565257795238
-0.0009055510278004508,-0.004376829967702151,-0.0037127592139817624
0.0009770395701026923,-0.0007676739479376456,-0.000942145299741719
-0.0015318015318016528,-0.0030969030969031195,-0.00333000333000333
-0.0037526972511492283,-0.006035588078931754,-0.0035025174344059935
-0.003970089423373314,-0.0011177921677459931,-0.0013105149552882168
-0.0008184980560671477,0.0027283268535569006,0.0013300593411090182
0.0008281837293750108,6.370644072109897e-05,-0.0011467159329808679
-0.001102918005924138,0.00031511943026414174,0.0011974538350036311
0.0072691323563619445,0.005175622237729625,0.011892300535008069
0.00031333228889244164,0.0013786620711264226,0.0028199906000314404
-0.000715307582260372,-0.002031473533619398,-0.0018597997138769021
-0.0013175699736486168,-0.0021365999572678794,-0.005341499893170002
-0.0003647279970821633,-0.0023286479813707716,-0.002384759980921984
-0.0006456156825917667,0.0008803850217161972,0.0029346167390538794
0.0001063641198368116,-0.00021272823967382476,-0.0004963658925721906
-0.0015591502631066131,-0.0006403652866331213,0.0012528886042820632
-0.0004004698846646125,-0.00016018795386587537,-0.0019222554463905043
0.000702030271545309,-0.002330740501530541,-0.004829968268231803
0.0014258738294346779,-0.0018883193957378284,-0.0058576438398396154
0.0006677424739858914,0.001808469200378324,0.003227421957598264
-0.0007682739445378633,0.0016097168361747193,-0.002926757883953884
0.0003715453428220168,-0.0006287690416987352,-0.0004001257538083008
-0.00038466470060265597,-0.0017309911527117695,-0.0007693294012051297
0.0036654941026928144,0.004020219338437307,0.010109669218717547
-0.0028680688336520078,-0.0029445506692159914,-0.001720841300191161
0.001350867036087473,0.0028395776472857847,0.004052601108262262
0.0013585198602663962,0.0021995083451932652,0.001649631258895041
-0.0016240043306782767,-0.0066120176320469395,-0.005916015776042184
-7.225433526025524e-05,-0.00050578034682076,-0.005057803468208216
0.0014698253501642484,-0.000893423252060644,-0.010432877975675844
0.00042517006802727733,2.6573129251676512e-05,-0.0019664115646258746
0.00128045657422998,-0.00040242920904352386,0.00029267578839555473
-0.0023185592580610742,-0.002965599051008365,-0.004960638412595793
-0.0013744193078424364,-0.003683443745017817,-0.001456884466313064
-0.0002550939064444403,-0.0011798093173049473,-0.0015305634386659167
-0.0020493868637660234,-0.002183772887619611,-0.000671930119267558
0.00043351035005967544,0.0010837758751491117,-0.0011108702720276586
-0.0005667397678830085,0.00022176773525868428,0.0005420989084099926
0.0003780718336484401,-0.0013404365011169836,-0.0022684310018902497
0.005238047576151847,-0.0002001801621459389,0.0012010809728754438
-0.00029712776493884117,-0.0011885110597555525,-0.002443050511719882
-0.0013447745901639854,-0.0005122950819671112,-0.00300973360655737
-0.0023204389724550867,-0.0025388332286861042,-0.0035216073817259165
0.00099805641645216,0.0009192624888374373,0.0033356096023532643
0.000294233032561893,0.0007192363018177955,0.0011769321302472003
0.0002186588921282882,0.0015306122448980172,-3.6443148688013504e-05
0.0011028600838174083,0.0007352400558784115,-0.0015440041173441625
-0.001575325429068881,-0.001879335599590987,0.00011054915291717233
-0.0004803616840914357,0.0016671376094942974,0.00302345295281167
0.0002608650284343474,0.0008608545938332575,-0.0008608545938331093
0.0001090423356868862,0.005888286127088911,0.004497996347081847
-0.002464828789200172,0.0005688066436617274,0.0020477039171818306
-0.0012929442186923033,-0.0010290780516123363,-0.001847063169560519
-0.0006238951856088414,-0.0028768500225294933,0.000346608436449422
0.0018968853143138968,0.0008725672445844615,0.0009863803634434076
-0.001985745186340918,-0.00687918868125243,-0.012127229530867756
-0.0011499622668630942,-0.003665504725626125,-0.012973011823049403
-0.0004729508494924708,-0.00025466584203439143,0.0020737075708516504
-0.0010400055466960915,0.0008666712889135409,0.0033280177494281232
0.0015424774560986645,0.005102040816326499,0.0011074197120708794
-0.0005806451612903445,-0.00019354838709678153,0.003000000000000022
0.003817456186014308,-0.0010411244143673593,0.0030539649488113673
0.0007167758120743181,-0.0005864529371518158,-0.0008470986869970055
0.000825564996044199,0.0009287606205498218,0.0010663547865570578
-0.000632153313814206,0.0005656108597285597,0.0015304764439711856
-0.0003285151116949948,0.00041064388961901586,-0.00010950503723161307
0.0006504770164787758,0.0006504770164787758,-0.012223547267996506
-0.0006499837504062645,-0.0006229010941393625,-0.0005145704690716004
-0.0006322164176621228,-0.0003327454829799551,-0.0011313346421321499
-0.001910598413842728,-0.0017664023071375353,-0.0009733237202594875
-0.00016048788316485755,0.008634248114267365,0.009821858449687056
0.0005740894303757313,0.001977419149071903,0.00216878229253048
0.002309918735389024,0.0006957586552376712,-2.7830346209481534e-05
-0.001394214011850812,-0.002091321017776128,-0.007351310244304298
-0.009005514145584528,-0.01634847183352262,-0.0234697553271079
-0.000879693163024737,-0.002568704036032296,-0.0012667581547556692
-0.0016663024475523295,-0.0018028846153845285,-0.0012292395104894795
-0.00013502109704648257,-0.0003375527426161105,-0.0016877637130801688
-0.00023412502276223777,-0.00026013891418023133,0.0024973335761295998
-0.005173148317205248,-0.0020388290426633067,0.007059825938774247
-0.0020898283599986764,0.0005481517009833329,0.001747233546884069
-0.000386174937246441,-0.0006564973933192351,-0.0018150222050587776
0.0004463842872731049,0.0005455807955559232,0.0012151572264656508
-0.0017419706042461193,-0.003084739611685802,-0.00290328434041013
-0.0013349689709915014,-0.0023091355173908324,0.00021648145475538415
-0.007083392126428807,-0.006688302525751388,-0.008974178072527181
0.0004669372508171238,0.0,0.0022628497539599703
0.0003355829822140087,0.0001864349901189879,0.002796524851784183
-0.0022525506823903763,-0.007055783755134475,-0.004670730091426952
3.804451207909798e-05,-0.003538139623359356,-0.0052881871789995935
-0.0007611208208828489,-0.0037774144443818904,-0.00236793144274689
-0.0006388188948433361,-0.002519785640770769,-0.0019164566845298067
0.0006474820143885137,0.004172661870503687,0.010287769784172712
0.0006937891990897486,0.00033301881556309197,0.003191430315812938
0.0006724473544505317,0.0033976287382763387,0.006052026190054785
0.00012780369352662668,0.0011821841651223864,0.0038660617291839078
-0.0030376844820174877,-0.00426995271528875,-0.005186989540048724
-0.0026295344528777034,-0.0013446482997670633,-0.0006275025398913415
0.0009125321076111322,-0.00033797485467088935,0.000709747194808637
-0.00022913444463534423,0.00020049263905594657,0.0014320902789711864
-0.0004403118443885081,-0.0006475174182185501,0.0
0.0009243322496333385,-0.0019761586026646413,-0.0007330910945369356
0.0010337698139213836,0.002412129565816621,0.0038844683917046304
3.137156481362437e-05,-0.002572468314719517,-9.411469444087312e-05
0.00044724147845268255,0.0013417244353576844,0.0015972909944733733
-0.0008667313826099016,0.0014561087227846898,0.0023921786160033204
0.0003493246390313299,0.0015137401024685078,0.004385964912280684
0.0012308715901530422,-0.002960745176314182,-0.006220891550232882
-0.0008626266982963449,-0.0013298828265401643,-0.0036302206886638187
0.0008262641842018601,0.0028092982262863243,0.004654621571003629
-0.0002413293801282258,-0.000999793146245675,0.0002413293801282258
-0.0021011613691931975,-0.0038966992665035983,-0.0034382640586796197
0.0012464553924775707,0.0009348415443580895,0.0010283256987940047
-0.0006153846153847116,-0.0010384615384614684,-0.004038461538461582
0.0003194377894903878,-0.0003194377894905693,-0.00038332534738861056
-0.0009202888291094115,-0.0020529520033979332,0.001168058898485208
-0.0013749224921143907,-0.0029655191006389956,0.00032351117461516875
-0.0009873869282711247,0.0005414702509874377,-0.0003503631035799363
-0.0007321760883492757,0.0005491320662619568,0.004789651911284643
-0.0017864023258257413,-0.001751374829240954,0.00021016497950892245
-0.00033170496351249515,-0.0001507749834147861,-0.001206199867317946
-7.629510948341272e-05,0.004654001678492513,-0.0011825741969939815
-0.0014933628318584637,-0.002433628318584058,-0.003484513274336415
0.0002089864158829755,0.00038314176245195675,0.0005224660397073398
-0.0018034890576769044,0.002184996358339387,0.0028092810321506687
0.0014685758152264534,0.0016354594305931346,0.0021361102766929885
-0.0002478007681823321,0.000836327592615657,-0.0005885268244331487
0.0009398496240600587,0.002416756176154573,0.003725832438238308
-0.0002335630036201801,0.0018976994044144404,0.0012845965199112395
0.000828544701323005,0.0008552719497529068,0.003127088066283619
-0.002575158701640786,-0.00880344951491196,-0.010749790394059095
0.0006749156355454225,0.0003655793025871638,0.0010123734533182137
0.0012335779929687108,0.001541972491210757,0.0033306605810151857
-0.0002191960983095622,-0.0012329780529907813,-2.739951228881209e-05
0.0004680359011066545,0.0015968283684818679,0.0017620175100489684
-0.0009890909090908362,-0.001425454545454572,-0.0031418181818181354
-0.00043390591898725316,0.0004849536741621729,0.000689144694861997
-0.0019909064004950605,-0.0022868519465146296,0.0005380828109445738
-0.004153783690933458,-0.009275742527873982,0.008151410100253017
0.00040477636106057735,-0.0006830601092895715,-0.0008601497672535292
0.00019290123456788244,2.7557319223960827e-05,-0.0002480158730158041
-0.0002493972898828715,0.0009698783495442201,0.0044337295979162104
-0.0004399323181048915,0.0012859560067681741,0.0014551607445008692
0.0006496543838677823,-0.0010914193648979156,-0.0016631152227014874
-0.006260393230949871,0.0008477615833577583,-0.0012064299455476362
-2.9324653235948815e-05,0.0013196093956188634,-0.0004985191050116299
-0.0009305210918113695,-0.0030453417550191297,-0.0010715091360252523
-0.0006947580505088708,-0.0015632056136450085,-0.004133810400528008
0.00013391362571148465,0.0007030465349850565,0.001573485102109231
-0.00022347082109562373,-0.00047886604520506353,-0.0006384880602732366
-0.00028550219836683005,0.001284759892651141,0.003226174841546267
-0.00024900398406367584,-0.0008300132802125149,0.003762726870296629
-0.0011429758935994766,-0.008070102521474233,-0.007758381823219759
0.000976880494952924,0.004233148811462122,0.00647635587394631
0.0003154408285579216,0.0013669102570842274,-0.0002891540928447864
0.0006782419967443999,-0.00013564839934895707,-0.0009834508952795051
-0.0007075319997426206,-0.0017688299993568256,-0.0007075319997426206
0.001267605633802865,-0.0008802816901408451,-0.007746478873239397
0.0005544321962038221,9.784097580057633e-05,0.0018263648816124268
-0.0030800110741970735,-0.006817552602436222,-0.010555094130675369
0.0018612269207861824,-0.00055836807623577,0.0005211435378200803
-0.00011140509678323482,-0.00011140509678323482,0.00016710764517477306
-0.001730899256254189,-0.0033265720081136394,-0.00013522650439489213
-0.00400057151021568,-0.008029718531218753,-0.00508644092013137
-0.0017552724661577303,-0.003749900268609793,-0.004600941464322806
0.0005445750712751356,0.0002562706217765451,-0.0023384694237114974
0.0009512066232164235,0.0026422406200457987,0.00926545710762725
-0.001088868414440191,-0.0037133204902700975,-0.00809671385096472
-0.001181071362956323,-0.001679745938426777,-0.0013647935749717378
0.000573598098931959,0.0017481084919832464,0.002130507224604552
0.00046926325668704535,-0.0015734120959505155,-0.00027603720981578906
0.0008102585781722023,0.0012330021841751775,-0.004438807863031039
-0.00034075420263528634,-3.7861578070539545e-05,0.0012494320763288811
0.004206028641052144,0.004773508695797332,0.004039122742597655
0.0010867528574103938,0.0027356192617573965,0.0013490725126473928
-0.001325587742212296,0.015049319661585299,0.0013255877422120744
-3.197033153249064e-05,0.000511525304517306,-0.003005211164039764
0.0003224304087702212,-0.00028660480779559374,-0.00075233762046351
0.0008563062814209223,0.0004419645323463483,-0.003673830175128402
-7.039774727222335e-05,-0.0020415346708906753,0.001091165082717361
0.00045489006823352745,0.0036012130401819127,0.004169825625473715
-0.004129812695109202,-0.007771852237252817,-0.019543444328824114
0.0024006680119685398,0.016108830283209224,0.024632941340198954
0.0021926575602240336,0.0010963287801120168,0.004148271059883188
3.6071132272809236e-05,0.0005771381163653578,0.00014428452909123694
6.301594303353019e-05,0.0015123826328061574,0.0018589703194909315
0.00018838980542022548,-0.0017762467368193562,-8.073848803717393e-05
-0.0013340448239060076,-0.002801494130202692,-0.002668089647812015
-0.0004955752212388898,-0.02683185840707959,-0.03299115044247785
0.00020071109072139346,0.00045876820736330147,0.0014909966739304445
0.001458648685840024,-8.25650199532945e-05,-0.0020366038255126163
0.0003302752293577064,0.0016146788990825604,0.0002568807339449291
0.0004134509371553949,0.0010198456449834745,0.0008544652701212851
-0.0014531695547269948,0.004277253783724351,-0.0004112744022812955
0.000635043348611238,-5.5221160748748716e-05,0.0
-0.0003327384373391718,-0.0025106627544692344,-0.0021476753682808905
-0.00024621782069864307,0.002981971384017815,0.002188602850655244
-0.0012471359378172417,-0.0008410916789930695,-0.022216421589953374
0.0015363664932434714,0.0046090994797304136,0.004085338175215671
-0.001627286337303912,-0.001724923517542058,0.00029291154071480776
0.0,0.000673814964551527,0.0018456670768150594
0.0009115770282589225,-0.002127013065937198,-0.008356122759039764
0.001086817542513847,0.00022375655287063684,-0.003963687507991153
-0.00031404843324717353,-0.000523414055412022,-0.0020238676809267364
0.0017409986664692078,0.0015187435175582494,0.003481997332938205
0.00019645262685224848,0.0010103277952402717,0.003030983385720656
-0.00029144133933478513,-0.00032382371037214706,-0.0027201191671253357
-0.00033005478909506477,-0.00016502739454753239,-0.00039606574691400273
0.0011573465200694349,0.0027092429901624825,0.003156399600189354
-0.0005923532579428392,-0.0010770059235325183,-0.0013731825525040145
2.8609847509649384e-05,-0.001344662832947016,-0.0008296855777757664
-0.0007970244420829207,-0.00235786397449515,-0.007405685441020252
0.0011957496535043555,0.005027583770415974,0.005625458597168229
-0.000296041122803277,0.0007804720510267795,0.00016147697607450084
-0.0036090111309502924,-0.0004558750902252955,0.002127417087717974
-0.00014059160949277745,0.00016870993139130096,-0.0022213474299852764
-0.0053522099447514205,-0.0027624309392265583,-0.010359116022099447
0.0011044765816449562,-0.0007593276498810178,-0.0022089531632901085
-0.0012593977788802203,0.0007632713811397378,-0.0001144907071708305
-0.00016023073225448283,3.204614645086013e-05,-0.0029161993270310047
0.0,-0.0017042914617792066,-0.0032130084935181997
-0.002023357353306568,-0.0002129849845585967,-0.005289127116538115
-0.002164899277143709,0.007999119363005933,-0.0038160936410669053
3.208213025341965e-05,-0.0005133140840550792,0.00048123195380184186
-0.0006972285166463572,0.00162686653884128,0.00017430712916142416
0.00027549895922607747,0.010315905473246003,0.01588710664870821
-0.0010503886437981031,-0.001800666246511107,-0.001770655142402614
0.0002034656990742388,-0.00023737664891991314,-0.0011529722947538914
0.0,0.0004883342376558599,0.0009224091155723683
0.0030325535338530797,0.0005879440524817357,-0.014853323431117747
0.00024691358024684496,-0.0012345679012345367,0.004389574759945193
-0.007498467861134086,-0.006453008399725887,-0.012833916146941139
0.0010204379136416976,-0.00014577684480600417,0.00457739292690747
0.0031799872800510006,0.0037806515440604667,0.0033919864320544005
0.0011196118678858421,0.0018286993842135067,0.0010822914722896826
-0.0011218622914037062,0.001542560650680121,0.010272051605665428
-0.0013781405703381263,-0.002332237888264591,-0.006572670412382111
-0.0008559353768790274,-0.00037447172738454596,-0.0009896752795164087
0.0009035464196972926,0.0011294330246215756,0.0014682629320080804
0.00041330853482125974,0.0029276021216505573,0.0003444237790177817
0.002200704225352196,0.005171654929577557,0.004218016431925008
0.00158896878618937,0.002585440736850555,0.004605316312515094
-0.0003533568904594443,0.0010954063604240363,0.001060070671378132
-0.0005282969028594896,-0.002047150498580217,-0.0011226309185763449
-0.0034986805823227886,-0.002312687164586156,-0.012037833190025802
0.0006298608829005404,0.0012049512542447083,0.0009858692080182846
0.0017353077279037045,0.00015424957581374542,0.006864106123708274
0.0004457873099212612,0.0009658725048294696,0.0015602555847244845
-0.0014552510308028686,-0.001316655694535863,0.00045043484286752175
0.00018673438900512163,0.0006722438004183105,-0.001344487600836621
-3.578841886762187e-05,0.000644191539617804,0.001181017822632539
-0.00018409425625921168,-0.00024545900834573183,-0.0008284241531665398
0.0006423295150412405,-0.0005085108660742901,-0.000588802055454369
0.0017061421116017358,0.0025424862839555427,0.0038137294259333143
-3.315320094152075e-05,0.0023207240659085257,-0.0005636044160064182
0.0006206896551724374,-0.0018965517241379703,-0.0048965517241379855
0.0002750842445498387,0.002819613506636384,-0.0005501684890996774
-0.0007245165245499385,-0.003566850582399904,0.0008081145850748582
-0.0010403421569760022,0.0005779678649868382,0.006704427233845834
-0.0015560165975104323,-0.00046104195481796046,-0.004149377593360989
-0.000666074600355265,0.0008880994671403534,0.000481053878034323
-0.0002872840880527199,-0.0023341832154272777,-0.0014364204402629872
-0.001370010207919172,-0.0005372589050663209,-0.0008596142481061441
-0.0013210039630120016,-0.0005284015852048382,0.0005944517833553726
-0.0007383504703565462,-0.0009571209800919458,-0.00224239772478668
0.0008518794590565254,-0.0014375465871578205,-0.0038600787988499327
-0.0020532498569455614,0.0020869096906661437,6.731966744097296e-05
-0.000424088210347711,0.0005755482854719427,0.001787228886465452
0.00041312071387268753,0.0024787242832356557,0.004103665757801122
-0.0004978564513898682,-0.0032637256257779194,-0.0029318213248513405
0.0006651147322913455,-0.003029967113771545,-0.003436426116838513
-0.0008635889316685585,0.0033104242380625347,0.003742218703896814
0.0013327015340875098,0.002013860095954362,0.00556773085352128
-0.0010788099023393012,-0.000993640699523117,0.0011923688394277082
-0.0002649909145974031,-0.006170502725621033,-0.0023092065414900575
0.0003911816479923618,-0.0012294280365475363,-0.0023470898879543295
-0.003958678932287782,-0.00557985220931993,-0.0010179460111596358
0.0008420023358774541,0.001113615992612022,-0.0008963250672244912
-0.003504372427983641,-0.009484310699588622,-0.010320216049382833
8.229775327141679e-05,0.0007406797794421273,-0.0017008202342741277
-0.0024595030107709397,0.0009611850846690271,0.003364147796341836
-0.002656933522986525,-0.0022275301253322265,-0.004267196264190525
-0.0007604562737641308,0.001620102496280407,0.0021491155562904088
0.0014454080498109345,0.0030020013342227712,0.003168779186124045
-2.6939655172389293e-05,-5.3879310344778586e-05,5.3879310344931716e-05
-0.0006692444973230474,-0.0020820939916716325,-0.002491076740035541
0.0011191739773999143,0.004115672045922186,0.00422397920502551
0.00025331113845281187,-0.0005789968878916125,-0.004270102048201311
0.0009949224646629738,6.861534239049612e-05,-0.002195690956498021
0.00015904825524067618,-0.00041352546362564957,-0.0008906702293476781
0.00016705646508523677,0.003341129301703976,0.016939525559639134
-0.0013021871428951315,-0.001541364373222889,-0.000903558425682404
0.0003245067497402839,0.0017198857736240027,0.004445742471443236
0.0015846664654390245,0.0019996981587683846,-0.004942650166012685
0.00106149341142028,0.0,0.0
-0.0008872786424637106,0.00011090983030785875,0.0003327294909237864
0.001127758981794638,0.0032543902046076713,0.003834380538102135
-0.0011040428999527256,-0.002129225592765896,-0.0003154408285579216
-0.0002412295816389592,0.001206147908194796,0.0006547660073058023
-0.0004048700078083322,0.0008097400156163357,0.0010700135920645609
0.0007088542337929192,-0.0004833097048589834,0.0009021781157364761
0.0010199456029011099,-0.0006044122091267188,-0.0009443940767603504
-0.0005388784987479504,0.0005388784987477702,3.169873522043587e-05
0.0009642085775995065,0.005013884603517477,0.0059009564949090935
0.00034829721362241426,0.0020123839009289425,0.0005030959752321806
-0.0005926511260371619,0.0012511523771895016,-0.0018438035032266634
0.0008651426174496227,0.0007340604026846413,0.0004981124161073766
-0.0024451252072735575,0.0005339928613585839,0.002669964306792919
-0.004682582329009086,-0.0028402548553005643,-0.005642127888232237
-0.0007170561585346869,0.0008800234672924019,0.002835631172386834
-0.0008967323074715735,0.002152157537931654,0.0034793213529895994
-0.0007588692847657791,-0.0003794346423829666,0.0008401767081333046
-0.0004627181385509861,-0.003106821787414059,-0.008560285563193994
-0.0016103938641265163,-0.002401943390561442,-0.0014193301853317188
-0.00040471965380902043,-0.0006226456212446332,-0.0011207621182402691
0.00018209250299150193,5.2026429426101164e-05,0.0009624889443837588
0.0029971527049303588,0.006368949497976879,0.008204705529746732
-0.0018230875811273974,-0.0027346313716910963,0.002406475607088256
0.001183791167096635,0.0012141447867659253,0.002974654727576319
0.00021409455842998136,-0.004995539696699295,-0.006351471900089108
-0.0002102441460145176,-0.0005256103650363687,-0.005308664686867577
0.0011619462599854096,0.0024110384894698157,0.0019172113289761075
0.0001672054397503129,-0.008276669267640093,-0.007384906922305143
0.0001301439391967812,-0.00039043181759019564,0.0015356984825216039
0.0011603432457229393,0.004803281342760078,0.0009444654325652295
0.0021003758567322323,0.004974574397523851,0.0030215933377551523
0.00038645209374235575,-0.000552074419631735,0.0017114307008584883
0.0026898681632517595,0.008667352970477911,0.008567728223690712
-0.0041636495293264925,-0.002461984069514869,0.0051774076755974185
-0.000686118734652599,-0.0004333381482016631,-0.0011555683952043665
0.002110306279586928,0.0013973649689156225,-0.00228141219414821
-0.0025899578700186478,0.009945438220871593,0.017197320256923884
0.000347874486885211,0.0018089473318028202,0.0036178946636054427
-0.0017373175816538826,-0.002161995212724895,-0.007103698556095959
-0.0007211290821056267,-0.0011675423234091377,-0.00041207376120327104
-0.0019744780430729475,-0.0039855204943509154,-0.005996562945628675
-0.00096371251714314,-0.002928203417472925,-0.0011861077134066983
0.00029166210944614853,0.002406212402931088,0.0022603813482081174
0.000670668320982011,-0.0004024009925891303,-0.00492941215921656
0.0003741751139531832,-0.00044220695285392017,0.0007143343084562879
-0.0009599152626527438,-0.0032438515772401384,-0.013736718413822893
0.0007015668325929122,0.00314034677446296,0.00030067149968273087
0.0011020194506432411,0.001790781607295306,0.0035264622420584967
0.0003887612652412569,-0.0011662837957235699,0.0001413677328150573
-0.0009294465568229378,-0.002816504717645402,-0.004534572595409136
-0.0005360852375526642,-0.00040206392816459344,0.001072170475105519
0.0004951545589587125,-0.0003890500106105031,0.0012378863973967812
-0.0006466423098064776,-0.0016812700054965844,-0.002133919622360972
-0.0002885077736815996,0.0017310466420901443,0.0022118929315595374
0.0016058970646306615,0.0019218112412793505,0.002079768329603695
0.0003069603253778838,0.0,-0.005908986263525518
0.001350283230141039,0.0023712290870768916,0.0027005664602818905
0.0006306807642367498,-0.00040808755332967403,-0.0029308106102764625
3.0192325111100962e-05,0.0012378853295493043,0.0014794239304369106
-0.0017456438251817418,-0.001142603231028069,-0.0006347795727933114
-0.0012060907583295386,-0.004032865973164455,-0.004032865973164455
0.0009586677257663118,0.0017529924128298316,0.0012325727902710167
0.004915243556619832,0.005104291385720602,0.01241414077761673
0.0003813034221982287,0.0011439102665946861,0.0008261574147629492
-0.000892611919802221,-0.0002059873661080247,0.0007209557813788671
-0.00030916679548605934,0.0006801669500696469,0.0
0.006224732079830577,0.008214079445549645,0.009561701854585
-0.0006094077318606932,-0.0005713197486194405,-0.0015996952961341302
-0.00046208208752367244,-0.00021745039412879611,0.00024463169339503083
-0.002153151588817519,-0.0008682062858135093,0.00211842333738501
0.0002547040657137793,-0.0009233022382118617,-0.0004138941067846651
0.0017945109078113684,0.007705840957072476,0.006826178747361006
-0.003109969985173243,-0.002929157776732888,-0.004158680794127138
-0.00021557144396939704,-3.5928573994865465e-05,0.0010060000718572543
0.0003799873337555559,0.000791640278657378,-0.00018999366687777794
-0.0019311320241528487,0.0020671272371212287,0.0042702496872109915
-0.00016531658125313727,0.002049925607538451,0.0027442552488014024
0.0008890123628281516,0.00047228781775250986,0.0030559799972218996
0.002106539848712218,0.00028725543391521175,-0.0023618780121924263
0.002542372881355924,0.004458364038319958,0.004605747973470892
-0.0015032058164862075,-0.002853023284351341,-0.002300825229315581
-0.0014230200864759417,-0.0017240435663072504,-0.0031744294236769333
-0.0007415372066293005,-0.0005190760446404893,-0.0038189166141410135
0.0013594164456232365,-0.0003647214854111858,0.0038129973474800303
-0.0015726642361855664,-0.004610765601543941,-0.0030738437343625596
-0.002445937026827641,-0.0037271421361182574,0.0011647319175370245
-0.00019212295869357115,-0.00067243035542759,-0.0004162664105027072
-0.0007667108106223267,-0.003136544225273497,-0.005610929114100556
-0.00018781458943735018,-0.0032304109383217397,-0.00413192096762085
0.00214169450869528,0.0007710100231302487,-0.0036551586281731996
-0.00023100023100023975,0.0016940016940016852,0.010818510818510827
-0.00011285089575388241,-0.0017774016081252518,-0.002905910565665038
0.0024241985671901584,0.0018091034083508213,0.0016281930675156981
0.0033844526705448137,-0.000141018861272567,-0.0014101886127268722
0.0007149535280206536,0.001924874883132565,0.0027223230490016834
-0.00023482840752790494,-0.0013083296990841235,-0.0037237076050855677
0.0014948633949300927,0.0032759772271873434,-0.0008269457078338721
-8.141333550443583e-05,0.0009769600260523044,0.0013297511465711663
-0.0007405578869414238,-0.0015516450964488406,0.0039849067249708905
-0.00021121873208427633,-0.00015087052291726672,0.0005129597779184667
-0.0005147615442846811,-0.002664647993943968,-0.003361090083270291
0.001985533966813226,0.001028222947099573,-0.001630974329882415
0.002891949535480647,-0.0007229873838701104,0.006579185193218354
-3.3370040377718503e-05,0.0015683918977540976,0.002402642907197819
-0.0008768084173607213,-0.002004133525396087,-0.0045406150184755705
0.0009095502779180791,0.0014485430352027958,0.0022570321711300623
-0.0007976867085452491,-0.0014291886861435398,0.00043208030046197843
-0.001094091903719889,-0.0006838074398251007,0.0011282822757111052
-0.0005561889930197966,-0.001279234683945548,0.0017798047776635703
-0.0020200136739386455,-0.0004661570016780946,0.0016781652060414585
-0.001467452999972394,-0.002907218207492348,-0.002768779245230778
-6.317119393568746e-05,0.0010107391029690244,0.0027163613392291747
0.0011556645070915218,0.0021712484678690406,0.001856067238662135
-6.339747044105193e-05,-0.0014264430849210558,-0.0005705772339683863
-3.740695021131525e-05,0.0011970224067631512,0.0022444170126810414
-0.0009377604890248633,-0.00017365934981943375,0.0019449847179772238
-0.0025655536691190596,-0.0033578570081116256,-0.006527070364082317
-0.0009330614783840129,0.0017624494591698893,-0.002868300100217659
0.003175133689839534,0.006851604278074905,-0.002473262032085592
-0.002176642946839764,-5.5811357611381756e-05,-0.0002790567880564329
0.001551991722710871,-0.0016998004582070045,-0.003990835858399173
-0.0016577638607477938,-0.001915638239086321,-0.001547246270031372
-0.0002101576182136682,-0.0017863397548160802,-0.003152364273204824
0.0001638135801458003,0.0028121331258362126,0.004723291560870446
0.00033306687982935615,0.0015321076472154928,0.0015654143351984094
0.000555411559966061,0.0014070426185803513,0.002258673677194852
-0.0006796748888448617,-0.0007646342499505498,-0.004078049333069008
0.0002890486685697183,0.0006142284207103947,0.0014452433428479754
-0.0010097043809951579,-0.0011499411005778453,0.001738935322824941
0.0003666723077790812,-0.00016923337282112672,-0.002228239408811475
0.004194783877439483,-0.004741929600583457,-0.003282874338865502
-0.0021115964247489555,-0.0021694483815915076,-0.008099273957941496
0.0015983279031168583,0.0009835864019181473,0.002458966004795019
-0.000592850915431616,-0.0034176111595467067,0.0016390584132520568
0.00011070927743734857,-0.00029522473983334906,0.0013654144217285576
0.00034889400600105624,0.0014653548252041586,0.0024771474426068646
-0.0006224290972070832,0.00021649707728956736,0.0005953669625460795
-0.0006312932041286217,-0.00018938796123860445,0.00069442252454143
0.0003088803088802474,0.0003474903474902509,0.0010424710424709722
0.00022098052214538367,-0.000662941566436151,0.0004103923982700239
-0.0014018282176338837,0.0018691042901784012,2.920475453401158e-05
0.001380841501056067,0.0006498077652028188,-0.0008122597065033697
-0.0020945644336092216,0.019366136730419207,0.008755966074923443
0.0011291637914811294,0.0011918951132300216,3.13656608744461e-05
-0.0022970065993364037,-0.0056513654428116625,-0.0032814379990519465
-0.000408663669799715,-0.000408663669799715,0.000496234456185463
-0.0025702221406280353,-0.003671745915182669,-0.0015054158252249862
-0.0018123403904770437,-0.002663591179943508,-0.001620122470274959
-0.0021154633547154516,0.00013648150675590442,-0.0017742595878257876
0.0018175899300092667,0.002550051543595024,0.0026314361673267063
0.0005118929802410474,0.0061085895642085134,0.008395044875951392
-0.00016191709844563267,-0.0013601036269430566,-0.00259067357512957
0.0007714817770684237,-0.0012237297153497727,-0.0002926310188878872
6.723141051493145e-05,-0.0028909506521447277,-0.006218905472636892
0.0011145466311929327,0.004781764578989146,0.003271733659308352
-0.001734445346520139,0.0012547051442909991,-0.0023248948261864175
0.0005572272372673259,0.0005850885991306685,0.00033433634236042724
-0.00022082018927442644,-0.0004100946372239604,0.0016403785488958416
0.0002400878035395568,0.0004458773494306333,-0.0018521059130196889
-0.0018134136815086967,8.369601606971754e-05,-0.0005300747684410159
0.0007815154604144117,0.004315324498810676,0.010193679918450561
0.0004774083546461598,-0.0009548167092923196,-0.0012958226768968301
3.6245016310430406e-05,-7.249003262044876e-05,-0.002102210945994868
-6.356672917389254e-05,0.0016845183231097784,0.004640371229698311
-0.00039952057530964356,-0.004194966040751068,-0.010886935677187503
0.0006176652254476844,0.0005018529956763258,-0.003667387276096531
-0.004021773047186579,-0.00024269320112329916,0.0014561592067399922
-0.00047057120104247973,-0.0014117136031274393,-0.004488525302251536
5.463286713297272e-05,0.0006555944055944304,-0.0009014423076922643
0.0014090343970161374,0.0019063406547865664,0.0049178063268408055
0.0005601317957166916,0.0020098846787479857,0.0015156507413508387
-2.4765961662268823e-05,-0.0008668086581801127,-0.0007677448115308966
0.0010868343139827624,0.0034478881684968554,0.003747704530974778
-0.002607745709553544,-0.001867709764950392,0.0007047961377173257
-0.0005086469989826564,-3.633192849873167e-05,-3.633192849873167e-05
0.000472852692478905,-0.0003894080996884356,-0.0018635959056518667
0.0019308470697606593,0.0036829120034325195,-0.011763864554653771
0.0,0.0007394019060137523,-0.0012871070215796563
-0.0008069982891636269,-0.0010652377416961196,9.683979469954716e-05
0.00014756517461879555,0.0008853910477126335,0.0004181013280864709
0.0007086298795329765,0.0016637397171643112,0.0031426194657546347
0.00029155368961184257,-0.0012536808653313706,-0.0034111781684597682
0.0005421817393189375,0.0023855996530035718,-0.004120581218824706
-0.0026517383618148587,-0.0026885680612844776,-0.008323512080141393
8.500510030594105e-05,0.012665759945596652,0.01243907967811398
-0.0003738444806960768,-0.00275285481239805,-0.0045541054921153885
-0.00012625067070657332,-0.0006312533535334048,0.0002209386737366827
-0.0008611350315286599,-0.0006389066362955031,0.00400011111419761
-0.0011202101359704128,-0.0025880716934487636,-0.002356304079110065
0.002579206022794438,0.0024397894810218833,0.004217350388623539
0.00010026737967924319,-0.0007687165775399778,0.00147058823529411
-8.428860418079782e-05,0.0015733872780400154,-0.00042144302090366966
-0.00030605714921680985,-2.782337720165757e-05,-0.02175788097159247
0.0008067627766670813,-0.012101441650005222,-0.015749412466238566
-0.0008572764586688421,-0.0013508598742660721,-0.0015327063958018783
-0.00628517823639772,-0.008442776735459626,-0.005128205128205086
-0.0007649582598863144,-0.0011973259719959212,-0.00046562676688742874
-0.027183363497640174,-0.029099684161964744,-0.03669399197984326
0.0039255597557428905,0.00806920616458262,0.006360860715324222
0.00022529046377648993,0.0014161114865952102,0.004280518811753857
-0.0043282364210452595,-0.007059992194983536,-0.01135275126831514
0.012296177492649048,0.009322373696872563,0.011661320502539459
-0.00015944385981681345,-0.0004464428074874402,-0.0016901049140596728
-6.464541987194327e-05,-0.0016161354968000517,-0.0014221992371840381
0.0009433655378808874,0.0013337236914868357,-0.0013987833837546169
-0.0004643423751112663,-0.0029021398444453042,-0.00027086638548153534
0.0017658245042107504,0.002173322466720876,0.0006248302091821824
0.0002392835167840062,-0.0009913174266767636,-0.002529568606002629
-0.00013819789939196065,0.0010503040353786496,0.004947484798230966
0.00013333333333340154,-0.0006000000000000227,-0.0002333333333333106
-0.0011908699966920728,-0.0008269930532583526,-0.0030764141581210943
0.0038470467283521544,0.0031837628096708006,0.005107286173846783
0.0012327868852459731,0.0012327868852459731,0.001836065573770462
-0.0013513513513512465,-0.006064601186552324,-0.017666446934739476
0.0014566835288820918,-0.0018804460100113345,-0.004793813067775518
0.0010975479173359701,0.0018470928364921237,-0.0002944640753828398
0.0007112595478863784,0.0003092432816897756,0.0008658811887310904
0.008967440890487729,0.010531529417898292,0.0052136284247021715
-0.0010358718588144326,-0.007826587377709433,-0.013427968540187993
0.0015777739667294788,0.005316412279197432,0.007442977190876405
0.0002764467379284156,0.000952205430642592,0.0009214891264283431
0.0009128682951398277,0.0005036514731804588,0.0018257365902794765
-0.0004294742008713516,-0.0013190993312473366,-0.005920608626296112
-0.0022675736961452106,0.004837490551776163,-0.005857898715041615
0.0018550927546378353,0.001435071753587767,0.0019950997549877257
0.00022353237028148573,0.00041912319427766663,0.0005867724719887015
0.0009380863039400287,0.0007439994824352016,0.001617390179206832
-0.00014424290505218155,0.0005769716202085212,-0.0012260646929428257
-0.0008173849319316228,-0.00011274274923199769,-0.0024803404831026674
-0.003957698047102999,-0.0022383702069681366,-0.002660092130020091
-0.0006675567423230324,6.357683260232263e-05,-0.0007311335749251744
0.0002906669485255619,-5.284853609550209e-05,-0.003461579114258541
-0.0008351488743644204,-0.0043572984749454926,-0.0008714596949889335
-0.00025924869727535514,0.0006221968734607344,0.001399942965286505
-0.0001243440849519071,0.0014672602024321081,0.0034567655616621978
0.0015632560390068078,0.006066922246622233,0.0066996687386013
0.0,-0.0006443298969071799,-0.0032216494845360827
-0.00030641166407069056,0.0013533181829789075,0.0020938130378162887
0.0008931620563742217,-0.0016024378070244925,0.0009719704731132071
-0.0002859593937661207,-0.0003379520108144525,-0.0016897600540724104
0.0037922987164526094,0.006672987164527363,0.008131563593932387
-0.001288585991638639,0.0003722581753622228,-0.001116774526086831
5.272593061262736e-05,0.0012390593693979417,0.0031371928714541753
0.0005206164098291589,0.003019575177009595,0.003088990698320097
-0.0006488549618321218,0.00305343511450386,0.0012595419847327637
-0.004424778761061959,-0.005107614989620902,-0.003660002185076018
0.00020913939140437894,-0.001359406044128364,-0.00219596360974588
-0.0006326383896478139,-0.00031631919482390697,0.0003738317757009215
-0.001998473892663619,-0.000654046001235445,-7.26717779149806e-05
-0.0016318094046615973,0.0007071174086866407,0.0032092251625010382
-0.003236524030474868,-0.005441943060090443,-0.003551583891848568
0.00021195421788889381,2.6494277236092902e-05,-0.001139253921153049
-0.0024524613470765866,-0.0011373733783545405,-0.0016349742313845259
0.0007219138184262788,0.0005227651788604625,0.0006970202384805695
-8.290269986467395e-05,0.0004974161991875723,0.0024870809959377047
-0.001947598574210755,-0.0024253114320360422,0.0015066328592952818
0.00166181969256342,0.0018003046669437706,0.002804320731200673
0.00046287112345448395,0.002479666732791113,0.009092111353567415
-0.00037617217938050673,-0.0011285165381412147,-0.0009404304484510377
0.0004419645323463483,0.0012982708137672706,0.001905972045743323
3.206053028114169e-05,-0.0003847263633740648,-0.0006412106056235627
0.00912451590188949,0.012322497359464986,0.014288229081093782
-0.0016656179442572773,-0.0032942221564201913,-0.0039234556020283605
0.001055996346823462,-0.000827672812375194,-0.0019692904846166956
0.0016256534489353272,0.0012112711972459371,0.00082876450337878
0.0017980107115532797,0.0029456771231830096,0.004016832440703946
0.0011872211829041623,0.002230536767880287,0.003705569146639911
-0.0012693838342253483,-0.0015781528749829708,-0.0029161520515988155
-0.00048025796713658663,-0.0006860828101951516,0.003533326472505333
-0.005171543895055457,0.004099394550958663,-0.0001576690211907523
-0.00011613502632383368,0.004567977702074972,0.0077810467637038985
-0.0011203399652309077,-0.004519992273517542,0.0002317944755650078
0.002270982599795408,0.0008955987717503504,-0.00015992835209829634
-0.0003113809746223444,0.0013700762883387756,0.0004047952670091716
0.0024345198119543445,0.003385941347660565,-0.0027143496753974346
0.00024760355134234086,0.0010965300130876244,0.00481058328322314
0.0010330031254965999,-0.001721671875827817,-0.0014303120199184733
0.0014034122179417937,0.0017611447440837734,0.003192074848651693
0.0003154872700885443,-0.0006625232671862838,-0.0006309745401774472
0.0008570816370259085,-0.002223055496036107,-0.0009642168416542041
0.001497881046324595,0.0025208241999123107,0.0032880315651029417
0.0007697100758715552,-0.0063042920499943944,-0.008760033720631846
0.0004897959183672726,0.0007836734693877847,-0.001991836734693922
-0.001415265115360586,0.0006253497021360554,-0.0015140045420135588
-0.00037503750375024713,0.0007500750075007075,0.0030378037803780464
-0.00030204014388097875,0.0031851506081990856,0.0007688294571515681
0.0016681001902676424,-0.001824484583105243,-0.0018505486485783
-0.0023552502453384706,-0.00016355904481521547,-0.0017991494929669983
-0.0014821497615673295,-0.0016432529965201407,0.0010310607036989083
-7.396814438575057e-05,-0.009689826914542154,-0.015607278465407525
0.0005879388543590893,0.0008399126490845271,0.0011198835321125965
-0.0004167067346220864,0.0016027182100843028,0.004038849889412414
-0.0009030891878426148,-0.0001245640259093811,-0.0017750373692077515
-0.00100783229670573,-0.0004895185441141415,-0.0005471089610688717
0.002229062732194119,0.0010614584439020119,0.0014860418214626958
0.00011086474501098564,-0.0019401330376939818,-0.0020232815964523784
0.0006659889936555705,-0.0002453643660836103,0.004696975007886624
-0.00027971245559555227,0.0012027635590613041,0.0006433386478700405
0.00048487460603940095,-0.0005926245184926522,-0.002720685289443178
-0.00031992125015379707,0.0005906238464376824,0.0015996062507689854
-0.00014744913004999862,0.00040548510763791526,0.0014007667354764535
0.003181595692608996,0.0030767079225228846,0.003321446052723745
0.0006929046563192512,-0.0013511640798225693,-0.0014897450110864983
0.0010250972074938864,0.0008483563096500853,0.0008837044892188054
0.0008843180924930624,-0.001703131141097805,-0.01270797851434559
0.000570532021109774,0.0012480387961775166,0.0005348737697902484
0.0,0.0018774406728747372,0.0009011715229799081
0.0017773902545357978,0.001877997250075463,0.0016767832589959421
-0.0015732890481601853,-0.001107129330186742,-0.0018355038895201336
-0.0011227544910181032,-0.0007485029940120688,-0.0004763200870986772
0.0015134726088484158,0.0015945514986082318,0.0008378151941839471
-0.0007819441976187214,-0.003945263906166744,-0.010271903323262993
0.0027407140281283477,0.0024882798413270743,0.0038225748287053813
-0.0019391507856905412,-0.0014376462721498054,0.014008692744901362
-0.0009480983855239536,-0.002383790226460213,-0.0018420197204464372
-0.00047159544366267246,-0.0029384023797431697,-0.006021911049844101
0.0005077614971709935,0.0014870158131436535,0.0013782097780356717
-0.0027830072849307844,-0.0035469700690295256,-0.004638345474884693
7.884777123626134e-05,0.0006307821698906883,-0.005755887300252307
2.8529856494795884e-05,0.0014264928247410915,0.004193888904738887
0.0013824884792626242,0.0021269053527116833,-0.0073732718894010665
0.0013501350135014013,0.0008036517937508036,-0.0011572585830010185
0.0013676936366255842,0.0010797581341779852,-0.0001799596890294937
0.002246898303428955,0.005275326451528883,0.0025399719951806625
0.0034088509457298726,0.010045551902018113,0.013032067332347862
-0.0014650363441707946,-0.0017186003268158383,0.0008452132754832122
0.0022731372902760074,0.0033555836189789173,0.009236875338264486
0.001734326824254765,0.002794193216855102,0.003597122302158288
-0.00029560356874130294,-0.0008061915511125749,0.000886810706223756
0.0005450464892594291,0.00022443090734225723,-0.0011542160949020738
0.0008475421278292326,-0.00027420480606245296,-0.00037391564463065636
0.0015476513711647926,-0.0004615802335053378,-0.004208525658430658
-0.00021914720430778653,-0.0007513618433410841,0.00018784046083527103
-0.0007936942361377756,-0.0002463189008702583,-0.0016694947725655856
0.00038302169295593037,0.00034820153905088175,0.0027159720045963633
0.0009511287660502279,-0.0024617450415420935,-0.005510951967997391
0.0015568900327264927,0.0017157563625963955,-0.0027960474057128187
0.00026322023637168247,0.0005527624963806678,0.002763812481903489
-0.00038267524786924213,0.00010436597669170137,0.0004522525656635779
-0.0016693842689650084,-0.0015529155990371042,-0.0031446540880503233
-0.0013989023996557586,-0.003497255999139167,-0.0022866673840525736
0.0003052926646499227,-0.00044406205767262916,0.0019982792595264367
0.00038611393871323545,-0.0008775316788936081,0.00028081013724609827
-0.0003888478438387943,-0.0026441653381032264,0.012365361434070873
0.0014792501546489103,0.0025012775342244877,0.002904709394583212
0.00021901007446353737,0.005749014454664977,0.009253175646079864
-0.00015830299192655343,0.0013455754313756291,0.0012664239354124274
-0.0012524701494615643,-0.0005009880597845941,0.002477107628934806
0.0008551775422941743,0.00029745305818919536,-0.01617401003904059
0.00010350627506797895,-5.175313753391593e-05,-0.00010350627506783186
0.00027698912817666394,0.0006578491794197,-0.00024236548715460556
-0.0021460788593046405,-7.274843590876856e-05,0.0009821038847664114
-0.0003127043238478461,0.00014213832902183635,-0.0001137106632173398
0.0004373735717019983,0.0026789131266743704,0.0018588376797332208
-0.004704252060389542,-0.010830719859966548,-0.012617606301509867
-0.001928497255599992,-0.0004079513425308324,-0.0012238540275922864
-0.0012860763324130265,-7.565154896539626e-05,0.0008321670386200039
0.0,-0.001548618469312884,-0.0007063873719672641
-0.0012554569577996819,-0.0011127913944133398,-0.0010557251690587056
0.00018702075930428986,0.0003428713920578943,-0.001683186833738609
0.00012834499133659635,-0.0006738112045178604,0.0017647436308796589
-0.0006025832481857481,-0.0007859781498074652,-0.0007073803348266441
-0.0011000169233374038,0.0013538669825688535,-5.64111242738158e-05
-0.000832616358136081,-0.0026643723460353015,-0.002581110710221772
0.0014101471841123953,0.002555891771203633,0.005229295807750021
-0.0003884729481565674,0.0006356830060741276,0.00028252578047741235
0.010939255734020763,0.0087580144094125,0.010906206623041878
0.00012497500499902863,0.0010247950409918642,0.0019746050789842544
-0.0012017669221774864,-0.0024684942185266693,-0.0008444848642327885
0.002825896515669596,0.0017237968745584921,0.0010738406759544337
0.0,-0.0005150307663115603,0.00013553441218713106
0.000648428333230345,-0.0026245908725993413,-0.013215586982029362
0.00011247328759425392,0.00044989315037685586,0.0009841412664492824
-0.004369394526758383,-0.003350964223528966,-0.0005584940372547031
0.0004293442482181563,-0.00037209834845577884,-0.0014311474940607379
0.005976588747038221,0.0056936733033914975,0.017682215227923754
-0.0005579912315664577,0.0006642752756742394,0.0006908462867011848
0.0021515726297313105,0.0017552303032018926,0.003057497947512907
0.0005147626576460137,0.001433981689156842,0.004081332499907919
0.0016443821436273821,0.0008087125296528234,0.004879232262238522
0.0007873097334810224,0.0006998308742054269,0.004723858400886466
0.0011222581193674004,-0.00010202346539714184,-0.0021084849515388693
-0.00010339123242354338,0.0,0.0008788254755997514
0.000294898260100302,-0.0012600198386101458,-0.0020910967534381727
3.226222738433265e-05,0.0011291779584463246,0.0007097690024520174
0.0004554511813264109,0.0016225448334756423,0.001935667520637651
0.0002783344466711833,-0.0003061678913381118,0.00011133377866850497
-0.0011015988921063286,-0.003588064962860516,-0.0020458265139117276
-0.0004908336810073023,-0.0009080423098633139,-0.004761086705769884
-0.00010194026300597899,-0.0012912433314077796,-0.0036358693805429785
-0.0002166847237269855,-0.000505597688696231,0.0015167930660888982
-0.0009583015947122471,0.0009337297589502799,0.0011057326092832115
-0.0021801491681009495,-0.00256263147829419,-0.002524383247274692
0.00019396492005872477,-8.31278228822431e-05,-0.0032419850924103166
0.0001306779572422021,0.0,0.0009931524750404982
0.00014039521252312526,-0.0011933593064477617,-0.001368853322101868
-0.0007685551163813364,-3.659786268478592e-05,0.0006953593910115566
-0.001582164688960797,0.00010787486515632044,0.006724199928083439
-0.0035828579379436117,0.0012870460553777812,0.0028175873104216024
-0.0012375471814863996,0.00037126415444572645,0.0011447311428746602
-0.0011805330106542434,0.0031284124782339296,0.006581471534397834
0.0009511003246858535,0.00042635531796266255,-0.0003279656292021342
-0.002213416157937969,-0.0008925065152975616,0.0007140052122380087
-0.0004888913031669477,-5.432125590738718e-05,-0.003775327285566805
-0.00020778141395248062,-0.0025453223209182937,-0.0018180873720845376
0.00017432232197333528,-0.003660768761439876,-0.0027019959905866145
-0.00012883277505804064,0.0019969080133986233,0.003027570213862399
0.0011563802608577382,0.00037649589888392185,0.0003227107704719767
0.00010398523409666369,-0.0011958301921128145,0.005797176800894172
-0.00038893996181321564,0.003606534191358397,0.0021568488791457946
0.00024863252113371484,0.002020139234211941,0.003045748383888669
-0.0008305647840532218,-0.0007944532717031174,-0.0028528094756609143
-0.0016216518481240309,-0.0027959514622826146,0.0013700162165183477
0.00040845501889106005,-0.00013615167296375118,-0.0038462847612239877
-0.0008800603469953154,-0.000974352527030432,0.00022001508674878418
0.0020645864983835052,0.0017139963382805413,0.00011686338670106175
0.0011252045826515308,0.001091107474086368,0.0018753409710856909
-0.0007973346242561425,-0.0019648603240595658,-0.002562861292251713
0.0002765231818600024,0.0002457983838755771,0.0019663870710049662
5.254032469915885e-05,-0.0005516734093417653,-0.003388850943098882
0.00490078171978351,0.005261575466025255,0.005802766085387702
-0.001688487834583433,-5.536025687154154e-05,0.0008304038530739098
-0.0001368513247208544,0.0012590321874315182,0.002846507554193025
-0.0019317857934571265,-0.0009183899673812066,0.001456756499984281
0.0009453391404167243,0.0006077180188392816,0.004625409365609928
-0.0004337398581415929,-0.00040822574883917184,0.0003061693116293426
0.010808996307485826,0.018966096005371046,0.014669352131587798
0.0005461145555589934,0.0008031096405281249,0.0004818657843168019
0.013536323018368466,0.014926361078934464,0.014628495780241656
-0.0007936507936506941,-0.0028735632183906805,-0.002435686918445502
-0.0005284971210814657,0.0011960724319212451,-0.0005563127590330968
-0.0012084976466098317,0.0012403002162574303,0.00047703854471434063
0.00010143530963133455,0.0041588476948826985,0.0057818126489831865
0.0011161517966443517,-0.0006840930366529766,-0.0016202203499675546
-0.0007926547328091429,-0.0015192549045510918,-0.002543100601096446
0.00010414858531495474,-0.0005901753167853356,-0.002499566047561282
0.002973425013937972,-0.0038654525181193848,-0.00862293254041997
0.0020101048514152473,0.0007605802140490834,-0.004346172651708497
-0.002459678836220488,-0.0056221230542182294,-0.0027056467198425167
-0.0013443871835086894,-0.0019418925984016054,-0.0019792366868323728
-0.0019642690113179165,-0.004209147881395637,-0.0029619929535747995
-0.0004197712246826136,0.0007608353447370227,0.0005509497323957905
-5.196829933750462e-05,0.0007015720410549092,0.0015590489801220369
0.024509337645454893,0.018675290909667353,0.025745901899235882
-0.0024731182795698844,0.0018279569892472793,0.0007885304659499186
-0.0007739367583105313,0.007849929977150632,0.005933515147048035
-0.0011424614852000724,0.002284922970399751,0.00031158040505443996
0.0006682258603407054,0.0020350514837650245,0.002278042705707256
-0.00019312475859403294,-0.0002758925122771227,-0.003034817635049291
0.00022953830010490945,0.0005246589716684976,0.0011149003147954875
3.458532198931627e-05,0.0014871688455419757,0.002178875285328891
-0.0006785411365563651,-0.001967769296013517,-0.0011535199321458015
-0.00045003053778644886,-0.0077469542576102364,-0.011218618406248843
-0.0005027386023866794,-0.002910591908554554,0.00021167941153119382
-0.0017859095382148525,-0.002879323541203559,-0.0041914203447897995
-0.000889566653958485,-3.1770237641348666e-05,0.0006354047528275151
-0.0018001125070315448,-0.00030001875117188857,0.0028501781361336877
2.730375426618677e-05,0.0010648464163822153,-0.0003003412969283649
0.001040955076282467,-0.0008132461533456946,-0.0008457759994796777
0.00030236393622873456,0.00021990104452991775,0.002363936228697124
-0.0006869621809241367,0.001880107021476747,-0.0011569889362932722
-0.0009555661729575136,-3.185220576522028e-05,3.185220576522028e-05
0.00021405636817696137,0.002354620049946372,0.0077417053157332
3.8417210910452956e-05,-0.0014598540145985227,-0.0038801383019592428
-0.0012594458438288886,0.002717751557735626,0.0016571655839851516
0.000752728641324729,-0.00010753266304645535,-0.0005645464809936996
0.0010126713751557601,0.00038948899044447774,0.0009347735770669236
-3.609977979131044e-05,0.0011912927331142705,0.001046893613949029
-0.0015803594398910287,-0.006394942849792173,-0.007460766658090973
0.0007847093772771414,0.002690432150664143,0.0035872428675523503
-0.0012159286655183358,-0.0012834802580470681,-0.013240112135643653
0.00394213247052699,-0.0005206590055412487,0.0037189928967235673
0.0,-0.00012365907193872836,-0.003338794942344084
0.0005579665220085244,0.00040297582145069883,-0.0030378177309362
-0.002757215212635286,0.0032667006323612397,-0.003476488746366245
0.00035016457735143476,0.0004201974928216421,-0.0003851810350863394
0.00043212099387830233,0.00021606049693915117,0.0018365142239826825
0.003170942634765091,-0.00035232695941820187,-0.0034592101470163803
0.0006560859785054873,-0.0004061484628842647,-6.248437890521686e-05
0.008552779653387431,0.0018648918041220027,0.00019291984180573704
-0.0001674714600720191,0.0003628548301560149,-2.7911910011976738e-05
0.0005300997250108505,0.00102706821720837,0.0022197925984826423
0.00028783002328795245,-0.0002093309260277911,0.0009419891671244649
0.0012741378333993676,0.0007644827000395883,0.003086244974234031
0.0005894999653235866,0.003571676260489734,0.0029821762951661476
0.0005921778686980896,0.001480444671745071,-0.0008075152754973254
0.0007851758793970147,0.0019105946398660443,0.0011254187604690295
0.0004969808413885363,-0.0004224337151803193,-0.0021370176179708613
0.00012735203285688964,6.367601642853531e-05,0.00019102804928524398
-0.00181777504334688,-0.003971139325465516,-0.0025728508305832517
-0.0006741951795044283,-0.0012472610820832785,0.00010112927692576963
-0.0008840794964283189,-0.00038899497842830754,0.001944974892142342
-0.0012619372442019255,-0.004433833560709453,-0.00576398362892223
0.0015167770337761275,-0.005845140764307588,-0.010950390292626908
-0.0007576540276200271,-0.002100767985673498,-0.001136481041429845
-0.0004932750172645508,0.002630800092078041,0.0035844651254563842
-0.0018676316096649537,-0.003239173573012763,-0.008637796194700535
-0.0009429775904148407,-0.0012203239405369362,-0.002745728866208146
-0.001938558466384931,-0.0012654478877790777,-0.0016423898117983188
-0.0025095433338047377,-0.006114802771101435,-0.0020147038031952252
-0.0010787874429140012,-0.0010428278614835616,0.0005753533028876443
0.00022263214808216137,0.0001590229629158812,0.0004770688887474628
0.0007856635115416944,0.0005986007706983731,0.0012346140895655806
-0.0054182635126205445,-0.003568124752213506,-0.004195850403065884
-0.002222222222222175,-0.0016666666666667299,-0.001145833333333278
-0.0012022441891531314,0.0003673523911301551,0.0007013091103392317
-0.0009657974489624792,-0.003763279714923221,-0.003463549472141618
-0.0003365240801674207,-0.0017947950942268105,-0.003402632366138293
-0.0007994842037395288,-0.006627981947130866,-0.0071953578336557585
0.0008596604341286101,-0.0002763194252555187,-0.004697430229345039
-0.0005240501590866044,-0.0002620250795433022,0.0051282051282051455
-0.0006998920999679481,0.0008457029541277992,0.0034702983290076043
0.0002956320366582437,-0.0007883520977557833,-0.0009608041191398172
-0.0025595010443941173,-0.0015298167161896933,-0.0022947250742844563
0.000631763994945938,0.0018128879854969649,0.0026094599791242888
0.0017119464086343,0.00040937848902126403,0.0008187569780425281
0.0006977085781433524,-0.0011383666274970706,-0.0024603407755582254
0.0017006304060987658,-0.0017006304060987658,-0.013927576601671309
-0.0024773977671245515,3.2173996975615025e-05,0.0005469579485860041
-0.000676094427855116,-0.0023945010986535092,-0.005211561214716386
0.0007397057614859369,-0.0009588778389632227,-0.0012876359551792292
0.0005661005661006191,0.00036630036630041173,0.0037296037296037448
-0.0005347951066248579,-0.00150411123738214,0.001136439601577562
-0.0005538171849472174,0.0008584166366682421,0.0008030349181735676
-0.0003189700168184586,-0.0012178855187612826,-0.0008989155019428239
0.0008405127127546131,0.0022063458709812825,0.0004902990824402408
0.00010373982053016355,-0.00036308937185535134,-0.0024119508273250864
0.0005679160820472236,-0.0015367141043628636,-0.007182468096478845
0.00022135524750279206,0.0010237680197004724,-0.004095072078802518
0.0001671625823276098,-0.0001002975493966419,-0.001638193306810234
-0.0007347293190395995,-0.003406472297364933,0.002805330127241676
-0.001108805049327732,0.005686179740141586,0.004605805589514698
0.0013670166229221349,-0.006807742782152256,-0.010361986001749682
0.001108857336037931,8.113590263684304e-05,-0.002163624070317813
0.002163019575327239,0.0012617614189409235,0.0010094091351527798
0.00042027843446289736,0.0008668242710795484,-0.0004990806409246066
0.0007409498271116348,0.0020817161809328025,-0.0007056665020111094
0.0016064701972080214,0.0021881231996453677,-0.002631287391978854
-0.0023785351704133234,-0.006207396664249416,-0.008469905728789024
0.0027949346123322255,0.0028639453435008594,-0.0017942790103860522
0.00310286677908943,0.005699831365935912,0.007790893760539637
0.001256877915258625,0.001340669776275782,0.002681339552551564
8.451894633055235e-05,-0.0027327792646850836,-0.0012677841949570042
0.0005043373007866897,0.004135565866451352,0.004068320893013178
0.0009482821504121048,0.0016777299584214002,0.001604785177620533
0.0002570859309723764,0.0008355292756603602,0.00138183687897682
0.0015889269446701935,0.001059284629780062,-0.0009886656544612574
-0.0007393064601303868,-0.0019010737546207373,-0.0029924309100511273
-3.414134516896861e-05,0.0024240355069991,0.004643222942984001
-0.0015609861126062658,-0.0001614813219937622,0.0010227150392937761
-0.0010483870967741568,-0.0008602150537634225,-0.000591397849462439
0.0006816167950377909,-0.002147092904369148,-0.004737236725513063
-0.0010848702328298042,-0.0023088263929455176,-0.001863751425630799
-0.0017495791106857345,0.004687551579572891,0.009672201498696091
-0.0017063859324386135,-0.001243637204997706,0.00323924109208701
0.0,0.0039558322727117545,-0.001995115407106684
0.0011052777010224762,0.0009394860458691127,0.0017684443216359304
-0.00037801986322558726,0.0016839066634592567,0.0017526375476820196
-0.0006734258670358293,-0.001047551348722472,0.0001870627408431087
-0.00023645630812892603,-0.001681467080027288,-0.00013136461562716453
0.000472349393212686,0.0006540222367558679,-0.0005086839619215289
0.0028814291888777242,-0.0038178936752629386,-0.0011885895404119872
0.00013801193803271043,0.002311699962046772,0.003691819342373092
0.0005914972273568393,-0.002624768946395488,-0.000517560073937103
-0.0009760329682245875,-0.0005422405379025829,0.00048801648411237077
-0.0011428163279882618,-0.0003571301024962176,0.0003214170922468192
-0.00021486233463271793,0.0012277847693298665,0.00015347309616610248
0.0011382715346745318,0.000597592555704105,-0.00022765430693503578
0.0012983425414365396,0.0006629834254143897,-0.0024033149171270845
0.0007763221737021158,-9.704027171267255e-05,0.0009380559598900873
-0.0021151395178565847,-0.0015185617051278637,-0.0024405455975268523
-0.003665708483873484,-0.004114032543052302,-0.0015032041984229362
0.0011194164590329768,-0.0021305022929983455,0.006644278337485917
0.000682150397920999,0.0008445671593308134,0.001981484489199145
-0.002850535147636213,-0.0035497230140375227,-0.021379013607271524
0.0009076966415223124,0.0010641960624744905,0.005227080659801609
0.0022168852761870416,0.0016626639571403863,0.0035470164418992664
-0.0024991171596990625,-0.006383614484013861,-0.00823078803683474
-0.001131421702082499,0.00042428313828096227,0.0016264186967437557
-7.023211714710753e-05,0.0004565087614565982,0.0018962671629736997
-0.0006489526625085871,-0.006633738327865421,0.002631863575729236
0.0010917391735866641,0.002481225394514838,0.003572964568101502
0.001352813852813721,0.002512368583797067,0.00042517006802704385
-0.004216768242464271,0.005863943337176652,0.00929006753417886
3.138239447684842e-05,0.005586066216852439,0.007249333124117378
0.0012318488932025868,-0.0017544514539548713,-0.0018664377169733846
0.0002693530140602886,0.0027204654420082716,0.0034746538813769877
0.0024767296282183007,0.0019051766370910364,0.003021065810244289
-0.0030133764515654607,-0.0015434367190945756,-0.003123621931500892
0.0,0.0020681397627081498,0.008562824280686526
0.0011519473395500796,0.0021667580910585947,-0.000932528798683576
0.00016122271305585198,0.0006448908522232246,0.0010640699061683298
-0.00014139771642675112,0.00021209657464032761,0.00038884372017396743
0.0005424317214071913,0.00021697268856293818,8.136475821114036e-05
0.00013233202104085906,0.0014556522314486974,0.002415059383994502
-0.0029135765097623046,0.011162403511427447,0.018351748145905945
-0.00039835347231452424,-0.007993626344442945,-0.008843447085380386
0.00024419361840670445,0.0016822227045799993,0.0014651617104406893
-2.6197898928482107e-05,0.001702863430352975,0.0018338529249955346
0.0006235827664398255,0.003514739229024969,0.004109977324263006
-0.0008709333033657422,-0.002219475192448223,-0.006265100859695506
0.0004204993429698423,0.0014454664914586369,0.0009461235216820332
-0.0008548914659530857,-0.001821290514421681,0.002899197145405786
-0.0015201768933112139,-0.00652985074626861,-0.011885019347705908
-0.0009398496240601574,-0.0010004850836768861,-0.003001455251030658
0.001138035362367183,0.003969245288256049,0.006772698254087207
-0.0014733362081355765,0.001832686502803104,-0.0014374011786688849
-0.0010315889257534907,0.0001672846906627325,0.0006970195444280258
0.0032035119983388725,-0.005665470293358551,-0.00821641503277662
-0.0012440541529455977,-7.317965605575796e-05,-0.006110501280644039
-0.000168260467203237,0.000981519392018909,-0.00030847752320580164
-0.0001905487804877863,0.0008983013937281796,0.006260888501742191
0.0013491180140982066,0.0019899490707948834,0.006307126715909489
0.0010704225352112548,0.00011267605633808581,-0.0025915492957746928
-0.0007907817442385131,-0.0025982828739266805,0.0003953908721194171
-4.9451092869107435e-05,-0.0014588072396399343,-9.890218573835541e-05
0.0003266669086422701,0.0016333345432107316,0.001379260280933525
-0.0016161113873694114,-0.006091496767777162,-0.004599701640974696
0.0010449608139694636,0.0020899216279390838,0.004042348411934627
-0.00014801110083263817,-0.0009620721554116222,0.0003700277520814902
0.000450619601952702,0.00032544749029915,0.0019526849417950422
0.0014855020711326433,-0.0022282531066991273,-0.0013712326810456168
-0.00028215908129009546,-0.0015800908552241818,-0.0012414999576761314
-9.457755359386102e-05,-0.0014186633039091697,-0.001387137452711216
0.002450980392156823,0.0010154061624648586,0.0028361344537815203
-0.0005804632649676033,2.7641107855734836e-05,0.0014096965006358776
0.0011489410593237001,-0.00026808624717549373,-0.0005361724943509875
0.0012638935355564174,-0.0038660272852308972,-0.0030482138210475196
0.0012127002792884907,-0.000992209319417837,0.0037483463178009033
-0.004655183879763364,0.0009975394028064485,0.0031588747755535965
-0.00022725335908866883,0.0005397267278358509,0.00497116723006562
0.0009834957125733571,0.0003380766511971406,-0.00046101361526870103
-0.000267143963882045,0.003499585926855989,0.005209307295701624
-0.00019227687870534296,0.0005768306361160288,-0.0023073225444641154
-0.00042069835927645093,0.0018740199640492302,0.001529812215550454
-0.00019080328181645447,0.00038160656363290895,0.00044520765757184765
0.0012044046799723532,-0.0008029364533150653,0.0012330809818764336
0.0027134824114031127,-0.00170001307702361,-0.0015365502811559124
0.00029493449996314435,-0.0007127583749109554,0.0018679184997664878
-0.00017319616197309005,0.00010391769718393279,0.0
-0.00045010288065857506,0.0008359053497942094,0.00331147119341555
-0.0031159244917716286,0.00015125847047438095,-0.0027226524685381695
-0.001202492438873243,0.002077032394417495,0.002732937361075684
2.891844997105525e-05,0.0006362058993637087,0.002342394447657612
-0.003258738032068276,-0.014938285846118372,-0.008853385626946571
0.0010254907705829648,-0.0040287137415764085,0.00501757984178144
-0.0008030955683725285,-0.0008761042564065456,0.0004745564722201776
-0.0016980870529526237,-0.002911006376490071,-0.010916273911838014
-0.0012549750797804364,-0.00354978665423647,-0.006059736813797546
-0.0006984020560956532,-0.0015923566878980702,-0.003492010280478266
0.0005325345315361125,0.0011982026959561113,0.0028956565152271747
0.0002621155638396289,-0.001456197576887232,-0.0018056849953401808
-0.0037691072799610555,0.0005932854051788897,0.007049626579186088
-0.0005370872908186276,0.005116463138851205,0.008310719131614647
0.003943436335068947,0.0031732339258758115,0.012292430450722478
0.0004674145299146742,0.003572382478632456,0.0010683760683760457
0.003639428418189655,0.002605064551967233,0.0020304179596216127
9.511731135075955e-05,0.0009194673430565013,0.0003804692454026777
0.00070482097547219,0.0017620524386805752,0.0021497039751903497
-0.0025758551460282842,-0.0029167771506495768,-0.0017046100231068928
-0.00044341684350566367,-0.002818864219428129,-0.004845912646881923
0.00012363690314273762,-0.0008901857026285542,7.418214188564257e-05
2.725835468568638e-05,0.00016355012811427322,-0.00021806683748580092
-0.0007152193750462931,9.865094828215064e-05,-0.001035834956963563
0.000353198047778107,-0.0023118417672745007,-0.0017017724120214897
-0.0013044094711469718,-0.0007939883737415929,-0.0042818658726782675
-0.00017227518088878325,0.002469277592741512,0.005742506029631332
-0.003430246111832593,-0.00236453858194285,-0.003929796516468535
0.00027836199430914216,0.0001855746628727028,-0.004391933687987183
-0.0004664334499416504,-0.0019323671497584011,-0.0023654839247042466
0.000830629461388691,0.001661258922777382,0.0017131732641142764
-7.110099896917292e-05,0.0007465604891748001,0.00028440399587608545
-0.00028949425353913305,0.003473931042468774,0.005645137944011778
-0.0003764624116761133,-0.003503996293293118,-0.006110274527974093
-0.010843538345761645,-0.00543887254566592,-0.0018129575152219086
-0.0021838675589996638,0.003874603733709133,0.0020781965480804222
-0.00022221604955413484,-0.0004722091053026747,8.333101858289925e-05
0.00033771106941829265,-0.0003752345215760703,-0.0019136960600374894
-0.0011817156362464354,0.000590857818123294,0.0005102862974700481
0.0008041114568402552,-0.0003496136768869206,-0.002761948047407488
-0.0010344581579509297,-0.00035670970963817475,-0.001961903403010468
0.0006857214100926575,0.0010909204251473453,0.0002181840850294336
0.0008475681314382283,0.0006519754857216998,-0.0016625374885903994
0.0006115327889493,0.000899312924925357,0.0007554228569372263
0.0004233976029181717,-0.002149557060969336,-0.0054064616988015405
-0.00025905244372814414,-0.0030510621150192916,-0.004605376777387665
-0.00030301882504444564,-0.004658914435059347,-0.005264952085148238
-0.0005228302544441477,-0.0007966937210577354,0.0012199372603693478
-0.0009660188657801313,-0.0018183884532332834,-0.0014774406182520225
0.00013437699465839223,0.0019148721738838081,0.004871166056371111
-0.0005961719485409405,-0.0025415751490429944,-0.0025729526200188053
-0.000805626994701425,-0.0034084219006600648,-0.003594335822514253
-0.00017513748292413524,0.0011208798907141866,0.0011208798907141866
-0.0011017260374586468,-0.002372948388372643,-0.002344699002796644
-0.0025974025974027605,0.0020505809979493024,0.002597402597402566
0.00043134823282012284,0.0014288410212168676,0.002642007926023827
0.0016428571428570699,0.0015000000000000568,0.00557142857142858
0.00013706610012685627,0.0008223966007607481,0.00047973135044389954
-0.0004484975332634424,0.0020182388996860573,0.0021179050181891236
0.0008208776550261966,0.004480623867017828,-0.0073536956596093215
0.001395653536130363,0.0017659289640832966,0.002791307072260726
0.0007335561170429043,-0.0004618686662863475,0.0007063873719672641
-0.00036277290416203954,-0.0017808851658862226,-0.0017149264560386472
0.0025333947489635513,-6.5802461011982e-05,-0.004507468579324882
-0.0008584360855315564,-0.0013266739503667627,-0.0007803964413922568
0.0015067332140503444,0.00021973192704897882,0.0038610038610039183
-0.000546762589928051,2.8776978417240016e-05,0.0007194244604316547
-0.00037832489377799734,-0.0010767708515220433,0.012135498515802387
0.0003179245882875497,-0.002066509823869886,-0.001080943600178139
-0.0005964160815464182,-0.0007319651909886459,0.0
-0.0003194684045746786,-0.0007347773305218879,-0.0013737141396716083
-9.451200302447721e-05,0.0014176800453657257,3.150400100809938e-05
-0.0006970440170389535,-0.0012133729185491863,-0.0012133729185491863
-0.002278098926445913,-0.004527721616311279,-0.004328387960247284
-0.0007545616682673456,-0.0007202634106186704,-0.0010289477294553827
-0.0005130991186768559,0.004738621272485794,0.009567789448267585
0.000661530080161721,-3.8913534127134034e-05,-0.002256984979375986
0.00010710078183561,0.0011781086001927245,0.0006426046910142688
0.0012698412698411764,0.002278244631185859,0.00041083099906634413
0.0,-0.0008111888111888685,0.002741258741258792
-0.0009029600158017811,0.004289060075058661,0.0028499675498744065
0.0014009733077716983,-0.0016959150567764207,-0.007447279162365365
-0.001347218176522009,-0.0004733469268860889,-0.0032406058840663645
0.001013867085295664,0.002943485086342341,0.002158555729984383
0.0015938564080272323,-0.006846337752662415,-0.00941824241107014
0.0003777312877731155,0.001016968851696786,-0.0004649000464900773
0.002271421857866442,0.0016448227246618858,-0.0020886637773483226
-0.00047575248184222174,-0.0025373465698246417,-0.0060261981033335466
0.004009776216298829,0.001680287176353768,-0.0009165202780111857
0.004319011095390666,-0.0005957256683296157,0.00193610842207178
-0.0007904840773922923,-0.0018068207483249948,-0.001505683956937567
-0.0010510255975589161,-0.003729445668757301,-0.005729784709272751
-0.001028924202583782,-0.001686292443123285,0.00040013718989363885
-0.004062236529470385,-0.004062236529470385,-0.000536521805779054
0.0006622735852180159,-0.0008940693400443121,-0.0032782542468293954
0.0004969528940967169,0.0010985274501085867,0.0006015745560118698
-0.0024564887890032865,-0.0007317200648095687,7.839857837237421e-05
-0.00036799656536522956,-0.0015026526419085293,0.0023919776748751254
-0.0015066500415627185,-0.0017923940149625877,-0.003480881130507001
8.683570684257472e-05,0.0005210142410559419,0.0002605071205278887
-0.0010095911155981613,-0.0004101463907117474,3.154972236259386e-05
-0.0010929664395010125,-0.00032146071750021183,-0.005818438986755826
-0.0005287408414532305,-0.0021904977717349654,0.0012840849006723765
-0.0011086474501107257,-3.8229222417581256e-05,0.0014909396742871903
0.0003816273681340775,0.0008177729317158362,-0.00100858661578303
0.001027130410143871,0.00024792803003488714,0.0015938230502232965
0.00012603982858571847,0.001039828585833073,0.0007562389715150274
-0.0003222272346457624,0.0007733453631501229,-0.00061223174582715
-0.0008820032979252267,-0.005675499482302265,-0.0082831614066034
-0.0005040456293938128,0.001114206128133747,0.0010611486934607617
-0.0010504201680670952,-0.005904085772239914,-0.005252100840336093
0.0001561605330278107,-0.00010410702201868841,0.00018218728853259375
0.0009122422915526364,0.00014595876664828906,0.0010946907498632051
-0.0009678935870136963,-0.00011061640994447184,-0.0008296230745831458
-0.004515309722026309,-0.0018907859460985349,0.0016085790884718305
0.002340808087661559,0.0036638735285138956,0.003765647793194741
-0.0006445894770768112,-0.0005103000026857834,0.0001880052641473778
0.0004920721705850377,2.7337342810253975e-05,-0.0006014215418262091
0.0023914190258482503,0.0037278002461754957,0.004501494636891059
-0.0010742999722761376,0.0011436096479067925,0.007554754643748291
0.0005067139599695478,0.0007600709399543216,0.001628723442759378
0.003716952657760841,0.003325694483259733,0.004471521994298873
-0.002339622641509451,-0.0030188679245283447,-0.0038490566037735164
-0.0019842410996721623,-0.003939725081957797,-0.0035083683211595655
0.0005112013231093547,0.0006916253195007107,-0.0003307773267178278
-0.0006355355143297508,-0.0020881881185122347,-0.002269769694035045
-0.001591059024409271,-0.0013194148007294618,-0.0032985370018239852
0.002015611829809108,-0.0031516839520651357,-0.005203943269688921
0.001082574286994253,0.0,-0.0005226220695833447
0.0,0.0015789473684210127,0.00028070175438590906
-2.7395759136460756e-05,0.0012328091611419798,0.0010410388471864432
0.003112194615903285,0.005005446340577849,0.0039161782250116475
0.0019871705480408943,0.003765165248919401,0.003137637707432834
-0.0003930199654143324,0.0007074359377455898,0.001021851910076996
2.7305990934386173e-05,-0.00030036590027855833,0.0007099557642946614
-0.000508733254197165,-0.0009157198575548199,-0.0009496354078345923
-0.0004406779661016795,-0.001423728813559376,-0.003762711864406826
0.008955308209503245,0.008023052149838903,0.010735069777953427
-0.00581004003259286,-0.000495979027172517,-0.0032592907499909983
5.5617352613964984e-05,-0.0013348164627364242,-0.005812013348164715
0.0016678112430098789,0.0015043003368323997,0.0022891526864841512
-0.0009778003114474408,-0.00365769746134064,-0.0011950892695468949
-0.0013962092917729557,0.0005235784844147344,0.004502774965967272
-0.001371921343176191,-0.0018292284575684402,-0.005716338929901353
-0.0031192558346794536,-0.0016153289143875232,-0.005904305687071811
0.0006856829402084086,0.000754251234229191,0.007336807460230342
-0.0004792803421324121,0.0013272378705206224,0.001990856805780724
-0.000513445863551842,-0.000513445863551842,0.0010910724600474134
0.0005624296962880166,0.002613643882750018,0.0006285978958512464
0.000937897769143072,-0.001808802840490455,-0.003349634889797012
-0.0004160022186785154,-0.00045066907023502554,0.0002426679608957678
0.0001933550320647168,-0.0001933550320647168,0.018658760594244532
-0.00026433173632904047,0.001024285478275243,0.004097141913100972
-0.0007888058165853672,-0.0015776116331709293,0.0002743672405516185
-0.001862891207153472,-0.0013306365765382159,-0.004550777091760644
0.001135030835004394,0.002194392947675018,0.0028754114486776545
0.00033239155725445837,0.0031854190903551995,0.0021605451221539795
-0.0004886220857182269,0.0012913583693983128,-0.0024780120061426063
0.00047976519726820546,-0.0019472822712648806,0.0013264096630355797
-0.0009586646365534083,-0.00025376416849949763,5.639203744426157e-05
-0.0009004192577168553,0.0005346239342693878,0.0023917386533105116
-0.0009343853820596886,-0.0009603405315613262,-0.0007007890365448034
0.002506731037043921,-0.0008974716058552919,-0.0003404202642899565
0.0018139904009673155,0.002002947734401469,0.0013227013340386452
0.0011474951021549626,-0.00022390148334728262,0.0020990764063811922
0.0003137120693589255,0.002937485740360568,0.001454483230663903
-0.008205571150939398,-0.008544899281241443,-0.014498565567449143
-0.0005678591709256037,-0.0011357183418512075,0.0006874084700678986
-0.0016539477120389786,-0.0013347648202419393,0.0016539477120389786
-0.0011003667889295903,0.0012670890296765439,0.003734578192730926
-0.0005347389328138205,-0.0003819563805814245,-0.0016424124364997777
-0.000894691497117045,-0.0015574259394259742,-0.0012260587182714154
-0.00016885711873470372,8.442855936743185e-05,-0.0014634283623673257
-0.0008053774432363501,-0.0030976055509091475,-0.004770312548399974
0.00023505445428191756,0.0007443391052260351,0.0006268118780850763
0.0012534615945197691,0.0012534615945197691,-0.0011368605159597328
0.0013816558614094421,0.0007793956141284136,0.0011690934211926204
7.506380423353029e-05,-0.0009758294550367471,-0.0018390632037231988
0.0026753771970757932,-0.003204230829055756,-0.0016798880074660558
-0.0015263785973968623,-8.325701440338778e-05,0.000915827158438212
-0.0014590747330961744,-0.0013523131672597702,-0.004306049822063984
0.0008855761780008454,-0.0025091325043356586,-0.0020663444153352357
-0.0006919351118628693,-0.001729837779657064,-0.003113708003382803
0.00010217983651216864,0.0036784741144413624,0.004836512261580242
-0.0013694982310648368,-0.0021303305816563404,-0.0006847491155324184
0.00034957256808706516,0.000635586487431241,-6.355864874325056e-05
-0.0014299691427711125,0.0009783999397907387,0.0023707383156468557
0.0006376873206504652,-0.00021256244021682175,-0.006872852233676968
-9.735518416346817e-05,-0.0004867759208177098,-0.004348531559305452
-0.0009269662921347867,0.0001966292134831269,0.0012921348314606166
-0.010652463382157107,-0.013808748828722253,-0.014523844750209703
0.0014555119605112628,0.0004429819010251435,-0.0020250601189724187
0.00019443904335988773,0.0011666342601594842,0.002138829476958923
0.0004581820745074382,-0.002431889472385711,-0.0001762238748105994
-0.000346080636788338,0.00022248040936403193,-0.0008899216374557062
0.0005073888501300977,-0.0017124373691886968,-0.0008879304877274458
-0.0012282425603592291,0.001158057271196101,0.003298708590679386
-0.0005758157389634444,-0.0017658349328214186,0.004491362763915608
0.0006577298922576935,0.002255073916311787,0.0038837384114257367
-0.0014850354123828588,-0.0028558373315055972,-0.005026273703449826
-0.0005433219342259551,-0.0025568091022404402,-0.0045702962702547445
0.0006191630978793899,-0.0007739538723492373,-0.0002579846241164613
0.0009694258016405329,0.0011931394481729798,0.002050708426547395
5.7910586055078205e-05,-0.0012450776001853335,-0.006485985638174685
0.000899934235575061,0.0010729985116472336,0.003011318403654936
0.00019659607931245626,0.002948941189687163,0.0036791551985620465
0.0005412510631716785,0.00610840485579519,0.004484651666279935
-0.00021600604816935694,-0.00532814918817713,-0.008244230838463347
0.0006654835847382684,0.0017746228926352773,-0.010065439219165915
-0.00033328704346619785,0.002832939869462524,0.005443688376614302
0.0005268109125117079,0.0004515522107243821,-0.0032737535277516635
-0.0011249519837567036,-0.0001097514130493432,-0.00032925423914834155
-0.001047825761544905,-0.008232916697852127,-0.012162263303644935
0.0012583321997007364,-0.0004761256971842035,0.003843014555842727
0.0006433926373502331,0.00027973592928266165,0.0025455969564730004
0.001973706218847138,0.00023416853443947806,-0.001103937376643308
0.00011550456243011093,0.0006930273745813222,-0.005005197705309403
-3.384323812099264e-05,-0.00043996209557328904,0.002098280763503467
0.0001938047094544471,0.0038114926192706704,0.004134500468361477
-6.840179212689152e-05,0.0001710044803174232,-0.00023940627244431473
0.00020369364475829126,0.00023764258555130765,-6.789788158603276e-05
-0.002275632033417557,-0.0022444589918639212,-0.0010287103712710525
0.0015415182241709667,0.000513839408056924,0.003528363935324653
0.003248102126373886,0.00321033349699748,0.008686784756581228
0.0012160228898425427,0.0016809728183117682,-0.0017525035765379438
-0.0005088051558922657,0.0007632077338384788,0.002204822342199818
-0.0003288391976323702,0.0013701633234681574,0.0006028718623259082
-0.0001733102253033323,-0.001178509532062305,-0.00183708838821481
-0.0008069892284481885,-0.0025964001263113893,0.00024560541735375315
-0.0013182612134595593,-9.886959100955594e-05,0.0005602610157203175
-0.0011500662159335893,-0.0013940196556770658,0.000662159336446636
0.0017960560076241078,0.0029323363389781227,0.0012095887398284
3.238027393708806e-05,-0.001392351779296075,-0.0026228021889065254
0.0009445231547072671,0.001972386587771146,0.0003611412062116161
0.0006795324816525844,0.002378363685784142,0.002140527317205747
0.0010486229924388639,-0.0020420553010652054,-0.0007174788895634167
-0.004592314901593337,-0.00106216807247745,0.0015307716338642681
0.0001565190170605788,0.0004434705483383313,0.0013825846507018041
0.0001415828967861407,-0.0011680588984850067,-0.0059110859408182045
0.0005197363022129762,-0.0005197363022129762,-0.0007659271822085312
0.0031283877961901527,0.0017345516493727806,-0.004336379123432039
-0.0008449514152936526,-0.0033445993522040747,0.0005633009435289683
-0.0024443416793288267,-0.005384158023386389,-0.010471031247935575
-0.0022800954789981343,-0.016031921336705973,-0.01314617549609889
-0.0004174058228111452,-0.00013043931962853847,-0.0031566315350098602
0.00020727536532293744,-0.0003109130479842589,-5.181884133066072e-05
0.002046651617757733,0.004003009781790772,0.0009631301730624324
-0.0013952097797560346,0.0013619904992858687,0.00033219280470392565
0.0013514404377349364,-0.000296657657063666,-0.0017469839804864287
0.001336943079648308,-0.0009358601557537776,0.0004010829238945304
0.00024617548795496106,-0.007561104272903232,-0.011394408299630768
-0.0014001579665399698,-0.0030157248510089456,-0.005421124434551761
-0.00041200044945508685,0.0005618187947113272,0.0022472751788455217
-0.00035438372669935054,-0.0009568360620879644,-0.005563824509178514
0.0009553705472907489,0.0013102224648559064,0.0012829261635047644
-0.00024616394518758194,-0.0002188123957223296,-0.0008205464839583473
-0.008091772542247513,-0.013050450228197903,-0.016282225237449172
3.863539775138472e-05,-0.00038635397751406674,-0.002588571649344972
0.0009706381946129948,2.6962172072557646e-05,0.001563805980209876
0.0006554662434884524,0.0033808258874668583,0.004346776141028705
0.001232707848239936,0.0015066429256266577,0.002136693603615868
0.005391835220951255,0.007845262887627307,0.01420705788377605
-0.00023303384169227878,0.0012169545066156426,0.0012428471556925461
0.0007051191651388684,-0.000599351290367928,0.002044845578902979
-0.00027444630458057124,0.0004116694568707008,0.0005214479787029605
-0.000290909090909033,-0.001163636363636339,-0.0011999999999999422
0.0017885088307623591,0.0013733192807639705,0.002171760723068592
0.0004338512432548826,-0.00029827272973782814,-0.0005423140540688345
0.003120525716803197,0.0038547670619332995,0.005506810088476082
0.00415415764853731,0.003909795433917491,0.005690148711862025
-0.001405481377371733,0.00022191811221660047,-0.000480822576469266
0.0017523966601382943,3.4360718826401915e-05,-0.0006872143765247179
-0.0005959475566150918,-0.002437967277061529,-0.002573409903564973
0.0003817522427944409,0.001495196284278257,0.0002545014951964145
-0.0017102544003421156,-0.0013539514002709765,-0.0018527756003706927
0.0008911663139133151,0.0008911663139133151,0.0025899520998106463
0.001706617019626087,0.0020944845240866514,0.003917461795050776
-0.00019185020336125918,-0.00038370040672251835,0.0010743611388227025
0.0010702341137123518,0.00046822742474911824,0.0010702341137123518
-0.0007853917141174458,-0.0026834216899011493,-0.0022907258328424265
-3.026268006291885e-05,-0.002118387604406212,-0.0026025904854134296
0.00031938677738732737,-0.0005677987153554952,-0.0011355974307107888
0.0001240463933511768,0.0013334987285244895,0.001240463933511239
0.002822057814049089,0.004843261383570978,0.00625429029059563
0.0007792930698579814,-0.00033398274422489436,-0.0011967715001391785
0.0013532215900353614,-0.0006766107950175933,-0.0019375672766415361
-0.000691286156085129,-0.0013461888302710734,-0.001273421866472704
-0.0036182722749887072,-0.003036764230794074,-9.691800736586405e-05
-0.00034601155146255213,0.0009315695616300411,0.0014638950254185713
0.0021777733105503975,0.0019767480818841925,0.0037859751398800394
-0.0015494071146245347,-0.018719367588932858,-0.019920948616600827
-0.0023641483850780753,-0.0037548239057121446,-0.003302854361506062
0.0009361591470550348,0.0008581458848003746,0.0032245481731894656
0.0007495716733294528,0.0025699600228439833,0.005639634494574472
-0.0007224059921675896,-0.0015588760883615382,-0.0015588760883615382
-0.0003253355022366939,-0.0023315710993629217,-0.0015182323437711869
-0.0007100218265968438,-0.002182659689168181,-0.0013937465485049378
-7.15717148582229e-05,-0.0025050100200400393,-0.004580589750930335
0.0001825417107807474,-0.0009127085539045671,-0.0026286006352452527
-0.001966873706004117,-0.0013802622498275848,-0.002070393374741279
0.0015802411330913134,0.0010827578134143382,0.0017558234812125888
-0.000726266643610512,0.00020750475531731725,0.00034584125886226094
0.00016650571114574085,0.0003663125645208192,-0.00013320456891678198
0.0022803328693694488,0.002487635857493929,0.00349453608552731
6.219872492608244e-05,-0.000528689161872231,-0.00012439744985234165
0.0010514890441625476,0.002984872125364614,0.002272573095448124
-0.001228371880812911,0.00028077071561430556,-0.00017548169725901578
0.0004652785855528971,0.00360590903803633,0.0017447946958240805
0.0009616095865078442,0.0005177897773503453,-0.0008506546342185745
7.239819004518302e-05,0.0009049773755656109,-0.00025339366515834635
0.0008787346221440533,0.003091844040877396,0.0038403957560372544
-0.0015828748021404957,-0.00576618677922655,-0.001771312278585854
-0.0010676156583630297,-0.0037722419928825704,-0.0050889679715302736
0.0004230281121409593,0.0,0.009421989770411282
0.00039507993784069654,0.0018437063765901667,0.003028946190112406
0.0003561344153035699,0.001093841418432517,0.0011955941085191688
0.0006451404793393395,0.0011935098867778605,0.002612818941324481
3.300983693137554e-05,-0.002211659074404225,-0.0007592262494223879
-0.0006294299553926225,-0.0022987876631729615,-0.0007936290741906911
-0.0006842753524018064,-0.0014232927329958633,-0.0009306144792665438
-0.0025767737380868977,-0.0030356512530886467,-0.00540063536886703
-0.00011294011350487184,-0.0012988113053054645,8.470508512853352e-05
0.00027691242644527843,0.00031152647975088904,0.002734510211145796
-0.0007117217477411133,0.0010521104097040938,0.00136155464785245
-0.0004647602383945516,-0.001011536989447066,-0.0014489583902891703
-0.00042260961436879293,-0.0014263074484945073,0.0002377179080823428
0.00021156558533146075,0.0003173483779970909,0.0012693935119885641
-0.0015531969971525309,0.0011833881883066201,0.0052143042047260385
0.0007052412245553047,0.00022439493508572906,0.0012181439333226332
0.0007268660889012885,-0.0006150405367625676,-0.00081073525300521
0.0035225544855549576,0.004434870755195134,0.006006082108464279
-0.005597518208794257,-0.002528999190720259,0.00553007823037492
-0.0017584783778932436,-0.004701238112327301,-0.003086308989771961
0.0007856801257088822,-0.00010248001639690359,0.0009564801530367313
0.0005799663067194244,-0.00027617443177101246,0.0031207710790136494
-0.0003361605295822618,0.0022755482002482295,-0.001448076127430705
0.00030481996570769324,-0.001638407315679203,-0.00041912745284821356
-0.0006082416746921007,-0.0003294642404581972,-0.0011404531400476168
-0.00037866834963712386,0.00041022404544018763,-0.0014200063111391248
-0.001758757144950968,0.004286970540817672,0.001099223215594355
0.0012019632065707777,0.005442222296417467,0.004874628559981425
0.000480822576469266,0.0016643858416243984,0.0036616488515738028
0.0007614058597794969,0.0014618992507766896,0.0010050557349090606
0.0004281509232004951,-0.0010971367407010119,-0.0008295424137008357
0.0008709587513935339,-0.0015677257525085195,-0.002055462653288851
0.001793770723487593,0.0004620318530195573,0.000217426754362081
-0.0025193037560528133,-0.0006870828425598074,0.0017340662216988273
0.0007202140064477549,-0.002057754304135969,0.0037039577474450957
-0.0007622709044510595,0.0019222483677459451,-0.0010936930368211344
0.0009267204393340717,-0.00044619873004975267,-0.001338596190149453
0.00024561978057959443,0.00013645543365539917,-0.00027291086731079834
0.002210914195472874,0.001509036673100568,0.0041410773819968655
-0.0023005592128549374,-0.0036808947405677795,-0.0005662914985489666
-0.0013511611541168703,-0.0054609429978888045,-0.007431386347642467
-0.003175932712106824,-0.0065263672215822004,0.0015356158168431042
-0.0017814319972592732,-0.005378554299417586,-0.0019527235354573251
0.0006862240521530539,0.00025733401955731395,0.00011437067535873398
0.001682393387462437,-0.000109721307878098,-0.003730524467851798
-0.0009942004971002863,0.0007622203811102509,0.0008616404308201853
-0.0014032680553822772,-0.0012473493825621619,-0.0014344517899463002
0.000739781764379466,-0.0005178472350658154,-0.00011096726465703553
-0.0048402192806525,-0.004866960823639506,-0.003128760529482594
0.000694342932319828,0.0033620815670224236,0.012315450957462377
0.0001407974769092458,0.0008447848614553148,-0.0022527596305474524
0.0014957562265201295,-0.00041742034228469646,0.0068178655906497125
-0.0016459212015225396,-0.0022288516270616097,-0.0030861022528545666
-0.000995174909529677,-0.0008443908323281953,-0.004945717732207608
0.00248911014312382,0.004073089325111721,0.0001414267126773619
0.0,0.0,-0.004922130359546355
0.003695007890381354,-0.0015010969554674046,-0.00023093799314884828
0.0008109203946479562,-0.0007838897148262295,0.0003513988376807554
8.273351534699184e-05,-0.0001103113537961459,0.0023165384297178094
-6.633279161547482e-05,0.00092865908261759,0.0006964943119632396
0.0011583824768322947,0.0009126649817466684,-0.0005616399887670884
0.00018500703026719223,-3.700140605339638e-05,0.0009990379634425436
-0.00014319979952015044,-0.0005011992983209335,0.000966598646762033
0.0026952290944729667,0.0065105533970387965,0.005425461164198997
-0.0009499762505937238,0.0003999900002500563,-0.0021249468763280066
-0.0014607679465774872,0.0004173622704507671,6.956037840859299e-05
-0.0005140727412929733,-0.0033414728184038697,-0.00019277727798484216
0.001289046105881668,0.0025181365789316863,0.001588824270040259
-0.005484460694698389,-0.008836075563680613,-0.009567336989640423
-0.0009369261327436945,-0.0047221077090281866,-0.003035640670089579
0.0005465600874495052,-0.0012980802076928177,0.002732800437248109
-0.0002710446836521071,0.0033299775420119787,0.0025168434910556575
0.0007288376774371969,0.0014576753548745912,-3.4706556068409766e-05
0.00022877312242628006,0.00022877312242628006,-0.0015033662330872486
-0.0010497518768292434,-0.001240615854434363,0.00022267464053948714
-0.0024245291387007873,0.00011826971408302672,0.002542798852783814
-0.001959851051320068,-0.00523560209424085,-0.0039197021026402944
0.003964678320418073,-0.00021024809274942385,0.0013816303237820014
-0.0007509813961425856,-0.002116402116402132,-0.003174603174603198
0.000401029308558649,0.005213381011262247,0.00414396952177258
0.004622549701098234,0.015605449742805338,0.01664813012651176
-0.0014071894588716825,0.0004797236791607306,0.0013752078802609915
-0.00030599755201962176,0.0003616334705685864,-0.0016968955157450028
-0.0012817847987251594,-0.0006928566479596946,-0.0022864269382665593
-0.001621462264150935,-0.0015109080188680166,-0.0011792452830188427
-0.0010331188381839716,0.0008560127516382918,-0.0013282956490937737
0.0015709890685342714,0.001309157557111924,0.0004254762060613846
0.0005424611462203711,0.0014646450947951408,0.0013290298082400094
0.0007234581298606932,0.00043407487791645704,0.0012660517272563673
0.0006732243707222457,0.0058346112129259164,0.005460597673635709
-0.001451378809869431,-0.006151081622779642,-0.010816227797359858
-0.001211820760692935,0.0009088655705198187,0.002203310473987197
0.0031548787947075886,0.0004828896114347528,0.008434471879728308
0.001167712742665238,0.003094438768063063,0.002627353670996868
-0.00016595857673909497,-0.003418746680828375,-0.0022570366436535784
0.0014865637507146421,0.003030303030303037,0.003973699256718086
-0.00036844173707992054,0.0007614462566319568,0.0004175673020240124
-0.00038383697396872357,-0.0048503035801520916,-0.004361783795100845
0.0006520085485565503,0.0011591263085449096,0.005397181874162383
0.0006306937631394774,-0.00028030833917303466,0.0038192011212334685
-0.0005892317890551116,0.0012152905649259191,0.0029829859320910446
0.0004379945688672796,0.0007007913101876142,0.0003211960171692609
-0.0007446293607356515,-0.0005957034885884366,0.0008935552328828665
0.0014955481357818825,0.0030954368391765555,0.0010781858653311153
0.0005935198424473802,0.0009442361129845034,0.006555696441578781
-0.004101403670049034,0.007389597991726592,0.010147438390552646
0.0001557268550960197,7.786342754800985e-05,0.002647356536634769
-0.0006015037593984621,0.0009022556390977785,0.0007518796992481203
0.0,-0.0006553509404285622,0.0008847237695785497
-0.0009664325752207053,0.004187874492622934,0.014399845370787869
0.00010235938379656191,0.000358257843287894,2.5589845949249576e-05
-0.0008212428141254075,0.0007664932931836099,0.000684369011771147
-0.0001397389676085391,0.0002235823481735672,-0.0009222771862161037
-0.0006241872561768767,-0.00044213263979197897,-2.6007802340678556e-05
-0.0002594856417944153,-0.002104716872332953,-0.001095606043132267
0.0004603900161137927,0.003255615113946559,0.003156960110493724
0.000441294810892088,0.001661345170417637,0.0050359525478285636
0.00047891371101771717,0.001464912527819201,0.0027326252922781373
-0.000511967234096916,-0.000703954946883305,-0.00028798156917949247
0.0011415835394524721,0.0019570003533472056,0.0023918893207577814
-0.0018349676013532496,-0.002523080451860759,-0.0023223808704625998
0.0007828188284946673,0.0014975664545114112,0.00023824920867224797
-0.0017511431073062246,-0.0006485715212244662,-0.0005837143691020748
0.0005093424121385802,-0.001072299815028221,-0.003913894324853174
-0.0003518839324382727,0.001136855781723733,0.0017594196621913633
0.0009903169014085925,0.0026775234741784706,0.0012103873239438121
0.0003958604309223162,-0.0014137872532941243,-0.002120680879941186
-0.0014037680088658864,-0.0018101219061692248,-0.004580716660509823
0.0007554854815399363,-0.0002956247536459565,-0.00036131914334520314
-0.0004381480940558075,-0.0011318825763108015,-0.0049291660581277305
0.0004794170288927936,0.0011186397340834273,0.0006711838404499474
0.0012314796998267967,0.0007696748123917207,0.0007696748123917207
0.003058974176566884,0.0059401010172868175,0.01123995162552474
-2.9028418822000363e-05,0.0004063978635083351,0.002322273505762174
0.000985448214696355,3.284827382318071e-05,0.0005912689288178131
-0.0005192236370379022,0.00042032389664981067,-0.00017307454567930074
0.00013086435909168232,0.0012759275011450183,0.0031080285284302445
-0.00039432176656135936,0.0016848293662174768,0.0030828792658446147
0.0007900974453516233,0.0014155912562549605,0.004049249407426976
-0.0005023132848645016,-0.005023132848645016,-0.007058823529411807
-0.0012256189375633502,0.0028014147144308273,0.004237139755576495
8.6989300315982e-05,0.0012178502044249018,0.0016527967060051415
-0.0006547155105221498,-0.0003117692907249345,-0.001465315666406944
-0.00042688898375314746,-0.0008035557341234793,0.00017577781683949771
-0.0010522114582200226,-0.0013424766880737438,-0.0025761039149524195
0.0007282838983051751,0.0021186440677967533,0.0032772775423729117
0.0015995928309157587,0.0011996946231867674,0.0014905296833534192
-0.0006712410501193572,-0.0011187350835322619,-0.001267899761336634
-0.002220812182741101,-0.0003525098702764479,-0.0007755217146081052
-7.598014385566993e-05,-0.00040522743389719424,-0.0005571877216086781
0.0015759120171672828,6.706008583684888e-05,-0.009388412017167419
-0.0006912442396311444,0.0013824884792627253,0.001881720430107562
0.0012015050431593115,-0.0027191956239920223,-0.003225092484269712
6.679357445807637e-05,0.0003005710850615335,0.003874027318571847
-0.00036594978043011893,5.629996621996906e-05,-0.0027586983447810444
0.0008259627628454731,0.0014454348349795779,0.0015142650652166354
-5.2395797856964215e-05,0.0017552592282099393,0.0007859369678552079
0.0009221311475409214,0.0005122950819671354,0.0011270491803278145
0.0021203286509409044,0.004240657301881809,0.0004164931278634419
0.0008013696135213904,0.002039849925326931,0.0047353658980803974
0.0001793561115595082,0.0006277463904583637,0.0014647415777359553
-0.0014579191517561222,0.0018223989396952,0.0003976143141153232
0.0007912174859064216,0.0014093561467708267,0.0012857284145979177
-0.0001701201047940232,-0.0005103603143820697,0.0014970569221870562
-0.0026729034413632185,-0.0008686936184430033,-0.0003675242231874829
0.00043456459969913244,-0.001002841383920958,-0.00010028413839201979
0.0,0.001799469630003767,0.0003472660689481426
0.0006447799688355066,0.0015313524259846143,0.0010746332813926635
-0.011855821465276825,-0.018536191454999306,-0.021142269857583287
-0.00318095812652542,0.004031041763786356,-0.0025776729645981236
0.014672509586039485,0.008333985444870361,0.009077392597229691
-0.0006324900133155717,-0.0004993342210385395,-0.003528628495339555
0.0007643744868781865,0.003991733431475152,0.0009342354839622458
-0.0023562023562023796,-0.006479556479556494,-0.004954954954954978
0.0002916642361312661,-0.0006416613194890838,-0.0001166656944526059
0.00013483630872124312,-0.013321827301655783,-0.018121999892130872
0.0007752689214071425,0.0010982976386601797,0.002648835481474281
0.009480081918477917,0.006441170641474495,0.004789588425711794
-0.0007603736693461589,-0.0011405605040191611,0.002063871388225046
0.0022363982988708522,-0.00021997360316762822,-0.0012098548174218511
0.0004634457189200793,-0.000724133935812768,-0.0015351639439231536
-7.883533925482093e-05,0.0006044042676195967,0.0009723025174751788
-0.00033399203985639604,-0.0016421275292939736,-0.004675888557989387
0.0001106806862203112,-0.0003320420586607763,0.0025179856115108605
0.0002610673926826285,0.00014918136724730713,0.0030209226867564326
0.0007617803895961821,0.0006166793630063448,0.002575543221968221
-0.0008953925656833531,-0.00033257438153955194,-0.0013047148814244185
-0.0001654533421575492,-0.0006949040370614809,0.00023163467902049365
-0.00012938954014960372,-0.0013197733095256343,-0.006210697927179655
-0.0010014137606031309,0.0026802544769086506,-0.003063147973609695
-0.0020530367835756213,-0.0030225263758197956,-0.011833475905332128
-0.0008695092103567623,-0.0018678346000257121,-0.00341362875177123
-0.0021010539157543385,-0.003524348503846161,-0.007387576671523773
0.0005760684698523606,0.001261864267295714,0.0010149777802161753
2.6488662852275124e-05,-0.00018542063996607644,0.0008211485484212818
-0.0015251098442207744,-0.002977595410145587,-0.00461164167181082
-0.0022145579960065843,0.004392811762570472,0.006498457070248758
-0.0007894477155357031,-0.00032893654813975163,0.003749876648794403
-0.00047687172150702304,-6.358289620104483e-05,-0.0005722460658083192
-0.00036086051353225666,-0.001637751561415614,-0.0029701596113809667
-0.0004431922504668915,-0.0006964449650193752,0.0006014751970622613
0.000128874283136866,0.0012565242605837566,0.002545267091951867
3.4204405527400824e-05,3.4204405527400824e-05,-0.0016076070597893942
0.0012399954909254277,0.00018787810468572265,-0.006087250591816047
0.0,0.0020203963825283673,0.0008017445962414213
0.0007230456909259094,0.001279234683945706,-0.003893322951138734
-0.0009079023823358512,0.0018884369552585045,0.00025421266705401356
0.0009039956608208281,0.0027481468088952844,0.001120954619417835
-0.0016075555109011065,0.008205231253558544,0.005525972068723113
0.0007590544350465536,-0.00014458179715181254,-0.001012072580062277
0.0002487424686308989,0.0022110441656072394,0.0035100326129013926
0.002019227871372219,0.0035261143425454806,0.005002863084295305
0.0010635396782110345,-0.002290700845377625,-0.00040905372238881173
-0.002049944092433885,-0.0012672381662319487,-0.0011181513231457746
-0.0014207572636216314,0.0007458975634012201,0.0035518931590537753
-0.0006951685783802178,0.001946472019464728,0.0012165450121655293
0.00047852995597535286,-0.0010527659031454861,0.0006380399413004705
-0.0002453837187902095,0.0015949941721367974,0.0034046990982148756
0.0009124339867834879,0.002516105842342379,0.0004700417507671609
-2.6768744813531348e-05,0.0,0.0010439810477286355
-0.0032830425320003924,-0.002287063336898992,-0.004979895975506164
0.0013894678338195682,0.0005210504376822886,-0.00020842017507295495
0.0010405440558921906,-3.716228771039766e-05,-0.0004459474525249831
-0.0005069708491762516,-0.0009188846641318772,-0.0010139416983525032
-0.0015170064406238174,-0.001676691329110543,-0.003539681694788907
0.0003192542221369789,-0.0004469559109920608,0.0013408677329756378
0.0029206182522232347,0.004462967216880375,0.004659862829389817
0.0005956714541002278,0.00013237143424455776,0.002581242967767465
-0.004548020826798785,-0.004453923844175447,-0.0039207076093093285
0.0011166300874052616,0.004505024835393385,-0.0005390628008162426
-0.000672928641525171,-2.8038693396862207e-05,-0.0044581522501050755
-0.003389718949516322,-0.006746528006318736,-0.021029421444086045
-0.0001451536814603203,0.0010160757702218296,0.000725768407301189
-0.0003733808197144942,0.0036763649941119934,0.004997558663871123
-0.0005887821506042694,-0.00046482801363488465,0.0014254725751473084
0.004016064257028162,0.0051014870291979635,0.004631137161257751
0.0007280291211649727,-0.006621598197261114,-0.006032241289651618
0.0014277176439338828,-3.320273590540841e-05,0.004117139252274417
0.00034125457591367394,-0.0012409257305949534,0.0004343240057083924
-0.0001949046359459646,-0.0011137407768341287,-0.0016427676458303634
-0.003674799212001707,-0.007235944840127172,-0.007084406728292183
-0.0005848154391276477,-0.0003096081736556985,0.0011008290618872104
-0.0013604539270664798,-0.0039154527657033105,-0.0055081793144640305
-0.0036351282486837095,-0.014744351961950166,-0.014200781382707682
2.6367831245856046e-05,-0.002135794330916288,-0.0006328279499011446
-0.0006603202553237007,-0.003026467836900803,-0.001100533758872991
-0.00023289213212747845,-0.0003493381981911074,0.007064394674533219
0.0009475563978278761,0.002223113087211683,0.004081781406027933
0.0008244726218228339,-0.0002843009040769396,0.0034684710297377902
-0.00013784547522234636,-3.446136880553762e-05,-0.002205527603556366
0.0018248175182480604,0.0039602422736449054,0.0014753843764559538
0.002101655457837669,-0.0009053285049145523,-0.0014549922400413499
0.0008853230045649279,5.5332687785416116e-05,-0.0008299903167796691
-0.0006172508185283081,-0.0003757178895389039,-0.0042134077612581
-9.973321365352798e-05,0.0015957314184555972,0.002119330790136442
3.475963710935697e-05,0.001390385484375464,0.0004518752824220357
0.0011721731545087963,0.0021262675825973985,0.0025079053538327773
0.0396425379803395,0.035317247542448596,0.039749776586237726
0.00021655568187966021,-2.7069460234938296e-05,0.001191056250338362
-0.0009627617508509189,0.002269366984148902,0.001547295671010517
-0.00010856977417477097,0.0011580775911985857,0.000470469021424419
-0.0022114424311599533,-0.003459837351976128,-0.0027464688257955437
0.0016136623411551745,0.006320177502857512,0.004773751092583931
0.0038844149692089636,0.004768672035370434,0.0006000315806094986
-0.0001022007222185377,3.4066907406114686e-05,-0.0021121482591810467
0.0012175549283302831,-0.004012396922906604,-0.005312966959986762
0.001037664413719619,0.0015705191126567078,0.00014022492077295164
-0.0016777683177241426,-0.0020033054539989846,-0.0013021485450993686
0.0005443832458050978,-9.606763161256794e-05,6.404508774189399e-05
-7.713470290291198e-05,0.0006170776232227112,-0.0007970585966626443
-0.004416058394160509,-0.0031751824817518415,-0.0019343065693429662
0.0010785696507094864,0.00044249011311160437,8.29668962084946e-05
0.0005297270347748942,0.0005608874485853384,0.0005297270347748942
0.0008746931519991035,0.0010722045089021062,0.0
0.0014181678804139693,0.002376389421234207,0.0037562284400154016
-0.013276939021315956,-0.012492647264782442,-0.004817792218705276
0.0021100756110426088,0.00474767012484602,0.0011253736592227647
0.0010266940451745768,0.004585900068446379,0.008863791923340287
-0.0014021603656003854,0.0043103448275861244,0.006413585375986628
-0.003475670307845122,0.007348560079443794,0.0004965243296920797
-0.0014262560777957786,0.007423014586709953,0.00726094003241494
-0.0018903591682419849,-0.004948293116868757,-0.004030912932280789
2.6143107369718192e-05,0.0035554626022849434,0.0027973124885623726
-0.0010603678379466177,0.00010969322461505984,0.00021938644923032751
-0.0014166867615142587,-0.0013262599469495953,-0.004551482999758835
-0.0015780294011793505,2.7684726336612357e-05,0.0020763544752360123
-0.001017202692595288,0.0079281974569932,0.014151084517576719
-0.0010082550885373784,-0.002898733379545075,-0.006868737790661059
-0.00015142337976991392,0.00026499091459718796,0.001968503937007805
0.00032357223750191196,0.00019414334250122075,0.0020708623200128987
-0.0017626656052766377,-0.00270085858873028,-0.00375277193381473
0.004156726668112402,0.004988072001734964,-0.0015903997686691161
-0.0037572947477815125,-0.009859567777866573,-0.00903349588296423
0.0013046314416177924,0.002081197775914068,0.0028577641102103435
-0.0007895401718039414,-0.0009158665992924571,-0.0012001010611419765
0.00042051104459894605,-7.420783139973957e-05,-0.00039577510079889225
-0.0006567752336030906,-5.970683941857077e-05,0.000238827357673774
-0.00011678150181000707,0.0011970103935537342,0.0017225271516992638
-0.004473264442749221,-0.006311117275816607,-0.006276440807268196
0.0005234403114468811,0.0026826315961657773,0.004351097588903013
-0.0012729201394151113,-0.004243067131383474,-0.009092286710107592
-0.0020557910051237716,-0.0007590612941995354,0.0025302043139983914
-0.0002703433360366745,0.00016220600162206617,-8.110300081095625e-05
0.00031080031080046985,-0.000699300699300505,-0.0015151515151514622
0.0002731867231253959,-0.006317442972271431,-0.018884032236033237
0.0008206250427409188,0.0012993229843397233,-0.0009232031730834365
0.0008752275591653831,0.00010502730709994944,-0.010677776221817713
-0.0008898281519381379,-0.0013903564874033702,-0.0005283354652132744
0.00056924725421918,0.0013059201714438332,0.0016407714974551605
7.057412047016004e-05,-0.000952750626345255,-0.0074102826493523625
-0.0004481848513520413,-0.0010955629699716093,0.0007718739106618253
-0.0008642146017699115,0.0008642146017699115,-0.002800055309734325
-0.0009908093887731745,-0.0024941063924289117,0.00023916088694520885
-0.0023035019455253203,-0.0006225680933851786,-0.005571984435797729
-0.00045482972312231557,-0.0001137074307804981,8.528057308553516e-05
-0.0012430939226519807,0.0008287292817677909,-0.000794198895027687
0.0009921728585602846,0.0008268107154669038,0.003279682504685255
0.0018678040757158037,0.0019235594212595071,0.001254495274734592
-0.0015242148855401747,0.004400092028068482,0.00537789025652809
-0.00036030842401103526,-0.001549326223247124,-0.0034949917129063457
-0.00044815859541812956,-0.00036907178446204193,0.0010808530830675798
0.00027830927117754073,0.0034440772308227834,0.0034788658897199516
-0.0011025011025009952,-0.002457002457002371,-0.007213507213507099
-0.0006809059633027441,0.0016485091743118532,-0.013331422018348721
-0.0025746294621112275,-0.0027485909122539156,-0.0020527451116833617
9.267268009382403e-05,0.00033979982701086366,-0.0005560360805634709
0.0008628353291848584,0.0013596193065942548,0.001882549809130438
-0.00048257372654157324,-0.0006434316353887644,-0.001152815013404844
-0.0005006007208649621,0.0011013215859032204,-0.0005673474836469065
-0.0022369870788955825,0.00176955694300701,-0.007145003505725974
0.00031451486082718596,0.000943544582481409,0.000445562719505056
2.7383006106385456e-05,-0.002245406500725631,0.0001642980366384684
0.0007062745430403706,0.0002542588354944628,0.0051699296550554675
0.0005034522439587285,0.0016542002301497283,0.001690161104718165
-0.00235478806907367,0.001890966176680568,0.0022120736406450858
-0.003025406539003663,-0.00632585003609871,-0.013167394368618229
9.427143889630994e-05,0.0016654620871695714,0.008578700939571885
-0.0004288509474924768,0.00029483502640117304,0.0004020477632743684
0.0023123324396782767,0.0003686327077748447,0.002647453083109988
0.0018610594150162939,0.0016666203716564061,0.002722146607038744
-0.00029554003224076746,0.0005910800644815349,-0.0004836109618484869
-0.0002852549141642385,-0.0005964420932524718,-0.0025413619625538567
-0.0011655834981632667,0.0008476970895733579,0.0024371291325233036
-0.0009888032572343516,-0.0010760506034608246,-0.0009888032572343516
0.001203436791581559,-0.00022389521703838146,-0.003610310374744677
0.00014994751836857668,0.007397410906182927,0.006222822012295719
0.0021907709427269723,0.003999026324025573,0.002399415794415265
-0.010021383206204278,0.0008617112948011319,0.016053362269811477
-0.001871782873186729,-0.0005229981557433392,-0.0006606292493600405
0.002342383021956429,0.004402551221990186,0.004346108257605748
-0.0010207987750414482,-0.0031899961720045934,-0.0031580962102845766
0.0015305360609228946,-0.0008959235478572835,-0.0013065551739585737
0.0014015416958653153,0.003370374078152604,0.004638435612507046
-0.0007817735090463188,-0.001479785570694744,-0.0015077060531606557
-0.00040273862263384957,-0.000536984830178517,-0.00891394818096387
-0.0006935572184705156,0.0006570542069721002,3.6503011498415426e-05
0.0007050694493407199,0.0007755763942747318,-0.002361982655291602
0.0011148272017836415,-0.0012131943078234786,-0.0029838022165388713
-0.000918844418020093,-0.00037834770153767633,0.0039186011944978665
0.007007687758722663,0.006564163217031424,-0.016085156712004726
0.0005040481365969447,-0.0010395992817313553,-0.0013231263585672933
0.00010371023360735425,0.001296377920091265,0.0006741165184474342
0.006783987103707623,0.009772971520687887,0.02031837721655028
0.0011850152905198863,0.0010703363914372046,0.00026758409785930114
-0.003070175438596384,-0.0019230769230769002,0.005836707152496688
-0.000603099933658973,-0.0005126349436102042,-0.001206199867317946
0.0006443543190691579,0.004775802600159159,0.004207254671568865
0.0016949152542372289,0.0031290743155149266,0.003911342894393705
0.002632568634825222,0.005202457064059249,0.0027892691488029435
0.0004730713245996923,0.0027656477438136495,0.00982532751091699
0.0006921181584120041,-8.305417900936496e-05,-0.00033221671603777457
-0.0008734714250063312,0.0013102071375094082,0.0013102071375094082
0.0001373550903796807,0.0001098840723037758,-2.747101807590491e-05
-0.0010397712503250381,0.0011511753128597506,0.00014853875004628325
-0.00042219329416319366,0.0035886430003869464,0.0024276114414382636
0.0003088220155782692,0.0019558727653295584,0.00048038980201072764
0.0014288472678123366,0.0029349295230739177,-0.001158524811739762
0.0021646254628310763,0.0013671318712616385,0.003275420108231208
-0.00028940767895051716,0.0003537204964948125,0.0013184127596628985
-0.0002790373212416606,-0.001639344262294979,-0.0020927799093127517
0.0014065861327155135,0.006233107176347264,0.012080092669204026
-0.0011739520751330426,-0.001415648090601564,0.0003107520198880429
0.00012630648268028817,-0.010357131579778247,-0.008967760270295794
0.0014394472522550976,0.0026869682042095036,0.0007677052012027673
-8.453085376154611e-05,-0.0022823330515638275,-0.0018878557340094649
-0.0018117993432228067,-0.0005284414751065804,0.0038500736043482497
0.00432472157838213,0.0016677030923173495,0.004748713889988148
-0.0008505602603454686,0.0034392219222660033,0.011316149550682305
0.0002866242038215764,0.0019426751592357123,0.001783439490445867
-3.808508207331723e-05,-0.0007236165593936768,-0.002323190006474516
-0.0050638405613630194,-0.005859586935291368,0.001193619560892625
-0.0003493308969742448,-0.001424195195356513,-0.0015854248401138684
0.0007695267410541767,0.0010718408178969558,0.0010168746221074164
-0.0005882963629443053,-0.0024916081254110363,-0.0025262137938194904
0.0005286809410519281,-0.0009398772285371692,0.0028783740123945172
0.00081270317579392,0.0022818204551136576,0.00015628907226810255
0.0005207610054158354,0.0027426746285236898,0.004270240244410364
0.001051845819760944,-0.0019679695982628967,0.0005428881650378941
0.006487743672919805,0.01444441044159509,0.01631116687578432
0.0004170257721926583,-0.002502154633156266,-0.0028079735327642998
-0.0004098360655738969,-0.0007611241217799992,-0.001668618266979069
-0.0010591744014270855,-0.0037628564261224908,-0.0030939041725895613
0.0017215791035916919,0.006173938854259546,-0.002166815078658241
0.00011205423424927477,0.0002521220270610275,-0.0019329355408019009
-3.588216297675161e-05,-0.0009329362373963577,-0.005777028239262311
0.01688465351283947,0.02721371238527725,0.03655143743404435
0.0015107296137338978,0.001785407725321826,0.003158798283261857
0.0006914797667007943,9.019301304784053e-05,0.0009620588058444867
0.001984710379300281,-0.000992355189650036,0.0006248162305204937
0.0005492924589991879,-0.0010985849179985245,-0.0012555256205697423
-0.00015451174289253888,-0.00046353522867739706,0.002433559950556225
0.0010727520967426828,0.0014303361289903053,0.0035758403224758557
0.0011913346082703558,0.002445371038028569,0.0036680565570428535
-3.5358178346619424e-05,-0.0010253871720529682,0.015734389364259912
0.0025542417632877577,0.002066352887154251,0.002008954195844302
0.0017022593624263524,0.0029093160012379996,0.0020427112349116934
-0.0012584495901050725,-0.004062994390910382,-0.005177621170717668
8.453799983084711e-05,0.00042268999915455593,-0.0014935046636797406
0.0004586254340561697,-0.0006551791915088405,-0.0006551791915088405
-0.0005072537283148262,-0.004565283554834013,-0.010618511379391926
0.0006569582831490449,0.002153363261432808,0.0012409212015036131
-0.00025689016110680456,0.0018716283166354394,0.004660721494366699
-0.0005462615227038859,-0.001536360532604946,-0.0008876749743939601
-0.0004067934506254603,-0.0008813858096884332,-0.0011864808976576248
-0.0022174374136324122,0.002121027091300473,0.002988719992287196
0.00179108296552166,0.0019190174630588047,0.0015352139704470074
-0.0010336778926308846,-0.0016338779593196141,-0.004768256085361621
-0.0032529444756029865,-0.003000560852495934,-0.0028603477285475
0.0012991008854397986,0.01572595808690309,0.01716180643396801
0.00029283529641449806,-0.0010737294201860613,-0.0010086549098718106
3.2462262619675066e-05,-0.0017529621814641144,-0.008927122220418762
0.0007434417814280438,0.0015576875420398545,0.0063723581265265495
-0.0011214230471771865,-0.002358855375096727,0.0016627996906417245
-0.0020872158032053754,-0.002124487513976866,-0.0007081625046589554
0.0003073455588566862,0.0011781579756171999,0.0010757094559984016
0.006997945557267613,0.001926040061633355,0.011042629686697477
-0.0015637965149676145,0.00558498755345631,0.026616454969043316
-0.0022959853056940065,-0.002000787194961997,0.00029519811073219575
0.0,-0.0005644190246838399,-0.003537025888019257
-0.00037482430110886945,-0.0031860065594252127,0.0007808839606434485
-0.0004612709789589308,0.0018450839158359249,-0.0006741652769399912
0.0007272727272728174,0.001454545454545447,0.001057851239669399
-0.0006805926391288176,-0.00023558975969837964,0.0005497094392964672
-0.0012941706054467126,-0.003010353364843555,-0.00500787756020699
0.0005169867060560796,0.002400295420974805,0.0012555391432790804
-0.0008328891257995735,-0.0014992004264393838,-0.0039645522388059625
0.0004528600945346155,-8.49112677253108e-05,0.000990631456794381
0.00048501309535368487,9.700261907081049e-05,-0.0012933682542761254
-0.0018522006655366102,-0.0012243360331513882,-0.003327682551641873
-0.0015344255803593637,-0.005197247933475283,-0.008488838291342886
0.0006781412471339798,0.0012594051732488982,0.0013239900539282726
0.0007626103061334914,0.0016886371064384674,0.00375857936594399
0.002495779196946366,0.0003303237172430149,0.0006606474344858211
-0.00048478626629028975,0.0019676619043545148,0.0021957966179028195
0.0013676326929337643,0.0018560729404102675,0.002116574405730958
0.0008525149190110528,0.0024263886156469573,0.002688700898419546
-0.00037657691583507357,-0.0001569070482646437,0.0071549614008660405
-0.0004380475594494468,-0.002941176470588228,-0.006070087609511882
0.000453323835119785,0.0010685490399250104,0.0024932810931581734
-6.066672733351125e-05,-0.0007886674553340944,0.0023963357296689527
0.00010823096487910728,0.001136425131230088,0.0002435196709779529
0.002503562762392548,0.0023880137118206853,0.0030427916650618975
0.0003853317063772543,0.0009633292659431359,-0.00016055487765721972
-0.0008480372042128361,-0.0014772260976611145,-0.002434687457256152
0.0005115612850418704,0.0011936429984310956,-0.00266011868221823
0.0005780346820808472,0.001839201261166549,0.0023384130320546147
-0.0014035791267732775,0.0004511504336057116,0.001152939996992279
0.00017156582408768564,-0.00042891456021970176,0.002630675969346789
-2.601727547088902e-05,0.000130086377354593,0.0010667082943073374
0.0011776950043821397,0.001561130587204188,0.0013968010517090023
0.0013789099354089393,0.0038101458741563662,0.005080194498875224
-0.0012332821749616002,-0.0007125630344222509,-0.0008495943871957966
-0.0008619628124615755,-0.0006649427410418387,7.388252678234876e-05
-0.0005587216448766495,-0.001191939509070101,-0.0013409319477037046
0.00244793285669877,0.0017485234690705184,0.0026033571650604563
-0.0022913162016357205,-0.0014502001276176114,-0.0037705203318056575
2.7756960057709235e-05,0.00222055680461879,-0.0004718683209813725
-0.0007172572084349448,-0.0029264094104146854,-0.0003155931717114148
-0.0012204776355719902,-0.004123235255310727,-0.00366143290671597
-0.0013034854066307157,-0.004165485973363476,-0.004675545480305972
-0.0007261953174925929,-0.00046476500319516696,0.0012781037587869567
0.0012887658010914127,0.0002193643916750777,-0.0006580931750253889
0.0002183565033845341,-0.0005094985078971773,0.001128175267486725
3.850300323421725e-05,0.0008470660711534361,0.0013091021099644808
0.007707479896828898,0.003823395539371843,-6.068881808538508e-05
-0.006561399765283357,-0.015523311639816476,-0.009655393150538793
-0.002575869726128807,-0.013086602516654377,-0.014182087342709164
0.0014490192613536845,-0.0006714967308711706,0.0018377805265949415
0.003036723163841856,0.006673728813559274,-0.0019420903954802662
0.0007599286327891407,0.0009251305094824975,0.0019163417696424505
0.0007847151142953303,-0.0008870692596385115,-0.002729443875810342
0.0009665838166251474,0.0016915216790942041,0.00041425020712511926
0.0010949704357980674,0.0025184320023359285,0.0032119132783414678
-0.0007921362474346569,-0.0015482663018039347,-0.0005040867029130566
-0.00035408973645603307,0.0002782133643583733,-0.00032879761242347985
-0.007428794850973044,-0.009203284309302543,-0.00195494601341404
0.0006013229104028521,-0.0014431749849669819,0.000631389055922969
-0.0004498136486312375,-0.0005140727412929733,-0.005429893329906174
0.0018327773908581064,0.004508632381511008,0.005058465598768357
0.0,-0.0004852307878935677,-0.003942500151634655
-0.002656483479993208,-0.004217167524489397,0.003951519176490114
-0.00018597236981932302,-0.0008767268862911374,0.0039319872476089755
6.423638991482836e-05,0.00044965472940416366,-0.002119800867191344
0.004185139209079649,0.004575279304841357,0.0045043447419756645
6.945650286521498e-05,0.00232679284598026,0.00423684667477002
-0.00022104332449157882,0.00028419856006055007,-0.0003789314134141864
-0.0019297854969196981,-0.003006012024048105,-0.0016700066800266781
0.001956742024529167,0.0005940109717321217,0.004018309514658015
0.001770009403175074,0.002931578074008525,0.002599701310913208
0.0005598919737839341,0.0010209794816059094,0.000955109837631395
0.0011380487636651517,0.0031727420077937683,0.005000517294892535
-0.001669643550516451,0.001980274908752003,0.003882891977945173
0.00013473094230824113,0.00199401794616154,0.002856295976934069
0.0013497602021769258,-0.001033858878262993,-0.01151603917176414
-0.00029012604364777087,0.001482866445311358,-6.447245414390835e-05
-0.001028130801085126,-0.001028130801085126,-0.0018277880908181819
-0.0003155127081506573,-0.001121822962313736,-0.001577563540753685
0.0006953663316266114,-0.010999431063910546,-0.010746570579682589
0.001288226727904213,0.0018203203763863395,0.003388596392965264
-0.0006652130529581654,-0.000886950737277624,-0.0027347647732730417
-0.0008813678829543785,0.0007932310946588572,0.013484928609201575
-0.00027474791878457765,-0.00035717229442001344,0.0005769706294474257
-0.0007292826162054188,-0.0003838329558974625,-0.00046059954707691135
0.0003643429681807279,0.003005829487490919,0.0031880009715812827
0.004005260640841628,0.008458871353419368,0.012792922046867446
0.0018702628211437911,0.0011484069954392584,-0.0041014535551399415
-0.00037492300688263085,-0.0006427251546557647,-0.0021424171821858313
0.00038140037504371657,0.0008899342084353989,-0.0009217175730223452
0.00038777452673866393,-0.0003525222970353676,-0.00031727006733187096
0.0003153662190218511,0.0007884155475546277,0.001839636277627365
0.00027831895352063983,0.005482883384358392,0.003005844698023891
-0.001987712323816449,-0.004047705095771611,-3.614022406935636e-05
-0.0002702885330091254,-0.0018582336644368245,-0.0009797959321576474
0.0019706661497704875,-0.0013568521031208111,0.007947276603992956
0.0005944821250034515,-0.0001891534034101472,-0.0009187451022778799
0.0012845215157353315,-0.0004188657116529393,-0.0013962190388428137
0.0008731400298323174,0.00014552333830545518,0.0015279950522065556
-0.0016098817468680816,-0.005063809858330293,-0.006585879873551107
0.0006977243452125132,-0.00206633748389862,-0.003032417346500632
-0.0011556558346862281,0.0004402498417851255,0.0005778279173430359
0.0032257082864185576,0.01132041021271407,0.008155564346794092
0.0008666262241095743,0.0010977265505387394,0.012363867463962713
0.0008682986947510007,0.002016693742647547,0.0025768864489384797
-0.0014720314033364861,-0.00021467124631990058,-0.0022080471050048163
0.0005402656835948613,-0.0003813640119494201,0.0004449246806075966
0.00017824676482125902,-0.00081993511817767,0.0023885066486043845
-0.0016463809019815437,-0.003233962486035062,-0.01696360322220257
0.0015462209623385338,0.0016934801016087308,0.0034974045576703187
-0.0010523783751276864,0.002074688796680491,-0.010223104215527024
0.00011570056693267273,-0.0011184388136835993,-0.003972386131358824
0.0004265847623922227,-0.0011944373346984497,-0.0030429713050649635
0.00035051847524464596,0.00020446911055934912,-0.0016941726303491775
0.0003453805353397961,-0.0005180708030098343,-0.0033304551622055575
-0.00038153376573828233,0.000254355843825642,0.0046419941498157076
-0.0007084940565220337,-0.002466608937521315,-0.0019155580046707114
0.002668202904702694,0.0063976228737758515,0.0023953185167218108
0.0004161789569515542,0.0002601118480947399,0.002575107296137363
0.0027374249541170107,0.002581889445360326,0.006563598469530459
-0.0026959991372802763,-0.002911679068262706,-0.0012221862755669687
0.0007904286278878572,-0.0006467143319081911,-0.00416771458340807
-0.0017880920677193352,0.001788092067719119,0.0011413353623738044
-0.000137117784176483,-0.0018648018648017278,-0.0033730974907444436
-0.00046845336423481285,0.001134150250252808,0.0009862176089154913
-0.0008778398117911443,-0.000596931072018034,3.511359247161384e-05
0.0,0.0002290659200815267,0.000992618987019708
-0.0014641288433380928,-0.01171303074670565,-0.002449088247038358
6.731966744097296e-05,-0.0016156720185800983,3.3659833720582146e-05
0.0004931862426995399,0.010019467878001334,0.01033095392602211
0.0007819627264434025,0.002932360224162574,0.003974977192753716
-0.0032930084231688746,0.002045131547020607,0.0016984990814239976
0.0005970473295700457,-0.0012212331741208355,-0.00176400347373001
0.00016521279407881104,0.0021808088818398926,0.003337298440391194
-0.00031097428242673726,-0.000155487141213457,0.00040426656715488216
3.193255843655289e-05,0.00035125814280226336,0.002171413973687412
0.0007037297677691366,0.0014426460239269,0.0030612244897959347
0.0024507104306641324,0.0033869368873222856,0.004102874765943254
-0.0014575216526052691,0.0005325559884519375,0.0005045267259018607
-0.0002892054081410747,0.001699081772829045,0.0014821777167231876
0.0017327685791297526,-0.003025468947686798,-0.016337532317509208
-0.0007466485660952672,-0.0005769557101644632,-0.0005769557101644632
4.945720715160774e-05,-0.00037092905363628496,-0.00039565765721201853
0.0006886021376606036,0.0007484805844136404,-5.9878446753036764e-05
0.0018014411529224063,0.002835601814785237,0.00306912196423811
-0.0013040027213969258,-0.0004252182787163433,-0.002437918131307443
0.00019353055017968808,0.0006358860934476588,0.002128836051976883
0.0003921664746684187,-0.00041667687933531685,0.0009559057820044274
-0.00018836445831761794,0.0010494591249125083,0.0017221893331897807
-0.001783729286766791,-0.0029987332936948228,-0.0028953286973606098
-0.0031311415342593443,-0.004696712301388922,-0.0026314912894306107
0.0006693216425152727,0.0023760918309292845,0.0025768883236838855
0.0006531454107940796,0.002509453420419451,0.0012375386730835809
-0.000707236313369886,0.0005786478927572792,0.01295528337673202
-0.0003697860171580152,-0.00872695000493039,-0.014717483482891161
7.142346975229861e-05,0.0024283979715734837,0.008535104635383341
-0.0015455950540958188,0.0016158493747364744,0.0016509765350568022
0.0015918919635986464,0.0023347748799448023,0.0011408559072456287
0.00016778054304969736,0.0014820614636055275,0.0023768910265371938
-0.0006900596901631599,-0.0008970775972121275,-0.001035089535244838
0.000795195919822371,0.00016452329375634723,-0.0011242425073350654
0.00046409865411385783,0.0017569449048596853,-0.003348140290393316
-0.0003168121655870705,-0.0022528865108419685,-0.0021824838073782197
0.0013289555972482564,-2.605795288719748e-05,-0.00031269543464666603
-0.00182747635393774,-0.000642086286518635,0.0006667819129231764
0.0007959766995912562,0.002677376171352108,0.001809037953616267
-0.003355704697986595,-0.007945691583738342,-0.010722826506209877
-0.00018696830887165333,0.00018696830887165333,0.0018073603190925307
0.0007327796775770468,0.0010041795581610068,-0.001194159474569825
0.001271663699451244,0.02060095193111201,0.027576935653816716
0.0003515889114266273,0.00029749830966873194,-0.0019202163624069764
-0.0003016094979571627,-0.0009048284938717998,-0.0007128951769899123
0.0025653470151841126,0.001802676280940299,0.006032032170838276
-0.0003387992952975428,0.000813118308713756,0.00030491936576763445
0.000447903252897285,-0.013269133867084735,-0.005122893455013831
7.043989715768608e-05,0.00031697953720978756,-0.007783608635931319
-0.0015439392507168577,-0.0012603585720136663,-0.0024261902511263883
-0.0009311241955360126,0.0013145282760509878,0.001204984253046687
0.00039563669247721234,-0.0003391171649805136,-0.004606341490985122
-0.008876240810380473,-0.014093573195107989,-0.013382118779008668
0.0009869360829027668,0.0002597200218165409,0.0007012440589046014
0.0007696501298784886,0.0008658563961133908,-0.00339928807362987
-0.0002701972439881448,-0.0002947606298052235,0.0013018594483062875
-0.002035991067910169,-0.0012807040588466649,0.0008866412715093874
-0.001163763319635051,-0.0003273084336474227,-0.0026548350729171115
0.0012359550561797156,-0.0034082397003746255,-0.0007116104868913773
-0.0001642305797339527,0.0004379482126239257,0.00804729840696337
-0.0011717917761522054,0.0004261061004190205,-3.55088417015514e-05
0.0,0.001652510162937502,-0.004098225204085035
0.00013236267372603936,-0.000873593646591619,-0.005559232296492449
0.0002645152757571224,0.0005620949609840495,-0.0006282237799232831
-0.0002858405010003295,0.000675623002364657,0.0005716810020009544
-0.001813948451375395,-0.004061078622482131,-0.0022742040285900797
0.0016070488487434098,-0.0043501149871160395,-0.007259427558116994
0.0007701687953276718,0.0,-0.003048584814838549
-0.0019402405898331792,0.0008466504391997468,0.002963276537199615
-0.001870280189145221,-0.0009880725527559205,0.000988072552756121
-0.0004228855721393431,-0.00039800995024881844,-0.0009701492537313093
0.001467103035774692,0.0020031599142308417,-0.001156754316668618
0.0005202191856836864,-0.0005895817437745686,-0.0016993826732328234
-3.478865889716787e-05,-0.0005218298834579136,0.0009045051313271557
-0.012025376384812053,-0.01180443771107537,-0.011046933686835212
-0.0006209602303198715,0.0007338620903779132,0.002370939061220963
-0.0006953901428447515,-0.0024918146785269713,-0.001130008982122639
-0.0007533080047164227,0.0010480807022140483,0.002456439145814228
-2.595178158978254e-05,-0.0002595178158979729,-0.0014013962058494372
0.0004173488715528442,0.0011878390959581514,-0.0012520466146585328
5.1763853301192663e-05,-0.0008282216528198182,-0.005616378083184553
0.0001283367556468829,0.0024063141683778235,0.000994609856262841
0.0004415584415584829,-0.010311688311688383,-0.010857142857142874
-0.0006124039639239152,0.0006680770515533045,-0.0022547600489923234
0.0008848687444695107,-0.0017041916560154092,-0.015829318651066706
-0.00023184821670080863,0.0015842961474553427,0.001043316975153529
0.00018356803818213405,0.00041958408727355576,0.0006818241418193976
-0.0011181513231455983,-0.0015529879488135174,0.001459808671884791
0.0007476757037904499,0.00013003055718100405,-0.0026006111436187875
-0.002045217908671766,-0.002565818830879063,0.0017849174475679061
8.123256884452821e-05,0.00024369770653373857,0.0006227830278086653
-0.0018117433912542892,0.0015921381317082106,-0.0010431249828433266
-0.0012868593278918402,0.0010662548716816075,-0.0003309066843151402
0.0014418504770376734,0.0028223456146269873,-0.003681320366905069
0.0013862541952429426,-0.006894790602655721,-0.0052531737924996266
0.001131156099541862,0.002175300191426417,0.0019432681710076453
-0.0018998733417771923,-0.00043330444637022683,0.0013999066728885273
-0.0009772987462653862,-0.003965040627705068,-0.008097618183341182
0.0017827181208053375,0.0009088366890379996,-0.0009088366890379996
0.0012008920912678445,-0.0029736375593298462,-0.0006576313833133705
0.0016490978464721946,0.0018431093578218755,0.005432322317790878
0.0010469011725293528,0.0012562814070352234,0.0025125628140702486
0.0,-0.001047990748771395,0.003396935530500136
-0.0010813441107297291,0.0004325376442917687,-0.0011083777134979454
0.0006345177664973553,0.0022621937762083238,0.004745089384241808
-0.0012516881320201439,-0.0014163839388647518,-0.002470437102671366
0.002285015447991695,0.0013195159629247172,-0.0005149330587024491
0.0014404033129277426,0.0018005041411595247,0.0009362621534029201
0.0003842142817936944,0.0012624183544650627,0.0018112958998848044
-0.0013629439589513106,-0.00235174643897484,-0.00451642213848579
-0.004795255221149721,-0.008801817149347026,-0.009905987759480228
-0.0007684074755069369,-0.0029089711572765505,0.005516067949175309
-0.0013013983109510466,0.0001938252803545619,0.0010245050533019648
-0.0001040257983979081,0.0012483095807760798,-0.0003120773951939214
0.00026960536514671274,-0.00030330603579021946,0.0002359046945033976
0.0016567175953927354,0.0024193336313672285,0.0033134351907854707
-0.00016300981319079114,-9.780588791454881e-05,-0.0006520392527631645
-0.00145815106445024,-0.003985612909497483,-0.0056057807588866795
0.0002933568018773683,5.3337600341312125e-05,-0.0010667520068273037
0.0002784136608303899,0.00034028336323706503,0.0006496318752707925
0.0009428571428570974,0.00014285714285717534,0.001228571428571448
-0.0021086107366311093,0.0,0.002039475958380777
-0.0002914696547703057,0.0009067944815079655,0.0005505537923441153
0.0014325279342946825,0.0019418711998217732,0.001241524209722046
-0.00025510204081630167,-0.008637026239067072,-0.007543731778425632
-0.001219776645343133,-0.0011655643499945971,-0.0006505475441830453
0.0010160090067825591,-0.0006041134634923999,-0.001620122470274959
0.0005011135857461215,-0.0010300668151447788,0.0016146993318485081
0.0018996024905900042,0.0003517782389982156,-0.0003517782389980156
0.00019970899546373336,-0.006447747567829708,-0.005135374169067962
0.00015422578655137115,-0.0017735965453425215,-0.0032001850709440192
-0.000988088049623859,0.003266179941812587,0.00065872536641601
-7.053429730219945e-05,0.0005995415270675927,0.0007053429730205912
-0.002419270011570414,-0.00094667087409271,-0.0003856807264820897
-0.0011133573584131595,-0.0005859775570595313,0.0005273798013536281
-0.002334370831480589,-0.003501556247220962,-0.002584481991996304
0.0007921837866385302,-0.00013203063110644672,-0.0009770266701874955
-0.0023929908525992813,0.00019298313327419575,0.001621058319502937
0.000380372765310051,-0.00010373802690263396,-0.0015214910612400075
0.0010755878644018264,0.002707514279356198,0.004673243824642055
-0.0003850462055447131,0.000490058807056799,0.0006650798095771413
0.0011000721922375923,0.0058097562652549,0.007459864553611386
0.00032179173638828275,-0.0004505084309434495,-0.005180846955850218
0.00014465499783024904,0.0009402574858961049,0.0021698249674527077
0.0006020963901585356,0.0008210405320342959,0.00038315224828261955
-0.0012993983220812393,-0.0018361063246800295,-0.0014406372701335863
6.800176804590734e-05,0.0021760565774709677,0.0011220291727584376
0.0005714648549114445,0.0006667089973965951,0.001365166042288421
0.0002958288137264682,0.0010107484468987896,0.0009614436446109515
3.622269714199625e-05,-3.622269714199625e-05,-0.0013402397942550968
0.0005935158394540582,-0.0005935158394538473,0.0011499369389420665
0.0015140045420134784,0.0026314840849283056,0.0056234454417649045
0.0012590824436690747,-0.0068462607874511805,-0.012748209742150443
-0.0006821947178636895,-9.745638826616222e-05,-0.007406685508234976
-0.0003171308308828162,-0.0010378827192527636,-0.001527994003344374
-0.0005145797598627983,-0.0010291595197255965,-0.0010577472841623915
0.0,0.0011026118117290096,0.0024464199572737217
-0.001324961115271558,-0.003139581773143706,-0.007085661616452502
0.000319659030367519,0.00039069437044934695,0.000248623690285893
-0.003363228699551623,-0.001486077797476257,-0.001225362394410333
0.0014332686957254613,-0.0008993058482983256,0.0004496529241492427
0.0007957559681696029,0.0038129973474800303,0.0038129973474800303
0.0012467100706469512,-0.00041557002354898376,0.0014544950824214432
0.0013935593323034215,0.0007270744342452335,-0.001757096549425866
-0.00014321005334581814,-0.0023987683935412837,-0.006158032293867127
-0.003395878899505027,-0.0031080925520894464,-0.018389547599861986
-0.0004505773021684737,-0.013320191495353472,-0.015516755843424521
0.00010995958985078612,-0.004370893696566443,-0.004425873491491758
-0.0004529370134466384,0.0013588110403397542,0.006539278131634826
0.0005836008170411659,0.003923094381220956,0.005965697240864945
-0.000499067531717049,-0.00044653410732567857,-0.00047280081952143845
-0.00036219770422376977,8.358408559002762e-05,0.00016716817118021362
-0.0005406574394462849,0.000612745098039273,0.0020905420991925608
-0.0005710478728466953,0.00203039243678831,0.0031090384188319476
0.0006457612233300615,0.0005941003254637036,0.0018597923231906475
0.0015703703703702895,0.0027555555555555757,0.005422222222222175
0.002597676132972967,0.001018008214273249,0.00540597465510591
0.0039039262343843377,0.004238548483045967,0.001041046995835922
-0.002547138604035854,-0.004763479986768103,-0.011280185246444013
0.00023085802231628426,-0.003578299345902078,0.0023470565602155204
0.0007062671920303239,0.0027878968106460488,-0.0005204074046538784
-0.004838243789716837,-0.00964038128249552,-0.004838243789716837
-0.00031812237107218486,-0.003570039942031203,-0.0032165706408399312
0.001751858916961843,0.00015572079261891409,-0.001090045548331956
-0.0010765010244122729,-0.0020835503698302693,-0.0016321144563670772
0.000746929290693764,0.0013002102467632246,0.002351444063295247
-0.0010702291766616985,-0.00206664944458797,-0.00335830534745553
0.00035237323372904573,0.002043764755629106,-0.0013742556115438993
0.00020412329046742245,-5.832094013350191e-05,-5.832094013350191e-05
-0.00021875256350656008,0.0012578272401630702,0.001558612014984532
0.0006032861350649741,0.0036552042301003325,0.007274921040490984
-0.0001555403471659134,0.0006532694580975437,0.0009332420829963647
-0.0016263100831225036,-0.0006453611440962362,-0.0014197945170117492
0.0007120166502354883,0.0012323365100229723,0.0006846313944572242
0.0013948082138704253,0.003099573808601141,0.002789616427741071
0.001243935812911983,0.0006841646971015376,0.001306132603557706
0.001877682403433484,0.002950643776824019,0.005264216738197402
-0.0015599246526959406,0.0002943254061691274,0.00765246056039564
5.458515283853345e-05,-0.002483624454148385,-0.0028657205240173434
-0.0015049737547260765,-0.00036706676944544555,0.0021289872627830416
-0.0013597513597514114,-0.007284382284382285,0.0013273763273764084
0.001023255813953439,0.003410852713178365,0.004217054263565933
-0.0018849483384530174,0.0025830773526948096,0.001466070929907704
-0.0011749534317236515,-0.012064765725748616,-0.013239719157472431
0.00037544584193726396,0.0008581619244280973,0.0008849794845666039
3.7107128279308714e-05,-0.00456417677835919,0.00619689042265025
0.0023327360627472113,0.006220629500659166,0.001724196220291392
0.0016636506917284256,0.003239740820734381,0.00513688634638956
-0.007772392233343954,-0.008259959273811901,-0.023001692144434677
-0.0006022992117736878,-0.002618692225102784,-0.0020163930133290956
0.0010890642016627304,0.0023640661938533914,-0.00015937524902383263
-0.00043585645793986835,-0.006065669039662995,-0.004140636350428543
0.00062386569872966,0.0013044464609801396,0.004537205081669756
0.001859219871341985,-0.0008924255382441866,0.0008180567433903634
-0.0008576574516138579,-0.000829068869893423,-0.002086966465593694
0.00044170758957574224,0.0012731571699535144,0.002026658352170792
-0.0008058713483953741,-0.00034537343502663565,0.0065908763850914395
0.0005365992235094091,0.0008522458255736302,0.0022095262144502656
-0.0014347202295551867,-0.004414523783246841,-0.0012507817385865247
-0.00047643355453477347,0.0007146503318018701,-0.00020418580908627623
0.0013090718680454812,0.0038290352140333025,0.003730854823929789
-0.001176633444075218,0.0009689922480621178,0.0028723698781839735
7.415372066307759e-05,0.001297690111601434,0.002076304178562168
-0.00041558153709751554,0.0003047597938715954,0.0010528065606471863
0.0006881838827334272,0.002339825201293809,0.0032688734429839263
-0.004207868714496067,-0.013570376604249963,-0.013184655305421105
-0.0005702584307525526,-5.184167552305309e-05,0.0012182793747893166
0.000713938943941514,0.002627295313704655,0.0014564354456406627
-0.0004180835052120444,-0.0016165895534867721,-0.0015887173198059904
0.0002673707429565888,0.0011029043146955012,0.0014371177433909524
-2.770236578201259e-05,-0.0018837608731785882,-0.006925591445509446
0.0018889705110713883,0.0021513275264980407,0.0015741420925594655
-7.383161469734629e-05,0.0008121477616716485,0.0017965692909704383
-0.0011183727676230845,-0.0025512878761402794,-0.003390067451857444
-0.0006051919095397284,0.002484472049689535,-0.0011785316133142364
-0.0010994447803858427,-0.0032708482216480617,-0.0029959870265515226
0.0017963399573369943,-0.000374237491111732,-0.003892069907563204
-0.0003322075189635251,-0.0014672498754222621,-0.010990532085709614
0.0007979062938848462,0.0018830588535683386,0.001659645091280422
-0.0029862902131125133,-0.0039025383466812615,-0.01255599294149582
0.0020764954116149928,0.001373166320584182,0.003885055931408752
-0.0002554744525547196,0.0007299270072992286,0.0019343065693429662
0.0020628008251204082,0.0018718007487203345,0.0005348002139202506
0.0022404356087461037,0.0076288250475029,0.008593063157596134
0.0007383343177790484,0.000443000590667471,0.000886001181334942
0.00013709522634424988,-0.0007951523127963687,-0.0028241616626908305
-0.0003222774271518854,-0.0006445548543037708,-0.0019605210151739444
0.0012909968339840038,0.0001229520794271062,0.00046107029785151727
-0.001236128669756982,0.003371260008428118,0.006967270684084895
0.0002815603563018676,-0.00030715675232928367,-0.0005887171086311513
-0.0030663476766518457,-0.0028978670350775244,0.003942447012838279
-0.0021722032882662977,3.745178083214451e-05,-0.006366802741470314
0.009406819944459853,0.0076305321357984825,0.007105151234645198
0.001848618671048453,-0.009722364862551887,-0.014925884084762635
0.0005799202609642082,-0.0014135556360999869,-0.013809351214208055
2.7086324114929724e-05,0.0007584170752188022,-0.009128091226739632
0.0,0.00017469690087701818,-0.0003493938017538377
0.0008859443010668361,0.0008474249836291762,0.0006548283964406574
6.368818265783096e-05,0.0005095054612617426,0.0028659682195969626
0.0026797543056726074,-0.0015958087438276212,-0.00557027580392636
-0.001875971485233394,-0.002465562523449534,-0.005306319343945869
-0.0010217596972563173,-0.0006811731315042831,-0.00196783349101223
0.0010274676347693489,-0.0013699568463594563,-0.002397424481129
-2.864262595592159e-05,0.0006874230229427695,0.00031506888551546315
0.0018332690081049568,0.004341952913932735,0.006078734079505938
-0.0005861092116831325,-0.00022793136009896512,0.002376998469603599
7.16948666476866e-05,-0.0005377114998565289,0.0013980498996273418
7.095721280061665e-05,-0.0008869651600085148,-0.006918328248066375
-0.0015114873035065647,0.0018137847642080494,-0.0024183796856105896
0.00225805313481278,0.0009878982464805162,0.0008820520057862612
0.0010277214334009344,-0.0029479377958079108,-0.006869506423259014
-0.0005759104870556701,-0.004634708205353219,-0.005183194383501498
-0.0035102287310334675,-0.0034347399411188383,-0.005623914848645011
-0.0004512948691244722,3.471498993262135e-05,0.0002082899395959254
-0.0005538120731033195,0.0004430496584825717,0.0015506738046887909
-0.0025992092546494225,-0.003953726753551182,-0.008859276614438482
0.001155954818680305,0.001750445868287303,0.00221282779575935
-0.0003423094477408787,-0.00673208580556838,-0.001445306557127626
0.0031988960672394836,0.0031048108887913473,0.00470425892241109
-0.0013846928499496405,-0.004531722054380657,-0.0035876132930513166
0.0009655357382324173,0.0016092262303874637,0.0011532787984442805
-0.0004920690054417504,-5.789047122854768e-05,0.0026919069121222844
-0.0015612272603854858,-0.0037333695357044732,-0.0048194406733639665
-0.00029089498690964476,-0.001745369921458236,0.0020039432431559023
0.00010033780393983984,0.0006020268236396094,0.005217565804876425
-0.00013373990263738128,0.0051891082223292076,0.002032846520087709
-0.0013664552748678853,-0.0012263060159070204,-0.002312462772853176
-0.0001690474178006995,0.0036908686219818054,0.005353168230355217
0.0003323547332853391,-0.00019387359441642158,-0.0007201019221181823
0.00035087719298249965,0.002200956937799036,0.002934609250398775
0.0004431150991470727,0.0013847346848343857,0.0031848897751191817
0.0,0.0015245562452358195,0.0024683291589531627
0.001581347455133888,0.005148573109738075,0.012135922330097129
0.0012527988058427615,0.00013327646870656392,0.0014926964495148797
0.00025941683096390445,0.0009598422745667857,0.0014267925703018432
-0.0006751234765305678,0.0009593859929644381,0.0007106562910847764
-0.0029785064534306855,0.00016100034883409525,-0.004534843158826838
-0.0004993840929519501,-6.658454572687622e-05,-0.00046609182008851204
0.0006446796959826198,-0.0008482627578718783,-0.000678610206297657
0.0011517118626321792,0.0015443409067112735,-0.001204062401842834
-0.0010904828112646254,0.0008723862490117313,-0.002044655271121289
0.0015647411657322278,-0.0016625374885903994,-0.007562915634372126
-0.0010677466863034627,-0.0005891016200295471,0.0008836524300440068
0.0002709292874559476,0.0013546464372799578,-0.0006192669427566087
-5.596753882758823e-05,-0.0014551560095145896,-0.0008674968518259473
-0.0011465100927630341,0.0006253691415071634,0.004308098530382549
0.0005837224816545374,0.001111852346008545,0.0005559261730041934
0.0007111970869367319,0.0007111970869367319,-0.00031292671825203916
3.765769158347168e-05,-0.0016569384296742523,0.003539823008849549
0.00019329274185755056,-0.0005798782255726516,-0.0016429883057892712
0.0004820272689711691,0.002203553229582655,-0.002478997383280438
-0.00033485880120539863,0.0018231201398965999,0.004725229750344305
0.0008397390349460335,0.001291906207609254,-0.002842193656740506
0.001545860529027884,0.00652696667811757,0.00709950761479451
-0.002221308103661051,-0.0012340600575894384,0.0007678595913890843
-0.0005523793741541377,0.0004695224680310877,0.0030933244952633596
0.0005777878262617585,0.0003265757278870436,0.0047479086592809965
-0.00041967018860461904,-0.002542707613310884,-0.007800928211711189
0.0007231076273392531,-0.0006363347120586217,-0.0003760159662163985
0.0001474665250988361,-0.010971509467350992,-0.016339290980947385
-0.0012467856307958,0.01714330242343948,-0.0005844307644355727
0.0008271805398118372,-0.002205814772831798,-0.0017156337122024516
-0.0024057738572573193,-0.0016038492381714828,0.0016372627639668843
-2.9205607476608952e-05,8.761682242999288e-05,-0.005052570093457831
0.0003405994550409142,0.00226034183799857,-0.0011146891255881745
-0.0012281018602132267,0.0032147372223225077,0.0031063752934800677
0.00014152679102141165,0.005406323417022752,0.018200345325370113
-0.00038149737720554616,-0.0006040375139087513,-0.0007947862025115244
-0.00014186912573138364,0.003511260861854971,0.003830466394750786
0.0029892674493984875,-0.0011164733847151274,0.0031693438017719347
-0.0027754748945679336,-0.0023068882240564696,0.0021987528385539186
0.000492553746305893,0.0023468737323984537,-0.005765776206756705
-0.0015231049582506112,-0.0013327168384693043,0.0019582778034649834
-0.0015377942510153967,-0.003115019123851664,0.002286976065612492
-0.004201325250246588,-0.0071901875088113765,-0.02797123924996464
-0.0006302331862788618,-0.001650610725968472,-0.001350499684883373
-0.0003804253847482511,-0.0008646031471554557,-0.00044959363652082127
-0.0008700380641653401,-0.0013775602682617198,-0.004277687148812785
-0.0012198645308336665,0.0018618984944303043,0.002728644345285939
0.0007870179515048398,0.001386650676460685,-0.0054716486152231
0.0017739569474294061,0.0031385392146829594,0.006891140449629795
0.00021499019107248954,0.0007793394426378319,0.0027679987100587802
0.0009010730961417253,0.0015563989842448547,0.001665619965595273
0.0008873417289511994,-0.0014675267055732119,0.0004436708644755997
-0.001270094712777029,0.00039917262401572613,0.0024676125848242074
-0.0021523074001392885,-0.004178008482623261,-0.006203709565107234
0.0007090875163276646,0.003732039559619332,0.006754991602911
0.0003957546321281297,0.002842237812556289,0.005180787911494865
-0.0002465483234714876,0.0,-0.0005752794214333672
2.4596010527070135e-05,0.0007378803158128031,0.0010822244631920647
0.002252389358982018,0.00343945942655383,0.002648079381506071
0.0007298148574940375,0.0036106629791810623,0.015479757240531727
0.001300030426244094,0.0015766326445939482,-0.0001383011091747698
-0.0009759498082954783,-0.004252352736144896,-0.003938654583478548
0.0,-0.0007123830762560187,-0.003685808090193885
0.0002673399673252097,0.0035051240160404186,0.0032674884895292525
0.0032420881995357752,-0.00011052573407519271,0.0016578860111262153
0.00028360748723780816,0.0013471355643788836,-0.011025241066364
-0.0018443617537615051,-0.002006147872512553,0.0019090762012618507
0.0012130861670267756,0.0015542666515029689,0.0017817203078205027
6.146848203578022e-05,-0.0016596490149676383,-0.0011371669176629823
0.00015521523178808536,-0.000750206953642437,-0.00043977649006626633
-0.0011802277145236567,0.0014232157733963656,0.0007289641766177325
0.0005433158566732461,-0.0002444921355030611,-0.0007063106136752353
0.0015532774153465135,-7.766387076724842e-05,0.00027182354768559016
-0.001598476345950993,0.00289086147672014,-0.0001360405400808204
-0.0027841730470632873,-0.0024629223108636714,-0.0028644857311131153
0.00014104372355417354,-0.00035260930888583475,-0.0029619181946404505
-0.0037056643726840737,-0.0009473126967764392,2.786213814045556e-05
-0.0003104538270490338,-0.002455407541205703,-0.0034996613230977905
-0.0005894488653110264,0.001473622163277252,0.004162982611258457
0.0013264451270594646,0.0021991063948617546,0.0037698966769058365
0.0008907268967710281,0.0019723238428503405,0.005153491331318608
0.00017129153819801953,-0.0004853260248942534,0.0002854858969967533
0.0024655346042989877,0.003576761468208399,-0.0019793728513388545
0.0006907794755602222,-0.0002763117902241517,2.7631179022383754e-05
-0.002252335413358774,-0.0011815530037292516,-0.005796994424546739
-0.0010388190267905835,-0.0005194095133952917,-0.0007381082558776343
0.001697682011100169,0.001632386549134835,0.007019262161279716
-0.0012005252297880066,0.002063402738698223,7.503282686168377e-05
-0.0027190660914331293,-0.0033353877388244903,-0.005111844251894168
-0.0002648004539438245,0.013013050879515783,0.013769623605068984
0.0026259594851964223,0.0008657009291855327,0.007156461014601377
0.0023485335644587886,0.0004752984594737022,-0.0012022255151396728
0.0014734291608001983,0.0023574866572802803,0.003143315543040436
-0.0003325573661455467,-0.0007981376787496145,0.0008979048885934109
0.006684250460671398,0.006720381544242562,0.00845467355566005
-0.0044792438189961625,0.002504144182273609,0.006983388001269772
-0.0013870159892121505,-0.00150260065497972,-0.0002311693315353584
0.00039760443328935207,-0.00303173380383198,-0.0033547874058796317
0.002200623509994582,0.0036153100521338073,0.005134788189987259
-0.002072109407376752,-0.0019967599743813042,-0.0011679162114305176
0.0009165377785415398,0.0032651658360542657,0.0027782551412041797
0.00031499039279291236,0.000283491353513639,-0.0013859577282894588
-0.0005472854640979906,3.6485697606505054e-05,0.0011675423234091989
-0.001406222534716039,-0.002742133942696336,-0.010546669010370891
-0.00029576252957628965,-0.00016132501613250771,-0.0007259625725963612
-0.0004244154641562375,-0.001311829616482876,0.0030094914731073875
-0.0011003011350474736,-5.79105860552428e-05,-0.0006370164466065186
-0.0006156481704541379,-0.002409058058299144,-0.002542894617093575
0.001884905370056967,0.0013078935220804425,0.004000615479304587
-0.00013712154453710885,0.0009050021939448248,0.0010969723562967149
-0.00011181930001129209,0.0019009281001900588,0.003280032800327986
0.000501388460351945,-0.0006556618327675065,0.002468373958654903
-0.0011184252572378818,-0.001342110308685422,-0.000511280117594507
0.00010744216030360544,0.0013251199770788183,0.003151636702241943
0.00015979971768702008,0.003622126934242301,0.003941726369616644
-0.0001933188988555961,-0.0006959480358800141,-0.00023198267862667134
0.00038671255655679934,0.0010827951583589064,0.0036737692872889343
0.001200930721308989,0.005929595436463413,0.006004653606545158
-0.002673889641282212,-0.0031947772337396806,-0.001944647011841519
-0.0013238738585830694,-0.0007128551546216081,-0.0007468006381749905
-0.0002102238884411978,0.0007708209242842592,0.001506604533828352
0.0030179654357543554,0.001281211741593795,-0.0018791105543376847
0.0006889226971323854,-0.0014352556190257485,-0.0013778453942647707
0.00017319016279879242,-0.0011776931070314341,-0.015067544163491396
2.7452918245184497e-05,2.7452918245184497e-05,0.0014550046669961829
-0.0018073844564936447,-0.003743867802736867,-0.003795507358636786
-0.0009135610070667486,-0.0010210387726039053,-0.0014778192761372795
-0.0005684478031164847,-0.00163846719721798,0.0007022002273790528
-3.472101663133539e-05,-0.0011110725322037193,0.0007291413492588327
0.0002407962328767975,-0.0002943065068493516,0.00163206335616442
0.0008225848907607265,0.002171624111608213,-0.01520136878125824
0.0019455863432391017,0.0014434995449837747,0.001286597420528974
-0.0034606790560794557,-0.006648863698294178,-0.005150144422039466
0.00017095770506361173,-0.002803706363045953,0.001470236263548227
-0.0011320449583569604,-0.0016980674375353642,-0.00040430177084169503
-0.0006640106241700119,-0.0013833554670208057,-0.0014386896857015877
0.0035087719298245194,0.004469067405355419,0.008679593721145051
-0.0003310618809832663,0.0010207741330315549,0.0039175655916350565
-0.0011878499915152416,-0.0012161321341705041,-0.0020363142711691
0.001000500250125219,0.0009379689844922817,-0.0043771885942970774
-0.004767238160879837,0.0006892392521754376,0.0028718302173975476
-0.0022463496817672133,-0.000680712024777879,-0.0017358156631836592
-0.0009424286941818195,-0.003963744213765022,-0.006846467278321286
0.0004651780967571877,0.00013290802764493777,0.0007974481658692488
0.00036850509765386485,0.0016889816975801848,0.002610244441714847
0.00031041440322832157,-0.00038801800403532845,-0.0018366185524341134
0.01458797327394212,0.01859688195991109,0.012546399406087587
0.0034692356213086657,0.013561557428751703,0.009834279488502802
-0.0025267973508525826,0.0,0.0002659786685106947
-0.003186540054808489,-0.004779810082212734,-0.009846408769358151
-0.0030968049310662053,-0.00690825715391714,-0.002769258255665089
-0.0018142235123367197,-0.0027576197387519873,-0.002793904208998689
0.003956807928407637,0.0037349308483100026,0.0075438207233191465
0.0,0.0004934616333581587,-0.0032075006168269297
0.001277472926283999,0.00264204627936001,0.002990447986528388
0.0014523062623446033,0.0032531660276519246,0.003979319158824227
-0.001965730760410257,-0.0029158339612752452,-0.003931461520820514
-0.001407688142934439,-0.003392889370149784,-0.0050532394874572605
-0.00028420192546798847,-0.002309140644427987,0.020249387189598168
0.0001332356272065939,-0.0009659582972487524,-0.0017320631536874246
-0.005598672907162707,-0.0125599857811482,-0.010042064103323617
-0.00025564822803816856,-0.00038347234205734365,6.391205700949673e-05
0.0030587345774477997,0.002543217513832877,0.005292641853111879
-0.000507190166477761,-0.0010442150486306544,-0.0007757026075541229
0.0019717292898998482,-0.00810908384015096,-0.009775333944291654
-0.0019187831426179577,-0.003035166061959268,-0.0022327658386826206
0.00010132738879324264,0.0004306414023711012,-0.0006839598743539918
-0.0006626696118648771,-0.0005680025244555064,-0.0009466708740926303
0.00032560916047106025,0.0006783524176480164,0.0013838389320019288
0.0010038200931322355,-0.0010595878760839737,-0.003178763628251921
-0.0015781167806417562,-0.004934746123594024,-0.002880689361488884
-0.001008893206785673,0.0014572901875793526,0.005007099618862473
-0.00014052838673415225,-0.001292861157954009,-0.0005059021922428522
-0.0002103196859224111,0.0033651149747617654,0.007080762759394415
-0.0012268648345483944,-0.004907459338193976,-0.016475042063937146
-0.0006915828602713088,0.0009221104803620726,0.004034233351583535
0.0011013526870181196,0.002315664623986877,0.00601508005986839
0.00045861041045638907,0.002149736299013988,0.00042994725980273236
-0.0008529605987233168,-0.0009630200308167036,0.008006823684789855
-0.0006397062913723596,0.002809145018634897,0.0055904767202536315
-0.0003027467385918336,0.00011008972312440267,-0.00041283646171623624
0.0013156789743301806,0.0018755423676621757,-0.0003919043753325398
-0.0003450258769407836,-0.0008050603795285496,0.00028752156411721074
0.0008918286202668392,-0.0011891048270223819,-0.00297276206755606
-7.072635971420119e-05,-0.0029351439281419625,0.001414527194285431
-0.0005196784922393891,-0.0007968403547670502,-0.016248614190687353
-0.0013330222947978048,0.002732695704335632,0.0031326023927750117
7.182618064298314e-05,-0.0013646974322140256,3.5913090321389494e-05
-0.0004954524542590733,0.0008139576034257642,0.0014863573627774212
-0.00027745023236451445,-0.00221960185891651,-0.002393008254144405
0.0008558115946622137,-0.0003169672572823948,-0.000665631240292993
-0.00027996391576206746,0.00043549942451857513,0.0011820698665505193
-0.0017416985347015878,-0.0021203286509409044,-0.0003029040929917115
-0.0006996993884108579,-0.001503057945475236,-0.0031097750596039927
-0.0010105290608599352,-0.0029337940476577805,-0.0029989894709390066
6.759725555136314e-05,-0.005644370838544009,-0.004833203771926883
0.00045019696117052917,3.751641343084189e-05,-0.0034515100356406524
-0.00032910374081263695,0.0,-7.313416462514591e-05
0.0006972752628191132,0.0016895515983694365,0.0006436387041407667
-0.001883239171374772,0.0051116491794457285,0.005246166263115423
0.0005211952744960988,-0.0003822098679639112,-3.474635163304692e-05
-0.00024995139833914237,0.0014163912572555085,0.001971838809120392
0.0016681726558699457,-0.00010426079099197038,0.0002085215819837432
0.000458592884167098,-0.0014522107998624046,0.000229296442083549
-0.00020009719006372576,-0.00031443844152861906,-0.001429265643312466
0.0014651144373168787,0.0066128138116734615,0.0039993664370001555
0.00031851360318514813,0.000690112806901104,0.00018579960185797793
-0.002410030939586416,-0.00534114964989411,-0.00534114964989411
0.0028336639274582436,0.003010767922924422,0.00492349107395858
0.0012327274812224266,-0.0030674846625766677,-0.00444355254859243
-0.0002544621760150976,0.0026900287178741834,-0.013959067941400907
0.001168451801363238,0.0003505355404088607,-0.00042843232716655754
0.0003731343283582552,0.0005766621438263769,0.0010176390773406084
-0.00027594580424395235,-0.00013797290212205462,0.002980214685835815
0.0005463883728553945,0.0013932903507813104,8.19582559282393e-05
0.0014901514535750396,-0.01070199680294776,-0.012273429244899546
-0.0013693597408237033,-0.001870345011856659,-0.00287231555392276
0.0003559400925444116,0.0003559400925444116,0.002518960654929658
-7.615566217341333e-05,-0.001446957581296152,-0.0004950118041276196
-0.002343167536478947,-0.0022721624596160157,0.0017396243831434269
-0.0021723146848473835,-0.0008689258739390674,-0.00010026067776228045
0.0042774566473988964,0.0031984585741810564,0.004971098265896033
-0.0017306321897586987,-0.004207811598629099,-0.004886490888730523
-0.00041836964567307775,0.0017056608631286735,0.0013194734978919582
-0.0002824539600045835,0.0,-0.008812563552141014
-0.0046092052413249296,-0.0012510699940738639,-0.0007572265753605656
-0.0015838065438251825,-0.0023950245296867328,-0.004287866496697237
-0.0003052164261929989,-0.0010821309655937468,-0.0027192008879022237
-0.0007387602898753942,0.0009146555969886404,-3.517906142260925e-05
0.0010278812797121714,0.001188487729667238,0.0016381857895412788
-0.002996116145737016,-0.0019604216756058056,-0.004623636027371925
-5.370425069154602e-05,0.0008324158857173605,0.001611127520743175
0.00041811846689889133,0.0014216027874564207,0.0006411149825784479
-6.52379554424171e-05,0.00022833284404864528,0.008644029096128238
-0.0021330083034966185,-0.0004951626418831243,-0.0012188618877123226
-0.0002966478789676766,-0.001087708889548101,-0.0006674577276772021
0.0017172295363480903,0.0015741270749857223,0.00014310246136236797
-0.0020545723245503126,-0.008074108784197849,-3.604512850085032e-05
0.00460006657991097,0.0023302968858759246,0.009684350694549492
0.005842187899368396,0.0048563186913498525,0.006280351991820829
-0.001157407407407478,0.002173667570008982,0.001750225835591702
0.00037032922267904585,0.0023701070251455143,0.002962633781431735
-0.00092700679804979,0.0004463366064684318,0.0004806701915813581
0.0008327994875079786,0.0008648302370276703,0.003042921204356146
-0.0008308948376143137,0.0001806293125248776,0.00028900690003968093
-0.00013234953512232558,0.0001323495351221375,0.0029447771564701927
0.000486807516307978,0.0010709765358776623,0.003277837276474186
-0.00034960589880502684,-0.0020022883295194365,-0.0015255530129670777
0.0002699784017280547,0.0010799136069115612,0.004358222770749971
-0.0001612903225806513,-0.00045698924731187073,0.0020698924731182306
0.0005746811887690316,0.0013682885446883038,0.003010234798314175
0.00016119066168767234,-0.0007253579775946019,-0.004459608306692166
5.3604931653663386e-05,0.0007772715089787285,-0.0011257035647279975
-0.0005920025832840732,-0.00045745654162858814,-0.000511274958290721
0.000741982467229214,0.001099233284783957,-0.0004671741460330294
0.002242071384659909,0.0010487108089538948,0.000940223483889805
-0.0020030368623395077,-0.0037476173553450984,-0.012728976189706968
-0.001952611618039059,-0.0030415680973301874,-0.00657128909917014
0.0004878709852283692,0.0,-0.00016262366174278975
0.0009928514694202393,0.0018154998297970136,0.0031771247021445724
0.00025057946501279234,-6.264486625315358e-05,0.0006264486625320699
-0.000148033011361399,-3.700825284034975e-05,-0.0033307427556344225
-0.00016059527314579982,0.0005888493348678313,-0.004362838253794051
0.00038685788499263966,-0.002044820249247034,-0.001354002597474396
0.001972010178117063,0.002385496183206107,-0.0022900763358777686
-0.0029665851670742462,-0.00016299918500411204,-0.0042053789731052015
0.0,0.00019481784531467513,0.002298850574712768
-0.000131154421215569,-0.0007606956430501808,-0.0023607795818797947
0.002248534183412138,0.00039847441225036493,0.000569249160357618
0.00048300428666311966,0.001026384109159065,0.0015697639316548386
0.0013669650122050965,0.004458909682668852,0.005630593978844648
0.0009243746028077682,0.0004910740077416833,0.0006932809521058671
0.0002759001241551186,0.0012691405711133573,-0.002952131328459079
-0.0016849199663015416,-0.001198885360637692,-0.0022681614930982717
0.0009713453132588294,-0.0013449396645123235,0.0002241566107520539
0.00015577537191370635,-0.001739491653036363,-0.0015837162811226566
0.0004766683391871493,0.00027596588058192875,0.0014550928248870647
0.00042726743056909557,0.003612351912992841,7.768498737633969e-05
-0.001904949584524061,-0.001412290209216037,-0.002726048543370581
-0.00014928158238463753,-7.464079119231876e-05,0.0026497480873298616
0.0029520295202950997,0.0041158103888730875,0.0032358785126312415
0.0,-0.0015125472671020893,-0.002200068752148458
0.00010842850946932454,-0.0009758565852247427,-0.0011204279311840474
-0.001839150925322879,-0.004291352159086572,-0.0028736733208168893
0.0007002100630188374,-0.0035343936514287693,-0.0030675869427495444
0.0022346752844912754,0.012789218551242721,0.009420015814625121
-0.0013656538067599387,0.007616146230007706,0.005777766105523139
-2.6372698981989833e-05,-0.0012131441531725816,-2.6372698981989833e-05
0.00037447573397231086,0.0014230077890952494,0.001348112642300617
0.0015241741103076947,-0.0005671345526727102,0.0006380263717567235
0.0007767995857070223,0.007435081748908959,0.015535991714137921
0.004622391407789942,0.006661681734756235,0.00554007205492487
0.0022695414191309217,0.014685268006141035,0.01071357052266197
-0.0028927223339332204,-0.002151903199633166,-0.0004586023212334719
0.00012255277428849067,-0.0006434020650141841,0.00015319096786056978
0.000851365732529298,0.002092940759134558,0.0007804185881519237
-0.0005305039787798107,0.0009283819628647818,0.003129973474801079
-3.0293850348523925e-05,0.0012117540139351022,-0.0020296879733414596
0.007462132462132428,-0.0011880011880011625,-0.004863379863379871
0.0006621968380101236,0.0015175344204398403,0.001821041304527683
0.0020502122149485403,-0.00039565498884956766,-0.001186964966549112
-0.0006653744901206879,-0.0017646888651025939,-0.0037318830098071005
0.00047425096245052705,-0.00022317692350606508,-0.0024549461585671914
0.0003595006209554768,-0.005294463690437298,-0.007516831165435686
-0.0015276245438343955,-0.0013578884834083516,-0.00016973606042604395
0.0013190436933223915,0.002885408079142653,0.005276174773289409
-0.005923627516660226,-0.0074045343958253325,-0.009026480025386982
-0.0006039505471081991,0.0002842120221684812,-0.0031263322438538988
-0.0010458199882345028,-3.2681874632299184e-05,0.0038891430812471326
0.0004141974128592221,-0.0004460587523099036,-0.0007965334862677627
-0.00019187018611406184,-0.0007400707178685465,-0.00041115039881582454
-0.00012979006457062352,0.000811187903565982,0.00661929329309848
0.0014471780028943789,-0.00013462120957163687,-0.0017500757244303228
0.0004321054337258967,0.0,-0.002700658960786432
0.001382778126964202,0.0019107479572595624,0.003645505971087338
0.0007401141890462378,0.0013744977796573848,-0.0066610277014167414
0.0003524945770064952,-0.0009219088937094138,8.134490238604315e-05
-0.0038063774777362907,-0.003555012927319768,-0.003052283826486723
-0.0006832934745474027,0.0014287045376897831,0.0014597633319873603
-0.0005494649258221814,-0.003584604516078402,-0.0054946492582224095
0.003112905939761102,0.007543889169330859,0.003056817544450143
0.002018655158011917,-0.0018098287623554985,-0.0004872615898649115
-0.002950601224658164,-0.005742567974872307,-0.0055204797106507475
0.00032067727039514736,-0.0017637249871727636,-0.003912262698819813
0.000393223449225037,-0.0005898351738375555,-0.01431988727594457
-0.003412731578214299,-0.0044226215350328685,-0.00038306170775878823
-0.0015641958756304958,0.0005746025665581524,-0.00022345655366147346
0.0023582555551864334,0.0014946690138505619,-0.0002325040688211817
0.0009398835990311641,0.00028919495354800303,-0.00083143549145074
-0.0002883402414848949,-0.0007568931338979259,-0.002486934582807705
-0.00035168402542944805,0.0018125253618288002,0.0008656837549034222
0.0001364582267254135,-0.0008869784737147031,0.0028997373179136315
0.001130302709194282,0.00017660979831165047,-0.0015541662251421628
0.0003717333928107607,0.0026393070889559364,0.00018586669640538036
-0.0010733000820758098,-0.00028410884525530334,0.0
0.0002841716396704255,-0.022932651321398108,-0.025007104290991632
0.0013174145738986177,0.0004391381912994872,-0.002826952106491092
-0.004390873869995617,-0.008092983211364596,0.0022671832400631958
0.0007412898443291913,0.0003545299255487596,-0.0016759596480484154
-0.0017089472884702591,-0.006380069876955822,-0.013519671882120624
-0.0005949483476661,0.0006490345610904027,-0.0003245172805450476
0.0018332956628745528,0.005198523318013996,0.006755568949496466
0.00014677283234880735,0.002935456646974687,0.0026786041903644306
0.0019918618216998793,-0.0007113792220356827,-0.002219503172751414
0.0013659728962219903,-0.0014019195513856944,-0.0026241058269528676
-0.0014961782403642204,-0.0012034477150756368,-0.0017238575378109376
-0.002526759080540342,-0.0012633795402702708,-0.006878399719248919
0.0003794922393837909,0.0012902736139047165,-0.003605176274145151
0.001436127359977471,0.0025920347472766438,0.0059897019160039915
-0.0015472424700866067,-0.0021661394581212884,-0.0041259799202310165
0.0013444278914283804,0.0002906871116603355,-0.0006903818901929353
-0.0015696944328170387,-0.0010115808567044107,-0.0017092228268452947
-0.0022584015909934132,-0.002123571645262397,-0.0011460545387131553
0.00028600028600022905,-0.0012512512512513323,-0.0021807521807522294
-0.001103474367866898,0.0008827794942933751,-0.0015763919540954662
0.00025124726319942993,0.0019023007070814856,0.0026919349628512974
0.0004364588637521079,0.0005819451516695461,0.0013821197352149395
0.0006675162327811982,0.004460222100855718,0.005886279507251647
0.00035722136733346737,0.0016212354363595706,-0.0011540998021543633
-0.0009279568078285363,-0.00047803835554810167,-0.0011247961307012464
0.00048256078925499804,0.0005093697219913614,0.0005093697219913614
-0.00023215322112595194,0.0010059972915457184,-0.0005803830528147699
-0.0004403831333260103,7.339718888759884e-05,-0.0020918198832984448
0.0010962207788649569,0.0012058428567513436,-8.221655841478998e-05
-0.0007646391396576446,0.0005673129100684755,0.0009866311479452845
0.0,-0.0006655062967133995,-0.001177434217262157
0.006275847057969822,0.006457229920916972,0.011318290647899396
-0.000763886362809779,0.0011276417736713915,0.0015277727256191446
-0.00073934116487303,-0.0006571921465538735,-0.003285960732769212
-0.0006307263311645124,-0.00428229982738023,-0.0067388129066526005
0.0017525210446175013,0.0006320567701899827,2.8729853190424068e-05
-0.0004705734722047223,-0.0005019450370183467,-0.0007215459907140739
0.00047763638224552677,-0.002217597488997421,-0.006755143120330313
0.0011614401858304738,0.004129565105174957,0.0031294360562654127
0.0003913540851345519,0.00439520741766506,0.008128123306640943
0.0011207770721033674,0.0009339808934193465,-0.0005337033676682196
-0.0003607633753022214,0.000541145062953127,0.0009740611133157106
-0.010005520287054849,-0.012179133314932283,-0.01169610819762623
0.0012260680939358145,0.0014146939545413106,0.008456726083812751
-0.002988971725014617,-0.004328855601745254,-0.005565671487958239
-0.001056668753913628,-0.0019567939887288666,-0.0012523481527865591
-0.002234828949630455,-0.0014489550332767872,-0.0011788108745303622
-0.00016197479672166694,-0.003660630405908826,-0.0017817227639379681
-0.0019642077695329408,-0.004053127143480736,-0.004863752572176848
-0.004104283484594531,-0.005347129891901331,-0.008353083993294534
-0.0022032093416074834,-0.0007344031138691611,0.0017992876289795803
-0.0018550810670426299,-0.0020405891737467242,0.0017808778243609922
0.0008312321631430399,0.00041561608157151994,0.0002216619101714668
-0.0014830794121612435,0.0024268572199001295,-0.0017864365646488795
-0.0015895821233148344,-0.0017729954452357904,-0.015895821233148866
-0.00308588467806263,0.0007628029541277016,-0.0018723345237683174
0.00013547932585490535,0.003224407955346008,0.0018425188316263123
-0.0014271628003529279,-0.0022834604805646256,-0.0022834604805646256
0.0026079295154185344,0.00031718061673999997,0.0026079295154185344
0.00013732868246865164,0.00013732868246865164,0.0021148617100168604
0.0007390722883087083,0.0015133384951080695,0.0026395438868163585
-0.0004276184503106713,-0.0025372028051769955,-0.0019100290780545046
-0.0025994877480024084,-0.004587331320004545,-0.004434420276004313
-0.0014873164954417068,-0.006114523370148926,-0.006472581044977459
0.0,-0.0070012477471231875,-0.005961458477748408
0.0017250031363693747,0.0027600050181911064,0.0031990967256305316
-0.001182690969806706,0.00034785028523711526,0.00073048559899812
0.0017819488580678412,0.003920287487749081,0.006118024412699363
-0.0029306538783587647,0.0006089670396588573,0.0033112582781457127
-0.0013869156349368278,0.000710371422772409,0.0011162979500709833
0.0016284434794409629,-0.002524087393133415,-0.004233953046546349
-0.0004848484848485032,-0.0006195286195286685,-0.0013198653198653444
0.00024228998650096284,-0.0037728012183726135,-0.0070956353189575
-0.00041169205434336674,0.0,-0.000548922739124554
-0.000884343278990931,0.00030759766225792423,-0.00015379883112874354
0.00020882821269164147,0.0007570022710068665,-0.001122451643216868
0.0016594144110922216,0.0011800280256655843,0.005162622612286958
0.0013136116438536112,0.0017339673698868324,-0.0009195281506975875
0.0024730869944719893,0.0016875181844631484,0.00101832993890027
-0.00041303933405349003,-0.0016203850797483347,-0.0017792463620766418
0.0003684911703846352,-8.503642393500257e-05,-0.0018141103772783898
-0.005103514684641411,-0.006002246830364322,0.0004814636494943902
0.0011439412962807069,0.0027342987081832573,0.0043804581345386374
0.004853233539936756,-0.005379487779207203,0.0007016723190268748
3.332333633259272e-05,0.001466226798627071,0.0012662867806326513
-0.00019552890568989856,-0.00013035260379332746,-0.001205761585087677
-0.0019177618591009274,0.0011562975915167947,0.0024818094647188096
0.001741621955672925,0.00022472541363516976,0.0015168965420375954
-0.00017677839060937112,0.0010253146655353573,0.003323433743459192
-0.0004005149477899767,-0.001544843370047262,-0.0008868545272493271
0.0025913163335630537,0.0039145416953825386,0.004989662301860792
-0.0005717552887365508,-0.0010291595197257047,-0.0006479893272346709
-0.0002207644758420373,-0.000819982338841904,0.0007253689920525363
0.0005421033610409617,-3.614022406935636e-05,-0.0006505240332490308
5.6193981624516896e-05,-0.0014329465314266183,0.0007024247703071001
-0.0007997258082942212,-0.0027799992383562263,-0.0010663010777256284
0.0005192107995845808,0.008196113336300388,0.01101468624833121
0.00042179531423734343,0.00034510525710332063,-0.0007669005713410999
-0.00029628033506600804,0.002047027769547744,0.0032321491098123885
-0.0023312287518213607,-0.00430629755544776,-0.005245264691597877
0.0025368191107040636,0.0012684095553520318,0.0014093439503912132
-0.0005480524564493496,-0.0001174398120963051,-0.001918183597572835
0.0007361705111127967,0.00010516721587334207,-0.0012970623291032903
-0.0009892325837993795,7.609481413856354e-05,-0.005821253281588756
-0.00035770709750500653,-0.0022654782841984313,-0.004292485170060078
0.00017442874585735696,0.0021280306994593185,-0.00038374324088594734
-0.0006732918585548464,0.0019660122269802003,0.0030702108750100625
-0.000665708047078873,-0.0005059381157799374,0.0003727965063641326
0.0005931612002789919,0.0036636427076062613,0.007362177250523226
-0.00042750876392959574,0.000570011685239515,0.00114002337047903
0.0017125179538172702,0.001160092807424481,-5.524251463937314e-05
0.0005144738647275939,-0.0004115790917821531,-0.0003086843188365173
0.0011520413610947907,0.0007867599539184287,0.004608165444378843
-0.0021787234042552725,-0.003710638297872255,-0.0008851063829786925
-5.5450815126931935e-05,0.00013862703781748742,0.00011090163025402147
0.0005384006334125603,0.00031670625494860724,0.0001266825019794789
0.0015566625155666253,0.003051058530510642,-0.00024906600249061046
0.0019035705544828776,0.0017404073640986222,0.0024474478557636775
-0.0001975671022550681,-0.000508029691513101,-0.002737715559820573
-0.003414953135217604,0.00737484560052325,0.0021797573203517504
-0.008018163007242108,-0.010547189332107021,-0.004454535004023321
0.0008607926178425093,-0.0012395413696932604,-0.00251351444410019
0.0,-0.0011754766190353494,-0.0013591448407596683
-0.0025628330954946426,-0.0030288027492210165,0.0016308937880420604
0.0035600578871201683,0.005586107091172234,0.010130246020260492
-0.00020822488287346196,-0.00023425299323262622,-0.00023425299323262622
8.217827206479131e-05,-0.002191420588396459,-0.00224620610310632
-0.0005838847800699777,-0.0010120669521214128,-0.0008563643441026487
0.0023649418737179194,0.001681103259630818,0.0008263049920219412
-0.002145557334059856,0.0024861219902599127,0.0021796137996798227
0.003777697057755044,0.002143116600072557,0.006901561932437258
0.00016921619060496318,0.0007107080005414225,0.00213212400162446
-9.116878380851383e-05,0.0038290889199537803,-0.0008812982434814942
-0.0005381358972520417,-0.0024036736743919635,-0.002439549400875392
0.0015873015873015166,0.003485162180814323,0.002587991718426501
0.001621037463976904,0.0031700288184437872,0.002017291066282429
-0.0017341229591335036,-0.007361842751038838,-0.007394562052154536
0.0004158148237984842,0.0021137253543089284,-0.0021483765896252393
-0.0005230490271287303,-0.0011507078596833256,-0.002615245135644048
-0.007158791995471573,-0.007025605167648776,-0.00512769287117492
0.0007347281505842122,0.0009796375341124819,0.005073122944510492
0.0030528758090120896,0.0037855660031750186,0.00943338624984728
-8.282716731080263e-05,-0.0021811154058530196,-0.004362230811706196
0.0,0.0006131378724115004,0.0006131378724115004
0.001583147555814058,0.0030693677102516517,0.0022616393654485757
0.0009705073596808477,0.00013479268884458771,0.0006739634442227854
0.00050594485201115,0.00025297242600565487,-0.005790257750794059
-0.0018710532470570598,0.01017385203087221,-0.0004287830357839465
-0.00015582149090006037,-0.005734230865120839,-0.006824981301421085
-0.0011331288174003488,0.000939667799795572,-0.000304010170521949
9.943982233428207e-05,0.000662932148894523,0.001292717690344348
-0.00028573655090010557,0.0007792815024546185,5.195210016360186e-05
-0.0016885823094056568,-0.0018682187252999276,-0.0028382553711287046
0.00019330519668804495,0.0011276136473469594,0.0020297045652243806
0.0008767464223089606,-0.0010747214208948342,-0.0021211606991345666
0.0024471567097976645,0.006974396622923656,0.006179070692239398
-0.0004732127767451181,-0.0008450228156160216,-0.0003380091262464855
-0.003649218839092179,-0.011251758087201047,-0.012886304025544481
0.001561454383225525,-0.0005018960517510786,-0.000724960963640394
0.0013331054520594303,0.0002734575286275306,-0.0010938301145103167
0.000677334688002735,0.0029633392600118855,0.0051646769960207745
-0.00020534583661317046,0.0010609534891680148,0.0003422430610220156
-0.0006291868685000034,0.001961582590029348,0.0016284836596469068
-0.0019077064763345201,-0.00480215768180765,-0.0015130085846790764
0.0004586660910857326,0.00466760198575442,0.0005665875242824207
-0.0008604842179371802,0.0013298392459029351,0.003246372276763064
-0.0013447013046462876,-0.0005436026550698035,0.0022316319523919366
-0.0013493759136399925,-0.0025113385059410617,-0.00217399452753117
-0.0007603920243324936,0.0,-0.003604821448687543
0.0,-0.00034832172260928953,-0.0004749841671945348
0.0009394459952759898,-0.0011273351943311572,0.00021473051320588385
-0.0005190491020451715,-0.010450188587840347,-0.02249212775528565
0.0011010444192777863,-0.00022020888385552152,-0.0033975084937711846
0.008459451741861607,0.020916619074814236,0.02552113078240997
-0.0004437344692936756,0.004052774819547996,0.01958348124482311
-0.0001670285618840885,-0.000779466622125799,-0.000668114247536354
-0.004183979686057215,-0.0029432132963988396,-0.0029720683287166134
-0.0007877116975186315,-2.8132560625642563e-05,0.003319642153828861
0.00029768348127303973,0.0013801688677202613,0.00381576098722674
-0.0008314436885866488,-0.0004913076341647598,-7.558578987165024e-05
-7.681671531732872e-05,0.0007169560096276251,0.0008705894402621369
0.0003304965710980874,-0.004021041615026521,-0.0037180864248532483
0.000847527134538104,0.0022418459687781754,0.0012029417393443905
-0.0006284425714391923,0.00044360652101587577,-0.0008502458319471302
-0.0001963382908751389,-0.0013743680361262512,-0.0013252834634073618
0.00010776442696271476,-0.0011045853763673285,-0.0017511719381433108
-0.0007783681342854857,-3.384209279498766e-05,0.0008122102270804734
-0.000219617316825388,0.0029922859417465942,0.001235347407143178
-0.0060466254237881165,6.990318408997173e-05,0.0025165146272411675
0.0006908245933556092,-0.0005966212397161268,-0.002292281605225025
-7.571742257886655e-05,0.004618762777315164,0.005338078291815041
-0.0007388396329133524,-0.004277492611603759,0.003305335199875431
0.0007393614108110571,-0.003422969494495865,-0.0003286050714716155
-0.00125156445556934,-0.0005363847666725452,0.0005363847666727485
0.0022915101427498637,0.0032682193839218806,0.0007137490608564904
-0.0012264466495707374,0.0015051845244732425,0.0008640874121975758
-0.0009263389028031654,-0.00037739733077165276,0.0003430884825195248
-0.0016693561849647285,-0.0016693561849647285,-0.0006120972678204531
-0.0007768910233774534,-7.06264566706046e-05,0.0005650116533652382
0.001738974005336974,0.004977063532515891,0.001858903247084234
-0.00028474704970410034,-0.002626000569494049,0.0
0.0004333256297665162,-0.0004622140050844263,-0.004073260919805942
-0.000906882591093029,-0.0008421052631578653,-0.0026234817813765255
0.00018804651017018922,0.00025072868022685957,0.002037170526843746
-0.0012528580825006336,0.0032261095624394076,0.0021298587402512194
0.00023254912600287691,0.002480524010697207,0.0016278438820201385
0.0010067677163152684,-0.00536942782034778,-0.0005033838581576342
-0.0009641056066448787,-3.708098487092445e-05,0.0005932957579352127
0.002133436772691959,0.0016347112933613403,0.004322287487531869
-0.0010975488076630222,0.0017294708484384268,0.004489972394984421
0.00042731999145361637,-0.001744889965102233,-0.004771739904565113
0.00010020374762025973,0.0027055011857443547,0.004275359898460301
0.000578209752471102,0.0023954404030948114,0.0034141909193535313
0.0010877693928886844,0.0014956829152219652,0.009212047046026173
0.0031422256544084543,0.004873112667430141,0.005645354565547372
-0.0027761542957334562,-0.0028857393337228363,-0.000876680303915872
-3.645510553749738e-05,0.0009478327439757607,-0.000546826583062875
-5.595031611923519e-05,0.0007553292676104701,0.00039165221283512337
0.00018224895206835984,0.002041188263167495,0.001202843083652211
-0.0007326965851104873,-0.0009682062017532502,-0.0015962318461336042
-0.0005381745120552314,-0.0012198622273250279,-0.004987083811710832
-0.0005248241838983642,-2.6241209194895837e-05,-0.0001574472551695242
0.0004535275943194766,0.0004535275943194766,0.01357748235494193
9.958175662228493e-05,-9.958175662209626e-05,-0.0014937263493327644
-0.0007857874957292837,0.00010249402118219871,0.0018790570550051636
-0.00016352338384389588,-0.0004905701515316875,-0.0008721247138340596
0.0009946153582330846,-0.0009260211955961924,-0.002092121960421215
3.575387035643357e-05,-0.011620007865851479,-0.015731702956844996
-0.00028709965548051494,0.0009250988898812161,0.0018182978180425965
-0.0012410447340215425,0.0010154002369266,0.002059006035990188
-0.00018836445831761794,0.0005650933749528538,0.00034981970830416946
-0.002351232668303333,-0.001486808893191822,-0.006500466788838545
0.00515444236569801,0.00041999160016783165,0.004467183383604898
-0.0016356439530243057,-0.006902417481762614,-0.007393110667669832
0.0027675276752767604,0.005056717233839067,0.004305043050430473
0.00011088933244611781,-0.0006376136615658078,0.000776225327123455
-0.0010176007236271127,-0.0004899559039686257,-0.004786492292616673
0.0013069454817026358,-0.0021160069703759234,-0.0030495394573065043
-0.0013666115226929276,-0.0015104653671869953,0.00028770768898793095
-0.0004095283598389344,-0.00607467067094387,-0.005084977134666607
-0.00041003772347049714,-0.001804165983270374,-0.001968181072658604
-0.0004090108230556112,-0.00012584948401700107,-0.0018562798892523755
-0.0013865700783836812,-0.0013016780327682717,-0.0004527575766149811
0.00015345896507277444,-0.0013811306856546211,-0.0004296851022036289
0.0007634461961292843,0.0004962400274840456,0.001832270870710239
5.485764441285494e-05,-0.001097152888254916,-0.005101760930385531
-0.0010119958532852056,-0.001234141284494249,-0.001801846275361508
-9.56968324349407e-05,0.0017225429838271192,0.0023605218667262402
-0.00027449903925342504,0.0005764479824320053,0.0020038429865494407
-0.0014495087775809857,-0.002147420411231039,-0.0029795458205830612
0.0008892721442238836,0.002074968336522242,0.0023444447438626874
0.00015231132434704312,0.000723478790648076,-0.01081410402863465
-0.00013040785055266996,-0.0019235157956510019,-0.0009780588791445616
0.0002044153720359572,-0.0008176614881438288,0.0010512790561850649
-0.00017553714365943873,-0.003405420586996105,-0.003967139446706907
-0.00014678899082576317,0.0009174311926605505,0.002165137614678807
0.0014436958614051716,0.0024627752929853495,0.0033403159146238094
-0.0027642854322157276,0.0007503060458871292,0.0014611222998854975
0.0016453443470669524,-0.01490883449179006,-0.01877035693898786
-5.373599505623958e-05,-0.0023643837824766797,-0.0016926838442730741
-0.002400333959507402,-0.0013219230501634854,-0.008627287274751136
0.0026382580817526733,0.0036067325674592043,0.0009684744857067208
0.0004776005349127077,-0.0003184003566082908,-0.0003502403922692828
0.000587112872449862,-0.0007338910905621606,-0.00017613386173492523
0.010137016820764295,0.01189150050128116,0.0008354684192937824
-0.0010574112085589096,-0.000870809230577936,0.0020215214281270673
0.0028709170684143473,0.0017062997670765274,-0.001597963273928909
-0.0003169153571900292,-0.0001584576785950146,0.0015581671728510018
-0.01025227508351573,-0.013045732058518689,-0.013938486349498997
-3.896964264834147e-05,0.000584544639725565,-0.0032344803398153326
-0.0008380416858154747,0.0007299072747424557,-0.00027033602768247066
0.0003426319846957843,-0.00219855523513131,-0.0030551351968706084
-7.246114271215467e-05,-0.0006521502844100099,-0.001956450853229824
0.0010927736837680697,0.0034744599176217018,-0.0012889125500854031
-0.000944779280012913,0.0008144648965629582,0.0008144648965629582
-0.0005042116502551189,-0.0032922054810772734,-0.0015422944596038635
-5.574602112769131e-05,0.00016723806338323237,-0.0027873010563871006
0.002356139555958232,-6.041383476827867e-05,-0.0067361425766501075
-0.001224168585502227,-0.002273455944504278,-0.004255443178174763
-0.0011589583861504225,-0.003730397305421859,-0.0016297852305240253
0.001312083973374194,0.0009280593958012148,0.0023041474654376935
0.007530855588871156,-0.002161634474583378,-0.006031657485531058
-0.00401701323251417,-0.0012152308938698812,-0.0030043208209559356
0.0,-0.00113201851479168,-0.0005785872408934428
0.001299012067138592,0.0037261135610023996,-0.0006495060335691989
6.861298843864904e-05,-0.0008233558612645686,-0.0008233558612645686
-0.0009309320061586442,0.005979447885710047,0.0007519066203586936
-0.000533516253191735,0.00022864982279639597,0.0015243321519758288
-0.00021625128399195567,-0.0008109423149700259,-0.0007839109044710506
0.001243312485871389,-0.0004521136312259986,0.004219727224775844
-0.00020579156254591557,0.003821843304424552,0.0005879758929885213
0.008203064541092727,0.008086983439096019,0.007390496827116642
0.0005786144113561844,-0.0011186545286222052,-0.0031630921154142616
0.0012720672644349383,-0.0010548850485556606,-0.0032887592690267206
0.00022269589285144016,0.0010180383673209469,0.0018133808417904534
0.00020815986677769316,0.001457119067443852,-0.00027754648903685847
-0.0004792715073088438,-0.00020540207456096085,0.001266646126459226
-0.0019962335216571476,-0.0008662900188324603,-0.0030508474576271274
-0.0016429558268921912,-0.00802807960867771,-0.010567193159329316
-0.001472014987788959,-0.0023083871399417807,-0.00324512395035304
0.0,0.0007739938080496173,-0.0004699248120301192
0.0014863490573418755,0.00332472815458028,0.008174919815379815
-0.0016220600162205917,0.007631055076310526,0.005935265059352701
-0.0001378435751109954,-0.0010751798858656388,-0.0038320513880849205
-0.0010329392861241128,-0.001377252381498962,0.001224224339110116
0.0006234413965085549,0.0003463563313936197,-0.02233998337489625
-0.0017011908335836676,0.00957336802428368,0.011074418759798503
-0.0005647723261561066,-0.0019767031415460724,0.0002117896223085149
0.0008384103739310586,0.003046224358616153,0.0052819853557654305
-0.0026982887168928767,-0.0030888305048640363,0.005645104026130707
0.0004968789789137761,0.0006832085960064199,0.001987515915654751
0.0004376750700279448,0.000992063492063419,-0.0016631652661065885
-0.00041281089820772836,-0.00013760363273597462,-0.0006880181636794821
0.00012799180852431994,0.0010879303724562648,0.0012159221809804027
0.0009357779087098003,-0.004574914220358345,-0.002980625931445454
0.0017424521663371034,0.0034849043326743976,0.004222095633816945
-0.0007308083375699611,0.0036540416878494443,0.004194204372140293
0.0017616546504421117,0.0021857566959188855,0.0012396829021630912
0.0001772107035265333,-0.0014176856282118635,0.0024100655679603292
0.001081003170942676,0.0014413375612569693,0.004179878927644945
0.00034059053158321006,-0.006418821556760692,-0.012077864235374292
0.0014426371406933102,0.0034262632091464837,0.004616438850218306
-0.0004242127590145063,0.0009463207701093832,0.0016315875346712351
0.0006667879008305367,0.0010304903921924441,0.0020912893253318718
-0.001757963574994726,0.0034807678784895893,0.008297588073974954
0.0006916777335104028,-5.53342186807819e-05,2.766710934039095e-05
0.00032792261026405226,0.0014756517461878625,0.0010493523528447063
0.0004016601954747198,0.00024099611728486232,0.0006694336591243808
0.0009672792768754227,0.0017344318068109195,0.002968546746272594
-0.0008450704225352433,0.0009154929577464469,0.0018309859154928938
-0.0017261219792863974,-0.00791139240506325,-7.19217491368736e-05
-0.0006161277602523659,-0.00036967665615136354,-0.00029574132492114687
-0.00032932050203092624,0.007354824545354717,-0.0020125141790772122
0.003282674772036426,-0.002705167173252238,-0.0060790273556231
0.0012090115593299368,0.006221986317527759,-0.006811748053786277
0.00035947350956751315,0.0019632783984073563,0.00016591085056963354
5.5418548588319584e-05,0.0024107068635872554,0.003103438720939911
-0.0010254109654884904,-0.0007370141314449265,0.0012817637068607496
-8.576819715241785e-05,-0.0017153639430498198,-0.0001715363943048357
-0.0005706337601197196,0.0038517778808090197,0.005777666821213326
-0.0004742633109901899,-0.0017073479195648276,-0.0015176425951687156
-0.0016931563711835834,-0.0018023922660987083,-0.0012835217652521363
-0.0002006085124878875,-0.0010364773145207205,0.0016048680999031
-0.003563840723733879,-0.0029127544376669383,0.0007196216846000258
-0.00046836719988469324,-0.00781812941346021,0.002125666522553592
-0.0003031425780591296,0.0027282832025329324,0.005961804035164669
0.0021274294162190598,0.0024880106732051988,0.005048137597807789
-0.0010892652905616091,-0.004901693807526854,-0.004901693807526854
0.0003632495264782604,0.0007005526582080947,0.0003891959212266865
8.018388838410638e-05,0.0008820227722244105,-0.0012294862885550318
0.00032165545340017836,0.0008041386335004459,0.0012866218136007134
0.0022235398754818516,0.0036317817966202873,0.012414764304773285
0.00031324231903731385,0.0006003811114882096,0.0006525881646610457
0.005349794238683121,0.009116809116809102,0.008103830326052556
0.0001409165210529603,-0.0001409165210529603,-0.0013246152978974423
-0.0006925783306091918,-0.0040169543175334384,-0.007729174169598637
0.0005118120841526754,0.002451310508310126,0.002720685289443178
-6.796710392164009e-05,-0.0005097532794126869,-0.003398355196085095
-0.012529607634478655,-0.01071023995056814,-0.008067007655075427
-6.736047960674498e-05,-0.002088174867805074,-0.0028291401434779287
-0.004220365387338929,-0.004192040787423929,-0.008440730774677859
0.00033457124694711345,-0.00020074274816823004,-0.009066880792264644
0.0018516232563881001,-7.406493025559699e-05,0.00014812986051105363
-0.005894535606181369,-0.006691094471881544,-0.007487653337581719
0.0007713461667449801,0.004661613790327944,0.004493929841035532
-0.002464552059661306,-0.014019140287424368,-0.015747527446147987
0.00020235307721213301,-0.0023415141791692027,-0.007429248691931874
0.0014166666666666414,0.0033055555555555494,0.005555555555555556
-0.0006132756132756707,-0.0018398268398268072,-0.002128427128427038
0.000544365813826986,0.0010109650828214823,0.002047852347253598
9.576098059253563e-05,-0.00019152196118470835,0.0
0.0015016063696047172,0.0032476602877497093,0.0004888950970805502
0.00013538761474103428,0.0016517288998402796,0.0011914110097208245
0.0006528668535658663,-0.0008064825838165042,-0.0015361573025076895
0.00026231965523699894,0.00026231965523699894,-0.001161701330335403
-0.0004072987943955069,-0.004453133485391513,-0.002905398066688371
-0.00028071751396576013,0.0012913005642421456,0.000645650282120993
0.002345375449215073,-0.001248344997163007,-0.0021940609041045615
-0.0001376576179726099,-0.0007158196134575401,-0.0007984141842410122
-0.0007692307692307692,0.0010461538461537692,0.0019999999999999302
-0.0016911704536155712,-0.0002727694280025715,0.0026731403944244875
0.0010527937551356435,0.0,-0.002362366474938414
-0.0015870153291253299,-0.0012623985572588737,-0.00259693417493247
-0.0008420658682634164,-0.00155938123752495,-0.003274700598802431
-0.0018470106842465165,-0.005001136621959511,-0.0014776085473972454
-0.0005300219580524963,-0.00026501097902624813,0.0011357613386840744
-0.0009184269850546438,-0.0017811917285908724,-0.004619966046032743
0.0012483095807760798,-0.001378341828773465,-0.0055133673150941555
-0.0011475531206041397,0.0006293033242023245,0.0006293033242023245
-0.00113998323554057,0.0,-0.00013411567476955729
-0.00015983632760057338,-6.393453104015667e-05,-0.001854101400166179
0.00018090815895797585,-0.0007537839956582042,-0.0006331785563530012
0.00024579514730149645,3.511359247161384e-05,0.003054882545033198
0.00023578726748763908,0.00010479434110563392,-0.0004977731202515005
0.0009591350345869444,-0.00011625879207120986,-0.002092658257280786
-0.00030404378230468955,-0.003869648138422936,-0.003952569169960493
-0.0019188863954207947,-0.0023416918723778817,-0.0003902819787296469
0.002086933837675633,0.004402126063847021,0.0030977924152997965
0.00089325591782055,0.0007656479295604196,0.0016589038473809694
0.0007260345993040595,0.0009763913576846666,-0.005332598953508738
0.001983812093318521,0.00714172353594672,0.0019044596095858523
0.0008920901341438637,0.00142073613956238,0.005418621555540825
-0.0011113102706578322,-0.0023301666965405174,-0.0012188564258826852
-0.0004404943901744252,-0.0001295571735807306,-2.5911434716116667e-05
0.0005276116778052269,-0.0007537309682929364,0.005678106627807625
0.0007328960386968692,0.0029682289567224975,0.002785004947048228
0.0007225247077646365,0.00041287126157981324,0.00010321781539498998
-0.0006197514796566225,-0.0031297449722660934,-0.0036565337299743015
-0.0011134574774427477,-0.0010366673065846873,0.0044538299097716455
0.0008519048592653173,0.0036120766032849533,0.003509848020173208
0.001341326544578602,0.004407215789329648,0.0032301333114341433
0.0004493877092461692,-0.0008238774669511683,0.0005617346365578179
-0.0009194964964011656,-0.0019975268714924237,-0.0029804369193696624
0.00037892036842717574,0.004955112510201669,-0.0009035793400956112
-0.0008031238749341262,-0.012323797391232072,-0.01437314796865047
-0.0013730743469525283,0.000602813127930174,0.0015405224380441378
0.0007130586976956125,-9.72352769583921e-05,0.004991410883868734
-0.0009557488292077205,0.0009876071235146143,-0.0026123801331676484
-0.007915382460072819,-0.014149621742784967,-0.011207621182403996
0.0006649857305144004,0.000858939901914611,-0.0011360172896290625
0.0010211485233654783,0.000994276193803253,0.0006449359094940185
-0.0003152485735000974,-0.0005989722896503822,-0.0014186185807508864
0.0009928725931705599,7.091947094068229e-05,-0.0019148257154000341
0.000806837951640133,0.0012102569274601278,0.0027987191447518055
-0.0003242542153046884,-6.485084306090081e-05,-0.0019455252918286834
0.00012272197336939456,-0.0009817757869546332,9.204148002708952e-05
-0.0004888609539771854,-0.0007332914309657781,0.0022347929324673037
-0.0010440420913813014,0.0005769706294474257,-0.0007692941725967237
0.0011503067484662022,0.0015686001115448572,0.0011851645287229218
0.0014123243886121886,0.0028989816397828466,0.005426298966773134
0.0014274951425513052,0.007335738926999462,0.001744716285340409
-0.00031787405829799393,0.004609173845322628,0.005721733049365878
-0.006010812348840509,-0.004765969554702062,0.003094323516858542
-0.0007152193750462931,4.932547414107532e-05,-0.002416948232914934
-0.0014885785428169626,-0.0029230269568042678,-0.0029500920212190964
0.0024157972130803085,0.005741894825292299,0.005776906379105025
-0.0038858253092945902,-0.00414297551358607,-0.0007714506128746016
-0.00021535479702811195,-0.0037687089479918573,-0.005491547324216753
0.0006995746586075666,0.002042758003133986,0.0016789791806580644
0.0005471163748711349,-0.001480432543769427,-0.001480432543769427
0.00035251890783219073,-0.001025509550057663,-0.002659915395462251
-0.0004789119121355553,-0.0003192746080903097,0.001053606206698512
0.002522235497145861,0.002223549714589194,0.004247975574140547
-0.000300638857572495,0.002517850432168204,0.0029312288613302243
0.0007049998590000282,0.0010997997800400055,5.639998871995096e-05
-0.0002504661453259538,-0.0006679097208694212,-0.001335819441738684
-0.001195592464536157,-0.0012602190842409384,9.693992955689634e-05
0.0012497622734805325,0.0007335561170429043,-0.0002173499606052764
0.0023505110580860004,0.005911891449125567,0.006802236546885459
-0.002651628323872048,0.0019420376456527556,-0.004108156558111615
-0.0002105632567117118,-7.018775223717077e-05,0.0010879101596771444
3.6135000361317135e-05,0.004589145045891385,0.011996820119968176
-0.001391006607281336,-0.0014712569884707256,-0.00010700050825231689
-0.001324364827658298,-0.0023002125954066322,-0.005820234900498435
-0.0007653238711471873,0.0008001113198358666,-0.0014610728449174115
-0.00031553483153957094,-0.003611120849840583,-0.005013497878904767
0.00019133873333759257,-0.0004145672555647537,-0.011575993366923897
-0.0013776634827332495,-0.002112417340191029,-0.0009490570658829363
-0.0013491340018231706,-0.003500455788514055,-0.004594348222424762
0.001244887070958644,0.003592388404766309,0.005548639516272461
0.00164617794652578,-0.0013010116028994215,-0.0036640734938799234
-0.0019320253612344182,-0.004762034341070505,-0.006122615581376364
0.0016700749829584496,-0.003612815269256995,-0.0052147239263802755
0.0028002154011846085,0.004523424878836801,0.003590019745108598
0.0006565628932536856,0.0006565628932536856,-0.0003009246594080364
0.0007610549796613663,0.00073481170450065,0.0001574596509644463
-0.00011221245558268021,-0.001421357770712532,0.0008976996446603786
-0.007668295331161942,0.0009500542888164111,-0.005802117263843771
-0.0018413178574951576,-0.0020057212376286904,-0.0004932101404004119
-0.004561541486433444,-0.004876130554463268,-0.0012583562721196287
0.0004081037749598786,-0.002390322110479502,-0.002798425885439546
0.0019183995066972773,0.0032886848686238205,-0.004761741632695157
0.000442747246665629,0.0006641208699983648,-0.0001383585145830189
0.001643385373870115,0.0009165033815813273,0.0008532962518171475
-0.00010743157951270008,-0.0003491526334165806,-0.0024709263287942393
-0.0006906840534865731,0.0014366228312521789,0.002956127748922514
-0.00018137064386576805,-0.0010364036792330025,-0.0018914367146002367
-0.0019121741755845324,-0.010265356100506566,-0.015565768727565456
0.0012840999885857455,-0.0007989955484532951,0.0009131377696609781
0.0003075804602522541,-8.388558006870988e-05,0.0010066269608254722
0.0006118177427145313,-6.440186765428644e-05,0.0002576074706165966
0.0009307163778707809,0.0011223344556678574,0.0004927322000492919
-0.0013907766223093141,-0.00587919208521672,-0.006100452002402272
-0.000530874545962553,0.001983794355965455,0.003324951103660234
0.0009304116269370865,0.0013795758606307768,0.002406236966216433
0.0005722850524595623,-0.0019076168415315129,-0.0034064586455920427
0.0003301692117210195,0.0027514100976750587,0.0016508460586050976
0.0009770054782093918,-0.0004187166335180841,-0.002651872012282323
-0.0012004422682040609,-0.0018954351603222958,-0.001421576370241632
-0.004046224063703752,-0.00511442721652149,-0.004725989706405915
-0.00041498080713773476,-0.0006224712107065284,-0.002048967735242298
-0.00041221660108680395,0.0006370620198611919,-0.005246393104740618
-0.00032386041616049363,-0.0014843602407361202,-0.001160499824575473
-0.0008427686783189262,0.0023817375691619113,0.001355758308599713
0.002377257569254038,0.0028064846303695406,0.004061148347475875
0.0012696291346474956,0.0019378549949882527,0.003975943869027724
-0.0003610629693817371,0.0016608896591566885,0.007076834199884592
0.011097801578354124,0.010710259301014729,0.005073280721533251
-0.00043736560119548255,0.001640121004482956,0.0012027554032874733
3.698224852088665e-05,0.0003698224852071847,0.0009245562130177515
0.001431043663471801,0.0041267305644302745,0.0015308839190627645
0.0018941386930443737,0.003647970816233542,0.0040688905257989585
-0.007933314170738693,-0.008594423684966808,-0.008910606496119477
-0.00254943062715987,-0.001897909466885613,-0.00059486714633726
0.0006314238608061417,-0.0029115655803837095,0.0012277686182341977
0.000627467384768253,0.0008627676540562735,-0.0010196345002483368
-0.0032176656151418986,-0.0025867507886435117,-0.0032807570977918627
-0.0014788181053730126,-0.004175486415170927,-0.000637921535651194
-0.0001576292559899476,-0.0001576292559899476,0.0068095838587642656
0.0003537126220990186,0.0034827088945120935,0.0035643348842271444
0.0019806972054163476,0.001296456352636177,-0.00014405070584853235
-0.000793021411578211,-0.00014418571119609422,-0.0038209213466945504
-0.0002300635550572022,-0.002444425272481588,-0.0009202542202283185
-0.002059526973159728,-0.0023252723890514397,-0.0028899813978209023
-0.0015585151601020038,-0.000566732785491528,0.0029753471238312267
-0.003906662443247857,-0.008024495829373783,-0.00770773941505648
-0.00012993762993751177,0.0007146569646570534,6.496881496894054e-05
0.0017687219215394955,0.004563302557571971,0.0025823340054477277
0.004626569729015146,0.01561902111524664,0.019028072494521063
0.00040748412509764183,0.0004753981459471845,-0.0005433121667969201
0.002055216825375155,0.002808796328012582,0.002877303555525022
0.004021961184882686,0.01158707865168556,0.017460418794688546
0.0023783037324024876,0.003874333499558828,0.003490736123365012
0.0013180295458290357,0.001702454830029119,0.001620077983414726
-0.002870681008542815,-0.003908276553799313,-0.0034240652993463463
-0.0004928671175488263,0.0001916705457134065,0.0004928671175488263
-0.006900617241140194,-0.008842499479853012,0.0005201470282265666
5.354608979674389e-05,-0.0008031913469519193,-0.00016063826939038386
0.0011290929619872465,0.0015430937147159391,0.0024463680843057364
0.0003860010293360929,-0.007591353576942916,-0.009264024704065864
-0.0011170331599271244,0.0001276609325631777,0.00545750486707317
-0.00384010532860334,-0.0016091869948432788,-0.0026332150824709332
0.0008203725858827862,-0.00020509314647069654,-0.00047855067509822716
-0.0013904643419078468,0.0061107248710159864,0.01302645541366315
0.0,-0.0007978886638433404,-0.004357699625606137
-0.0011422976501304371,-0.0017297650130547414,0.005124020887728623
-0.0013625304136253558,-0.00042173560421734127,3.24412003243825e-05
-0.0041759370186546995,-0.006606195447543899,-0.004039021050829882
0.0011410314924691274,0.002196485623003143,0.0025387950707439137
0.0013844023996306598,0.0025380710659897252,0.003307183510229029
0.00025586081171837427,0.0006076694278312524,-0.002654555921578792
-0.0012133245091552353,0.001728068240311679,0.0013971615559967476
-3.323805092066378e-05,0.0006647610184138424,-0.005417802300073108
-0.0009063444108761672,-0.003172205438066585,-0.00249244712990946
0.000967819985482584,0.00013441944242803053,0.0012366588703389507
-0.0004819148081711516,-0.00029450349388239575,-0.0007764183020533952
0.0005634794858250572,0.0035217467864060575,0.006585666490579343
0.0007001166861144527,0.000129651238169354,0.0009334889148191719
0.0007080329557156617,0.0012551493305869798,0.002188465499484906
0.0010512047359539558,0.0019364297767572784,0.002406705579684098
-0.0007700770077006951,-0.0016134946828016052,0.0011367803447011452
0.00011439684264703889,0.0047474689698563406,0.0032031115941198525
-0.0005416345961971484,0.004190541349525272,0.002223552552809295
-0.0007295102765794258,0.003235219487439859,0.00532859680284194
0.0004755488626456549,-0.0008982589627750258,-7.925814377420072e-05
0.0007957376141709152,0.0015568779407694041,0.0007957376141709152
-6.793478260863387e-05,-3.3967391304316934e-05,3.3967391304510016e-05
0.0005102598680613272,0.0005102598680613272,-0.0006560484017932238
0.00022539202112243032,0.0008693692243294002,0.0033164825965161784
-0.00033947788301580574,0.0004413212479206825,0.0012221203788573638
-0.00023339038431624873,-0.0007261034178725936,-0.0023079715782376078
0.0011358795967628401,0.002555729092716269,0.001760613374982265
-0.00044211457083320657,0.0004421145708330271,0.004673782605949477
0.0010689617366518014,2.7409275298891978e-05,0.000219274202390201
-0.00015971889474528466,-0.00025555023159234654,0.0011819198211148524
0.0007147730595534956,0.0019818707560348182,0.001527015172682577
-0.0008760569817933198,0.000609430943856053,-0.0028186181153348404
0.0006955024176988128,0.0012916473471550186,0.0030800821355236366
0.0005576330118741687,0.0008200485468739749,0.0014432854424981884
0.0014347613991793164,-0.0024964848345720237,-0.004849493529226083
-0.0006638427008913813,-0.000158057785926391,0.00012644622874129248
-0.0006265009919599277,0.0007657234346175575,0.0008353346559465702
-0.0015481510150944645,-0.00031666725308741775,-0.003061116779845905
-0.0005887649788737824,-0.0008311976172335287,-0.0031862575327284612
0.0013836574679068861,0.001883311553539892,0.0017295718348834983
0.0007991305459659891,0.0021416698631889016,0.0032284874057027487
-0.001437006845378093,-0.00107122328473644,2.61273971886683e-05
-0.001127241673783037,-0.004201537147737039,-0.007788215200683083
-0.0014859320993635674,0.0028426527118260666,-0.0019058694317924056
0.0028429282160624594,0.000913798355162899,-0.0027752394490136055
0.003320465405069833,0.0035094349809680946,0.003050508868072228
-0.0009586742904097398,-0.0025678775635977675,-0.0032868832814050724
0.0002997801612150256,0.0005995603224300511,0.0007327959496368344
-0.00037669039816183645,0.0034655516630879533,0.01050966210871271
0.00014904018123272481,-0.0023548348634792548,0.00470966972695834
-0.000496313102665862,0.0015243902439024634,0.003367838910947209
-0.0014400544602414353,0.00039274212552032375,-0.0005236561673604813
-0.00032705568122974176,-0.0037338856940394224,-0.003461339293014741
0.0008043704125750212,0.0018098334282937978,-0.000502731507859293
-0.0005327053018196028,0.00044859393837431847,0.0025233409033559796
0.0013845327908223904,0.0020909270718542914,0.0024865078692322775
0.0012227299053994862,0.001737563549778044,0.0020915116802884166
0.00037535369867775105,-0.0013859213489633348,-0.0006929606744815853
-0.0005400254129606604,0.0008576874205844403,-0.0006353240152477402
0.0012406947890817369,-6.89274882824602e-05,0.000999448580093616
-0.0018388318009736713,-0.0005047773571301359,-0.0012619433928250322
0.00411970691227977,0.01362445928846775,0.018509254627313718
0.0015699203265434503,3.9248008163661554e-05,0.0032183366694141123
7.01409833767225e-05,-0.0018236655677911968,-0.0023847934348039798
-0.0007228519796288065,-6.571381633001036e-05,0.0028914079185148526
0.0005324636427167898,-0.00036606875436791123,-3.327897766977571e-05
-0.0004360148245040496,0.0003996802557952067,0.00021800741225181828
-0.0017126475296920197,-0.0003350832123309691,0.0010052496369933306
-0.0013459439796289726,-0.0014186977082574987,-0.00043652237177156986
-0.0018862090290660384,-0.0012059369202225925,-0.0011440940012368726
-0.0010069444444445155,-0.001840277777777683,0.000694444444444405
-0.0022688966679631425,-0.00168546609620116,-0.004505380526383983
0.0005652347386621091,0.0025601808751163115,0.004654874318393517
0.0011490650788675931,0.002158849542114992,0.00358647585222337
-0.0013579476639630217,-0.010386464564906377,-0.0025323888868501285
-0.00043951214152297826,-0.0029941764641249085,-0.005686188330952624
-0.0017385452302170505,-0.0009253547193090238,0.005299758846951899
-0.00029979389169960995,0.0013490725126473928,0.00685778527262501
0.0016984236505492977,0.003184544344779971,0.004750278647630223
-0.0007691535966289716,0.00033441460723011987,0.005751931244356846
-0.00010296893770389414,0.0006864595846919122,0.000480521709284319
0.0030380042648906628,0.004673852715216378,-0.00046738527152153823
0.0003685851998865763,0.0003402324922030183,0.0007938758151404297
0.002844417830008574,0.008308694187656826,0.008944945544369124
0.0009451299553688991,0.0011289052244683824,-5.250721974266687e-05
-0.0006955795916947402,0.0016346120404828273,-0.0013911591833894804
-0.0014201336216634855,-0.0008391698673465802,-0.001775167027079403
-0.0006510840549514572,-0.0027019988280486493,-0.0037111791132234725
-0.0006655574043261483,-0.001386577925679423,-0.002579034941763746
0.0004940548730278227,0.0023714633905338113,0.002898455255096984
0.00028925769244670096,0.00036157211555853036,0.0005785153848936075
-0.002679146742632416,0.0024078407433783685,0.002679146742632416
0.0008273351534707023,0.0015995146300432533,0.001323736245552967
0.002238494517585582,0.00269378153811124,-0.0025040786128920902
0.00209351011863224,0.002344731332868039,0.0036845778087927234
0.00037813681677557117,0.00275008594018567,0.0017531797868685038
-0.0002914602156807087,-0.0006193529583212471,0.002550276887204855
-0.00021205909380081386,0.004064465964515365,0.006185056902523503
-0.000792100121455382,0.0007392934466915898,-0.00015842002429107638
0.000765166697030557,0.0012024048096191805,-0.0002550555656767833
0.0002986362278925407,-0.0008959086836778107,-0.0013272721239671408
0.0003394663588839118,0.0014936519790888646,0.003666236675945553
-0.0009685364031325863,-0.0019094003376041114,-0.001826382931621399
0.0005561889930199547,0.0005283795433688304,0.0009733307377847625
0.00032811628441126997,0.0011155953669981687,0.001082783738557079
0.0009324371576207665,0.0021756867011150484,0.0018260227670073713
0.0023949488351840665,0.003447274838522348,-0.0009434646926481998
-0.003165849673202638,-0.0002723311546840417,-0.0037785947712418765
0.0011595720804967544,0.002132116406074849,0.0013465998354156268
-0.00019735543714227404,0.0014378753277509682,0.0024810397812173885
-0.0024279421456071195,-0.004058131871943449,-0.0047171447400368135
-0.001129191035960352,-0.0002895361630668329,-0.0011870982685736526
0.0005254860746190163,0.001299886605636605,0.002516801725806967
0.0005704351605368512,-0.0023089042212200953,-0.0020644320095615553
-0.0008178920946499153,0.0015511746622670034,0.0025100826353046967
0.00010358937173051345,0.0006992282591807082,0.0005956388874501947
-0.00424244138360155,-0.004072743728257481,-0.005684871454026051
-0.0006573661529472165,-0.0006938864947775828,-0.00010956102549109895
0.0005639249174253777,0.0008056070248932876,-0.0026853567496441903
0.0007444252698542527,-0.0006090752207895983,-0.0025716509322234325
0.0002638224098292435,-0.0016960012060452593,-0.0009799118079372514
-0.0002868160234552785,0.0007967111762643806,0.006979189904075967
0.0003114402380786732,0.0005190670634645209,-0.0033912381479687804
0.00018179457213347145,0.0013764446175820613,0.006388780677833994
0.00028628685943303956,0.0005725737188662271,0.0008328345001691517
0.00016486233994615122,0.002253118645930629,0.0032422926856075364
0.0022279090772241734,0.0004214963119074009,-0.003913894324853093
-0.002139189960068535,-0.006203650884198549,-0.017006560182544348
-0.0023260176327143294,-0.0019883699118365392,-0.0009003939223410583
-0.0005983387301140924,-0.00235815852456714,-0.0036604251724624117
0.0020074162879526315,0.004321521175453791,0.0020352970697297273
0.0009188811702870585,0.000735104936229605,3.675524681144891e-05
0.00029685702623468064,-0.0018924635422464318,-0.0024119633381573867
0.0006605989430417161,-0.0005871990604815949,-0.0017248972401645159
-0.00042288174688610505,0.0024219590958019202,-0.004113486083346122
2.8690288337371697e-05,0.0013484435518576114,0.002381293932003971
-0.00029382957884437424,3.264773098266701e-05,-0.002154750244858064
-0.0012790631572963125,-0.001080097777272456,-0.004633050991984525
-0.0004233550890809827,0.0009525489504323114,-0.0006703122243781893
0.0015683513106936244,0.0019204301763593953,0.0022725090420253483
0.00029481132075475356,-0.0006432246998284977,-0.0019028730703258456
0.0001261670451676874,-0.00031541761291957714,0.002271006813020346
0.00039839194523926566,0.0017384375792255308,-0.0013400456339864712
0.0009320263538486919,0.00019283303872730926,-0.0011569982323636728
-0.0011167123986983048,-0.0011167123986983048,-0.006604556186586666
-0.0005091304052677254,0.000814608648428515,-0.00020365216210712874
-0.00031147796293406045,0.0012848465971034143,-0.0028811711571404466
-0.0005961054444297484,-0.003245462975228379,-0.004503907802357786
-0.00039957862617608206,-0.002288495768099079,-0.02172254713211529
0.0010707567645782219,0.002893937201562726,0.0021704529011720443
-0.0016714983415602037,-0.003656402622162964,-0.002637833320274729
-0.00183198987409237,0.0021317700353073957,0.002165078942109044
-0.0015978501652322247,-0.001053128517994046,-0.0014162762828194297
-0.0009415900317002333,-0.0001883180063400467,-0.0007218856909702087
-0.00016976007243097067,0.0007922136713445834,-0.000509280217292912
0.0012867774918272398,0.0013215552618765925,0.0023301105933086147
-0.0010631365959052172,0.0009945471381049436,-0.0024006310230117243
0.0012022946652466967,0.00024045893304933935,0.005015286317886639
-0.0006917917406082298,0.00024062321412453478,-0.0015339729900443581
0.0007660529123690996,-0.00043774452135363783,-0.0018604142157533498
-0.0038528153829841,-0.002898448269767947,-0.004630447845604617
-0.0038372498652204977,-0.007103669171978591,-0.008372181524117549
-0.00016860563142812802,0.0002023267577137153,-0.0005395380205699714
-0.001776999787820963,0.00018565669424992887,0.0002917462338212306
0.008477997577714917,0.012676624949535673,0.012918853451756187
0.0026822726164349524,0.001602396628000068,-0.005085867558435154
0.0007891912368205064,0.0017677883704779415,0.002588547256771419
-0.0007142268494354612,-0.0011262808010327945,-0.004093069252534001
0.0012510314354921006,0.0015438260267773539,0.00250206287098405
0.0003753250583093921,-0.000294898260100302,0.0008310769148280268
0.0012565971349586395,0.0010995224930887872,0.004680824327720562
0.000544718821332321,0.0007262917617763789,0.0015822784810126938
-0.0014148955385635115,0.0003612499247396127,0.0011138539346137774
0.00047211876409800876,-0.00018360174159364522,-0.004196611236426496
-0.001342379276566428,-0.004027137829699284,-0.005115553459347561
-0.00022500803600144655,3.214400514301159e-05,0.0006107360977177683
0.0004919693242657095,-0.00037621183620314123,-0.0008681811604688507
0.000732600732600691,-7.326007326000664e-05,0.0029670329670329755
0.0006099092311554517,0.0,0.0008610483263373482
0.00019630387840390934,-0.00395412097927583,-0.004066294624078042
0.0006339038467954416,0.0014346244953791973,0.0022019817836051382
0.0008054383195334902,-0.0002899577950319759,-9.665259834393092e-05
0.0007891414141414141,0.001641414141414084,0.0008838383838382977
-0.000744912249337028,0.0002681684097612556,0.00020857542981434754
0.008542668538486684,0.0134412616864303,0.023118970100659973
0.0002799029669713721,0.0006531069229333194,0.0033277352739938828
-0.001035680876653756,-0.0006347721502071286,-0.0015702258452491328
-0.00025173064820636904,-0.003775959723096251,-0.002769037130270596
0.0005862810240375442,0.00398671096345519,0.007504397107680233
0.00031369268573222287,-0.00033983374287655004,-0.00031369268573222287
0.0022710068130204317,0.001415265115360586,0.0009873942665306632
0.004233651810744374,0.006493506493506604,0.008324274844098705
0.0017398028223469767,-3.8662284941004856e-05,0.0020491011018752355
0.0016991469588737399,-0.0012830293362924078,-0.006137734933074353
0.0033175716900549286,-7.626601586326193e-05,-0.0006482611348383767
-0.0012352827639451579,-0.006485234510712244,-0.009226018143215543
-0.0015163002274450263,-0.0010338410641671078,-0.0015163002274450263
0.0007878331163938419,0.0,-0.0008905939576625022
0.00045660496645708075,0.002564012503951453,0.004566049664571008
-0.0019169154092614086,0.0007941506695510683,0.0012870717747897429
0.001141226818830421,-0.00039229671897274184,-0.0012125534950070435
0.002437241043139325,0.0045263047944013495,0.009679328714181364
0.0008997600639830668,0.0012663289789389346,0.0016662223407091442
0.0008674531575295263,8.674531575303481e-05,0.00118551931529038
0.004407196011848954,0.00339570840257206,-0.007152662379885912
0.000102803097800115,0.0015077787677335267,0.0017476526626002018
0.0013377743802555672,0.001173965272469168,0.0015834880419352436
-0.0006663334999167335,-0.0033039036037536725,-0.0025820423121772637
0.0006921745818112163,-0.004806767929244376,-0.003268602191886263
-0.000810865599026992,0.0008784377322791773,-0.0016893033313061692
0.0003590195502464625,0.001925650314958164,0.0026110512745194407
-0.0023625548946577517,-0.002862860637055903,-0.0021401967869252927
0.00044587407242264516,0.001496862957418932,0.0025796999904455628
0.0023024559530165434,0.0005672717565403627,0.0028029898558461523
-0.002324122920278878,-0.00033201756003974986,0.0009222710001106725
-0.0011510289501220233,-0.000627833972793885,-0.0011859086152772062
0.00046464591248261927,0.0014212698499466527,0.0026785470248996044
-0.00011494693283278883,-0.0003065251542204072,-0.002030729146710715
0.0005222068461317231,-0.0028982479960312636,-0.013237943549439916
0.0010535654874126524,0.0027725407563491183,-0.0004990573361428602
0.0004277891854894881,0.0004277891854894881,0.004620123203285434
-3.468368479464104e-05,-0.0021850721420643574,-0.0024625416204216827
0.0,0.0020247306385132776,-0.004555643936654823
-0.002211242787547892,-0.0009674187195523254,0.0013820267422173832
0.00030016509080009354,-0.003226774726099193,-0.003114212817049318
-0.0008402747333041727,0.0006576063130204222,0.002374689463685435
-0.0003505389536412367,0.00011684631788046758,0.0017526947682061833
-0.0004929386537846485,-0.00014788159613536656,-0.004116037759100919
0.0009508285791903447,0.0018473240967127138,0.003721814724259724
-0.0008102871234807757,0.001479654747225503,0.0017614937466971991
0.0044132836708503185,-0.002128392124949159,-0.012488653791980997
-0.0007831120190669436,0.00027238678924066767,0.002008852570650432
-0.0016671760815803883,-0.005446108533162854,-0.0052793909250047994
0.0013214528430112735,0.0001887789775731004,0.0009438948878652873
0.0014333811127037795,0.0032001066702222725,0.002833427780925917
0.0011167361524717517,0.0026801667659322043,0.0014889815366290729
-0.0003243710805160203,-0.0014056080155697627,3.604123116862881e-05
0.0012951100843571863,0.004760404634393972,0.007105603976338092
-0.0016496113627468315,-0.00360677738634463,0.0006151093217020926
0.001945592884688887,0.003925928499461472,0.003126845707535817
0.0006452336868092302,0.00047691185546769885,0.0034505975425013135
-0.0016128193122106147,-0.0006763435825399065,0.0006503303678268561
-0.00019196928491442097,0.001823708206686908,0.0007998720204767237
-0.00048327856176292694,0.001224305689799586,-0.0010309942650943784
-0.001011670339993398,0.0,-0.000939408172851071
0.001603615423864705,0.001968073474743132,0.002551206356148366
-0.007844149142046241,-0.004360727648045407,-0.008850470906979761
-0.00017311820511048878,0.0007963437435081303,0.0006232255383976415
0.0016289487462912396,0.0030833672697655546,0.0017743905986387042
-0.0007600324280502923,-0.0007093635995136541,-0.001342723956222207
0.0006794401413235107,-0.0003736920777279985,-0.0015287403179779474
0.0019524188299950122,0.000253091329814134,0.0012654566490708755
-0.0018624407776506883,-0.0010782551870608856,-0.0009475575886293757
-0.001077743147592568,-0.001077743147592568,0.002592409192857727
-0.0025208300164517024,-0.0029188558085231193,-0.004245608448760874
-0.0014541608830722379,-0.0017185537709035028,3.304911097888461e-05
0.0018461538461539161,-0.0060384615384615125,-0.008923076923076896
-0.001392338375856117,-0.001618122977346304,0.002859938285542225
0.0002903389707482909,0.0004718008274660501,-0.000508093198809767
-9.949258780211826e-05,-0.0016913739926375185,-0.0016913739926375185
-0.0033136966126657156,0.0033136966126657156,0.0037153568081403593
0.000630020475665483,0.0012337900981782624,-0.0014175460702473368
0.0002582978173833917,0.00184037194885701,0.00448792457703728
-0.0005524480353567606,-0.0015882881016503678,-0.005041088322629582
0.004241298328017034,0.005117599635458584,0.0016474464579900117
0.0014106523313889379,-0.0008768919897823713,-0.0021731671051126353
0.0009960922534671326,0.013638801624396608,0.008198605470845312
-0.00046110736707691784,-0.0007448657468165131,-0.003334160961940899
-0.00016725671117554224,-0.0012823014523458767,-0.00041814177793893486
-0.0001035661269721737,-0.0009666171850727709,-0.003106983809162268
0.0009525986892242037,0.0010669105319312208,-0.0012574302697758882
-0.000917528319864456,0.0015880297843808046,0.003740692380985998
-0.000310804701627525,-0.0035318716094032547,-0.005877034358047132
0.0023198823721613444,0.004803136742362262,-0.003006044763927515
-0.0013151165339373625,-0.0003653101483160033,-0.002411046978885165
-0.0003671360763642681,-0.0011800802454566613,-0.003120656649096577
0.0004735710903063475,0.0020035699974500433,0.001639284543368142
9.948598905645071e-05,-0.0004311059525783301,-0.0010611838832697501
-0.0001647084660150034,0.0012627649061162742,0.0017019874821565955
-0.00030201526549891174,0.0021690187249463607,0.0017571797265388675
0.0041913054779388545,0.005166027682110702,0.003801416596270115
0.0020691496462421724,0.004338539580830368,-0.002269389934588195
-0.0010653631635018331,0.003697436861565479,0.003979444757786672
3.1532809888660505e-05,0.0006621890076624082,0.00028379528899830303
-0.011683828519163188,-0.016021007287640537,-0.024459327884814034
-0.00024917460910728236,-0.0009344047841525302,0.0008409643057371887
0.0002137741832044831,0.004311112694623506,0.0023158869847150648
0.0006322444678609302,0.001053740779768217,-7.024938531781459e-05
-0.0008726612678022898,-0.004886903099692942,-0.02035046076514954
-0.0015215908494674013,-0.001075607324623603,-0.0015478251744583448
0.0011140199409568799,0.0005848604690023381,0.000640561466050293
-0.001028101439342054,-0.0027758738862234482,-0.002021932830706072
-0.001112385719748299,-0.0018076267945911586,-0.004380018771508989
0.0003344605893940014,0.0023040618380467674,-0.0010033817681815817
0.0009422439364857156,0.00013959169429406254,0.005129994765311361
-0.006451408873849542,-0.005281300401631698,-0.005312924954935033
-0.003341882334654375,-0.000660604647547832,-0.0029532913655086306
0.00016111275207433278,-0.001718536022126267,-0.004833382562229831
-0.0002717391304347071,0.0021739130434783433,0.003713768115942084
0.0003289293350145402,-0.0018639328984156758,0.002028397565922946
0.0044509442360271415,0.013988681884656887,0.017422267438163542
-0.0003072983354673612,-0.00028169014084510535,0.0006402048655569782
-0.002079002079002072,-0.0011750881316098297,-0.001717436500045175
0.0010719837058477625,0.0002143967411696439,-0.00021439674116949158
0.0006066411238824959,0.0009578544061303046,0.0006066411238824959
0.0009596116395246394,0.000338686461008734,0.0007902684090202724
0.0011157946937763875,0.0038742871311678653,0.006353830895115335
0.0001892625070973512,-0.00022080625828021318,-0.0005362437701090123
-0.00028059936023352246,-0.0016274762893540157,-0.00314271283461475
0.00038168910150379717,0.000763378203007739,0.0016285401664164136
-0.0002990105469175102,0.0011688594106774133,0.000978579971729949
-0.0008979718222633956,-0.001083759095835163,-0.0040873200185787065
-0.00014447735317496375,0.000722386765874408,-0.0003611933829373067
-0.00196936542669571,-0.0046681254558715276,0.004011670313639762
0.0014324781872639592,0.0015627034770151105,0.0017580414116420222
0.0017198335644937712,0.0010263522884882235,0.0019972260748960533
0.0011396320616485565,0.0003798773538828522,0.0024692028002386937
-0.0030836677069402615,-0.007393371972061261,-0.010960023777678872
-0.0002481868571270303,0.0020682238093924937,0.0030609712379009286
0.0008184199039720957,0.0010912265386293575,0.0012549105194237765
-0.011005554690339016,-0.010849815708871948,-0.010875772205783101
0.0002562131693569956,8.540438978571913e-05,0.0017080877957127644
0.00039565498884977214,-0.00230199266239834,0.0011869649665493165
0.0010630758327426844,-0.0003221441917402962,0.00012885767669597198
-0.0003130788697852919,0.0008087870802786461,0.0007566072686476653
0.0006479306714180293,0.0003239653357089379,0.0012418671202180814
-0.0011441024244075618,-0.0011985834922364415,0.0009806592209206124
-0.0009089433533518245,-0.0012011037169290847,-0.002954065898393199
-0.0013652593992860155,-0.01575299306868305,-0.02390954281313464
-0.02614938743248583,-0.029805032275062614,-0.03273613489658806
-0.0006381860500038138,-0.0014640738794203258,-0.0052931901794427815
0.0006738976959116216,0.003209036647198511,0.002791861883062719
-0.0007017543859649122,0.0003087719298245997,0.005221052631578986
-0.004155844155844149,-0.0025396825396825267,-0.002886002886002886
0.0009722619388047807,0.0022876751501287144,-5.719187875316503e-05
0.000689136699661604,-0.0019421125172284317,-0.0018481393309110132
0.00030429610777618643,0.0012171844311045885,0.0018257766466568042
0.0008504606661942208,0.000496102055279895,0.0018781006378456044
-0.0007231591724992192,-0.0008006405124099339,-0.0012138743252665886
-0.002717690697418227,0.0018362774982555363,0.008116346542289396
0.0007176769349675604,0.002429060395274518,0.005189356298995397
-0.001262740146117122,-0.00033071765731641756,0.0005712395899100981
0.00019393625961601355,-0.0005818087788480407,-0.0020040080160320787
0.0003664101795410334,0.0019986009793145558,0.0023317011425337117
0.00011712344811437241,0.0019910986179433325,0.0014054813773718032
0.001123466036757465,0.002967102609898109,0.003024716252808698
-6.954344726861786e-05,0.0010779234326645651,0.0018081296289858433
-0.0010413180110824974,-0.003012384246346098,-0.006768567072036867
-0.001597086913469831,-0.00015970869134701942,-0.0072827163254223426
0.0017154497694865023,0.0010364175690647957,0.004145670276258979
0.00029578141753238465,-0.0006655081894480231,0.0009612896069804077
-0.0003758746313537138,-0.00023130746544856566,0.0018504597235875393
0.0008171170898525612,0.0029355688042852356,-0.0010592258572164233
8.11666351017903e-05,0.0012716106165957914,0.0010551662563241966
-0.00028815122176124576,0.0009220839096357571,-8.644536652843925e-05
-0.0011961722488038364,-0.0011189998456552724,-0.0004630344188918218
-0.0025734127683576624,-0.0019388726336941212,-0.0017273592554729407
-0.0005568633406737298,-0.0008859189510718756,0.0005568633406738738
-0.00034155697433066776,-7.882084023023452e-05,0.00023646252069040483
-0.0007392153756797422,-0.0002376049421827314,-0.0006864142774169463
-0.001427263424354965,-0.004227931275919625,-0.005520547207410876
0.0032889781571679693,0.003966859151393382,0.004343459703740802
-0.0022171150466406653,-0.002649722860619219,-0.0019467351629039536
-5.3837249993221375e-05,0.001211338124848552,0.0016958733747880035
0.0011311120447272918,0.0012280645057040217,0.002617716446369138
0.00018646975460584535,0.002498694711717819,0.0020884612515850013
0.0012704645857996644,8.662258539551746e-05,0.000808477463690785
-0.003935982403843246,-0.0004630567533932457,0.003472925650450165
-0.0016008832459287444,-0.0024289263041678043,-0.0049406569141595925
-0.005031234171872201,-0.02019247003207821,-0.014182002363667023
-0.0023939148229661553,-0.008494536468589477,-0.00034750376462423967
0.0007073536485301191,-0.006394476982712251,-0.006875477463712777
-0.002000491348752301,0.00028077071561430556,0.0022461657249148435
0.002210371202020895,0.0029471616026946596,0.0031576731457442784
-0.00041560456610892745,-2.7706971073897e-05,0.0024105064834312436
0.0016127326565144185,0.0024323181049069795,-0.0021150592216582363
0.00011210762331828368,-0.001008968609865509,-0.0021300448430493016
0.0012087675942839945,-0.001128183087998171,-0.0031696572472331313
0.0009613843935267149,-5.3410244084766896e-05,0.004112588794530846
0.00022394535733276624,-0.002071494555328525,-0.004422920807323128
-0.0002253484853362302,-0.0026076039017480677,-0.010172874480893565
-0.00043193673788102566,0.002458716815629306,0.000299033126225122
-0.0020799822508181264,-0.00038826335348601245,0.0019413167674302199
-0.0011265738899934785,-0.0016567263088137839,0.00016567263088141605
0.0008915460457310021,0.0012586532410319943,0.0016257604363331354
0.002827404070218947,-0.0003107037439801856,-0.0251359328879914
-0.0024441113211236395,-0.003519520302418174,-0.003910578113797786
0.0019220912352638578,0.0013774987186056828,0.0023065094823166658
-0.001431560400836862,-0.002202400616672256,-0.0026795874169512103
0.00046860356138706097,-0.0005425935973954779,-0.0016031174468504347
0.0014983422596275518,0.0011476664116297297,0.0007651109410864865
0.0007341117248129048,-0.0016430119555338994,0.00031461931063404526
-0.0024256099280778837,-0.009222958680017032,-0.008997320547172465
-3.111097284009242e-05,0.00018666583704073133,-0.00031110972840127783
0.0008543600842968941,0.0007974027453438217,0.0003987013726718299
0.0008204669202656347,0.0016782277914521842,0.00044752741105394406
0.001223871944346019,-0.0018358079165190285,-0.0006763502850334515
0.0008557980316645596,0.0018257024675509524,0.004250463557267177
-0.0012089462018940614,-0.0008635330013529011,-0.0009211018681098701
-0.0002939351383127306,-0.0025147784055651124,-0.008099546033508665
-0.00013200884459246763,0.0005940398006666672,0.0013860928682222235
-0.00042356314349014545,-0.0014335983318128427,-0.0016616707936921377
-0.0005638567803778054,-0.0003132537668766179,0.0006891582871283101
0.0007720219254226382,0.0006176175403382421,0.0030108855091483546
0.0004535147392289808,0.0,-0.002299967606089989
0.0008516275548826072,0.0011355034065100831,0.0001261670451676874
0.0028114566859954713,0.0018274468458969663,7.028641714982186e-05
0.002656567940311999,0.005171829075288382,0.005765317657698453
0.0010454594614081995,0.002523522837881642,0.0054435992645733115
0.0009412025246372909,0.004096999224892089,0.002657513010740725
-0.0003431002538940709,0.002916352158100675,0.00490633363068691
0.002542283111472149,-0.0005296423148899307,0.006567564704636184
-0.0009940687232844407,0.001656781205474005,0.002452036184101369
-0.00015869489319837295,-0.001142603231028069,-0.0006665185514329499
-0.0033022675570559697,-0.0030087326630953,-0.013649372569164259
-0.0033741843068597877,-0.0030558650326276606,-0.004297310202132631
-7.290755322244755e-05,0.0019320501603967248,0.0038641003207932428
0.0004478447471543368,0.003060272438887827,0.005038253405486183
0.0005480335267569823,0.000322372662798268,0.0007414571244359065
0.000399454079424612,0.003362071835158586,-0.00029959055956869555
-0.0015005359056806064,-0.003885316184351524,-0.001822079314040747
-0.0008036899853239855,0.002655671255852928,-0.00307498776993499
0.0007009111845398335,0.0022028637228395853,-0.0005006508461000437
-0.0013608774938080072,-0.0020140986908358757,0.0031300182357583547
0.0018684603886397993,-0.00030574806359570536,0.0
0.00036355704209998813,0.0011270268305097152,0.003235657674689109
-0.0005381521554409951,-0.0005098283577862313,-0.0008780377272984826
0.0007885353812397771,0.0023998902907295277,0.00363411958310478
-0.0001121264786679948,0.002663003868363482,0.0034198575993720087
-0.001856709203972755,-0.0022103680999675814,0.0006778462173234452
0.0004452476362589139,0.0021476650690133658,0.001100023571933726
0.0009873292743130208,0.0011793099665405266,-0.0010147550874883564
0.00030178326474626513,-0.000768175582990323,-0.0001371742112483165
0.0003009575923392986,0.00043775649794808487,-8.207934336517842e-05
-0.0014333492594360763,-6.825472663975774e-05,0.0031397174254317655
0.0004395000686717983,0.002389781623403391,0.005081719544018585
-0.002674401084827619,0.0007910200391742486,-0.0006403495555221331
-6.905838886792118e-05,-0.0022098684437691597,-0.00010358758330178363
0.00038368778776580345,0.0005755316816487051,-0.0008221881166411187
0.001271545634360037,0.002543091268719873,0.0028609776773099826
0.0013183125599232914,-0.001168504314477428,-0.0023070469798657173
-0.0006666666666666587,-0.001543859649122799,0.00031578947368412276
-0.0006892368769298632,0.0016541685046315778,0.0035288928098808243
0.0,0.0011555350127109602,0.0007923668658589227
-0.0008557833841098141,0.0006846267072878124,0.0007530893780167299
0.00046638444428498047,0.0006816388031857563,0.0006816388031857563
-0.00034755744352181885,0.00467271674068367,-0.00023170496234795241
-0.01529530704758177,-0.013175488373609955,-0.027818543521507918
-0.0005040163805322671,-0.002677587021578094,-0.002992597259410895
-0.009573977237773028,-0.012380805905875002,-0.00699784681636417
-0.0004688063469166803,0.0005769924269742811,0.0007212405337179539
-0.0003849114703616657,0.0008048148925747715,0.004513961788788651
-0.0028349067957529946,-0.003583750100291599,-0.005643069187772494
-0.0011579759983158149,-0.002666853814302726,-0.0050178959927012655
0.0045433893684688345,0.000984401029834889,-0.00090867787369381
0.0008315557323114293,0.0011569471058246864,0.0027477493763333736
0.0001354169487851868,0.0003791674565988309,-0.011266690138937857
0.0011931250201541535,0.0008706587984907994,0.0005804391989939273
-0.001645536482291775,0.00041138412057299694,-0.0017577321515388402
-0.0035412382910669665,-0.0045407813570939905,-0.007739319168380272
-0.0003004205888242706,-0.0005340810467987455,-0.0024701248414447196
0.00020644095788605241,-0.0006881365262867762,0.002202036884117762
-0.00010353574571611436,-0.0012424289485944023,-0.000724750220013389
-0.0012335377136014766,-0.0002176831259296966,0.0007981714617422897
0.0005677584187928924,3.548490117451796e-05,-0.002625882686916749
-0.0014140597945284806,-0.0023086690522912227,-0.0021643772365231447
-0.0007622573707564662,-0.0009255982359185882,-0.0013339503988239706
-0.0008396062536188872,-0.0013896931094382206,-0.0046902142443543855
-0.002965996963383973,0.0018360933582855078,0.002648211574450055
0.0005011693952555204,-6.682258603420866e-05,0.0015703307718007698
-0.0013523381927352392,-0.002298974927649968,-0.0022448813999406078
0.0003204474611821996,-0.0018061584175721869,-0.0017478952428116815
0.002134751507434153,0.0024718175349238793,0.0017976854799446396
-0.0005276249340468318,-0.004409436948820227,-0.0068591241426094575
3.472342789677039e-05,0.00048612799055518024,0.0005208514184519506
0.0007333842627960553,0.004736440030557712,-0.00042780748663097433
0.0010378990407296244,0.00066048120773718,0.0016040257902185592
0.000997523390203507,0.002063841496972915,0.0037149146945514035
-0.00020420665713700276,0.0010210332856850138,0.003996616003967456
0.0004619852164730278,0.0006929778247095418,0.0011879619852163304
-0.00042281922851751595,0.002634489039224622,0.004065569504976258
-0.0019356399709654082,0.0004147799937783158,-0.0005530399917044866
-0.00019471668722010214,-0.0004543389368468435,0.0011033945609139736
0.00013950406305570962,0.0022320650088933362,-0.0014299166463224112
0.0006569620690847403,-0.00044950036305796984,-0.00041492341205354085
-0.0019500644217710843,-0.00578054810739292,-0.009715499529895255
0.001142670584394428,0.0009522254869953824,0.007808248993361641
0.0022202152479866596,-0.00022578460149018693,0.0031233536539474077
-0.0004963326531737904,-0.0011029614514973642,0.00416367947940217
-0.0010681340022656873,0.00045314775853693594,0.0014241786696876444
0.00010870746820312117,0.0005978910751169347,0.0017121426241982702
-0.0007414589630982939,-0.0027091769805510906,-0.004648377345577061
2.738075680409316e-05,0.0024642681123705633,0.005804720442472887
0.0019012076189135673,0.0031334718163575793,0.006442981375206989
0.0014891796837868585,0.0004752701118468276,0.0005069547859699254
0.0012008096888186293,0.0027790167084089114,0.004151370638487595
-0.0007168990408384347,7.416196974198942e-05,0.00024720656580644405
0.0001758891194991078,-0.0018996024905898043,-0.002145847257888475
0.001927239303821965,0.003172532392445202,0.0051887212025973255
0.00040773057163835414,0.0007067329908396285,0.0010057354100410573
-0.0013568092894105982,-0.0008519500189323446,-0.0007888426101224284
0.0008967372559839654,6.897978892178316e-05,0.0019314340898116931
-0.0050198546489846965,-0.008241552408780956,-0.008091706001348712
-0.0008637070305752289,-0.0014855760925894172,0.0002763862497840183
0.0001696496734243851,0.00025447451013649726,0.008906607854779815
0.0004735809485149393,0.00155605168797774,0.0018266693728435845
0.0007722961910351858,0.0034289950881962673,0.0028729418306509126
-0.0008981791459133962,0.002912277836749117,0.004844723877956432
-0.0013092051669965246,-0.002618410333992884,-0.003811241708367282
0.00046511627906975115,0.002540250447227118,-0.01119856887298746
0.003937284679744093,0.00674963087956133,0.009737748716867183
-0.0019094303057937219,-0.0023369147026133354,5.699791957604564e-05
0.0009281736398685952,0.0031772097672425614,0.0004997858060830586
0.0011990786027578663,0.0005364299012336596,-0.0002839923006532827
0.0028932230504781164,0.009870996289866834,0.012594029749140503
6.923529615391633e-05,-3.4617648076958164e-05,0.0007962059057708249
-0.006605271514766542,-0.012257859637980175,-0.021625912988250246
0.0002638261385746268,-0.000362760940540229,0.0003297826732182366
-0.000712621625325607,-0.003097163217760711,-0.004001644511443158
-0.0013645906228131083,0.0005948215535339955,-0.0009797060881736512
0.0016582625469559345,0.0010491048766455794,-0.0021320518460861467
-0.0004779461969139806,0.00020483408439165053,-0.012802130274477672
0.0008797550761867896,0.002850406446845206,0.0028152162437977664
0.0016869782728832323,0.000523544981239658,0.0025595532416159954
0.0007583712518960675,0.0012833975032084872,0.0003791856259481166
-0.0002948192222133249,0.0006164401919004083,0.0024657607676019377
-0.001525630593978806,-0.00033902902088407206,0.0013222131814484785
-0.002082671467401009,0.0007765893607256536,0.003424053090472556
-0.0005038871292829915,0.0013676936366255842,0.002627411459833063
-0.0009428921645661481,-0.0007857434704717604,-0.00028286764936993376
-0.0007601147082196983,-0.0011401720623293512,-0.001278374736551168
0.0,0.00029749115790180094,-0.0012560737778071448
0.00039208589697187674,-0.0011460972373024353,0.00039208589697187674
0.0007916820604845394,0.0010555760806459525,0.0007652926584684131
0.000575515908904153,0.001534709090410815,0.0033160678560663114
0.0020306947319091726,0.004842425899168232,0.006443550591635233
-0.0020860989948794746,-0.0023073519185789816,-0.0018648460711801474
0.0018079430942501888,0.004238292827504466,0.018672199170124516
-0.0015583857273361924,-0.0008329303025417869,0.00016121231662099596
-7.014590347917301e-05,-0.0009118967452300467,0.0007014590347923283
-0.0010730929605102487,-0.0025447633063528357,-0.0024221241108658953
-0.00015676929830065646,-0.000783846491503104,-0.003260801404652977
-0.00017374685083833516,-0.0006660295948801476,-0.0027799496134131977
-0.00013637727409107647,-0.0008455390993644881,-0.003409431852276137
0.0035129980929439306,0.003379169594165047,0.008498109672454818
-0.002623811085601823,-0.004472405259548585,-0.0025045469453471333
0.0009725464043570711,0.002695342892075212,0.004362565299544274
0.0012357039568817415,0.0015512028394898776,0.0011568292362297823
0.0017795957395947194,0.0025233073919625716,0.0023905017397539835
-0.002458874458874388,0.004432900432900338,0.0001385281385282094
0.0011219746754288276,-0.0026286263824330603,-0.002372175028049396
-0.0003018992205511407,-0.0003018992205511407,0.00041168075529689663
-0.0006314303755154177,0.0006314303755152066,0.003082865951045515
-0.003145958653114735,0.0026273940399640146,-0.004321371776256655
0.0008762238561469701,-0.002704864947236224,0.0007238370985561268
-0.00016025127399766473,-0.0033011762443510553,-0.0023717188551649277
0.0008292111057100151,0.004860892688645493,0.005575729848740424
0.00018137064386576805,-0.0006218422075398604,-0.0005959321155589101
-0.0003376781252109337,-0.001418248125886267,0.0019247653137029555
0.0011807023806255164,-2.7458194898242416e-05,0.00032949833877922116
9.792081470108925e-05,0.0023827398243953983,0.004243235303717764
0.0013455097191605464,0.00251925224013053,0.011136240016031565
0.002006566946369772,0.003611820503465714,0.0036847865742429434
-0.0009426386900812827,-0.0009775512341585362,0.01382536745452634
-0.00010417390096544745,0.0015626085144801326,0.005833738454059333
-0.0017141009055626545,-0.0014230271668822696,-0.0018111254851229052
-0.0036811184650851828,-0.007027589796980689,-0.004536327805458357
-8.488003621540492e-05,0.0013580805794477654,0.0008488003621548533
-0.0009731728679402944,0.00032439095598022107,-0.0006487819119602577
0.0010989816103742197,0.0012088797714117667,0.0016484724155615379
0.0,-0.0014855760925894172,-0.0022456382794955165
0.0032236352686952005,0.0035070317758331936,0.00609302490346796
0.001116421867913314,0.0005930991173290162,0.0031399365035061832
-6.438113632699763e-05,-0.00041847738612585053,-0.0017382906808303996
0.00412050534499515,0.004625850340136046,0.0033819241982507467
-0.00018187014471665459,7.79443477357935e-05,0.00018187014471665459
0.000512636489465291,0.0009996411544573394,0.0016404367662889896
0.0005774456521739672,0.0007472826086957449,0.00013586956521746083
0.0012302985967945885,0.0014630577907827284,-0.0017623196116247574
0.0002006823198876255,-0.0014047762392133784,0.0005351528530335413
0.0006825679723939435,-0.0031473967615941153,-0.004777975806757389
0.0014285714285713475,-0.0005714285714286607,0.0028214285714286444
0.00019919751856803497,0.001052901169573853,0.0018496912438461547
-0.0006342799481044465,-0.00011532362692812588,-0.0009802508288886602
-0.0009844814632503315,-0.0017876110780071963,-0.00023316666234884798
0.0,0.000737817983511248,-0.0009944503256022912
-0.003960504964382953,-0.0038229874308974023,-0.003988008471080032
-8.631106507846457e-05,0.00011508142010478297,0.0006041774555499062
-0.015199440167949635,-0.013743876836948986,-0.004786564030790705
0.001237436234153263,0.001616243244608279,0.0037880701045507345
0.0006092607636067643,0.0034814900777532455,0.008645700359754028
0.0,-0.00030825084768994015,-0.0014042538616982052
0.0006294706723892054,-8.583690987116657e-05,-0.0005436337625178762
0.0007379600218178244,-0.0008983861135175973,-0.0003529374017390626
-0.0018091824543436516,-0.002935654548557821,-0.004335210786823628
0.00126144018894771,0.0028717893663277334,0.0017713840951180254
0.000847128587060143,-0.0002823761956866474,0.0004941583424516832
-0.0009159081802049149,-0.002146659797355315,-0.000486576220733917
0.0004525368684447614,-0.00013309907895440388,5.323963158170103e-05
-0.0051180392863579595,0.010308163633087092,0.005550549648585404
0.00034758428919020765,0.0008689607229753215,0.0012165450121655293
0.0002281086937927089,-0.0009979755353424935,-0.010036782526874004
-8.236553825887367e-05,-0.0011531175356231389,-8.236553825887367e-05
-0.00019384227700043754,0.00025845636933428403,-0.0005492197848349404
0.00042599206999375904,0.002031654487662629,0.002031654487662629
0.0006458731397508251,0.0005651389972820485,0.00013455690411478074
0.000748330647018164,0.0014390973981119042,0.0016405710338475512
-0.0008087997411840828,-0.0008735037204789344,0.0003235198964735228
-9.518974489157747e-05,0.0003807589795657688,0.0012374666835892447
0.002288046502999224,0.011563910704347317,0.016943911941129063
0.00012765685836478097,0.0031275930299355915,0.0037977915363502836
-0.00041673612268705134,0.0023337222870477717,0.002972717675168065
-0.0009339248190521649,-0.00013341783129322058,-0.0006003802408192082
0.0006615287930406796,-0.0008269109913008964,-0.0018853570601660213
0.0006553488952689413,-0.0026526026713269966,-0.0005305205342654348
-0.0012704865963663362,-0.0003176216490914938,0.0008893406174565798
0.000435255712731143,0.0013057671381935835,0.0019042437431990985
-0.004800977653631384,-0.009660148975791413,-0.010445763500931191
0.0007641807634861485,0.0018409809302165048,0.002362013268956917
-0.0015510288491365548,-0.0013786923103435607,-0.0035501326991347767
-0.002070036225634027,-0.005037088149042733,-0.004795583922718796
-0.0030767003293877943,-0.004958917001484073,-0.00875954682013957
0.0012586532410320806,0.0025835513894868424,0.0018879798615481207
-0.001415208311759926,-0.001449725587656481,-0.0012426219322769557
-0.004483299708585688,-0.007023836210117508,-0.005305237988492923
0.002739256976545216,0.00413741939165681,-0.003509673001198315
-0.0019154960857255413,0.0018599744600520766,-0.009272111487424439
-3.169270750797359e-05,-0.00012677083003189435,-0.0004436979051119905
-0.001392165203603994,0.000541397579179563,-0.0012761514366370862
0.0027038348756618165,0.004988765756502541,0.007197532274648857
0.0001574100794920961,0.00034105517223285005,-0.0001574100794920961
0.0010906711262997578,0.0019268523231293997,0.004144550279938873
-0.001722900215362592,-0.003158650394831283,-0.004737975592247128
0.00047013274336271866,0.002046460176991018,0.0013274336283184772
-0.001247520951954406,-0.0006717420510523305,0.0007996929179195189
-3.1807627469038156e-05,0.0002226533922834479,0.00012723050987633341
-0.0005112125962784885,-0.0021811737441212024,-0.00245382046213628
-0.001165369722942755,0.0033081463102890697,0.004360738318108436
0.0010101997588555487,0.0021181607846970287,0.002606967119627241
-0.002324980625161545,0.003487470937742134,-0.0018083182640144739
0.0027899866233518757,0.0014141028090961384,-0.0012612268297343173
0.001662895619224201,0.0009268598533381453,0.0026987978082490777
0.001004520341536881,-0.0037862689796389964,-0.0012749681257967936
0.00019163818710275728,-0.0012775879140182608,-0.0007665527484108476
-8.157494017830301e-05,0.0001631498803567606,-0.0007069828148792444
0.0003685568367292854,0.0017901332069710071,0.0012636234402147143
-0.0003632299525006858,-0.0005029337803854428,-0.0011176306230790088
-0.0005201774078738371,0.001122488090675204,0.002436620489514281
-0.0021973929236498136,-0.010428305400372482,-0.012290502793296132
0.001543751315697136,-0.005543470633639689,-0.007613500806960772
-0.015893530808998028,-0.022879698197568656,-0.030180243118625077
8.132726089793309e-05,0.00010843634786385943,0.0004337453914552836
0.0007699217246245099,0.00032080071859350023,-0.0007057615809060287
8.221205228679048e-05,0.0009591406100133345,0.0003562522265764036
0.001047977730473205,0.001277222859014201,0.001768462420173452
0.008353864016084695,0.012205136918415321,0.016367909834905076
0.0022215782864870013,-0.0011590843233843873,-0.003799220837760231
3.180054696955972e-05,9.540164090831763e-05,0.0002544043757553932
-0.000805689837195145,-0.0022503750625104246,0.0012779907762404277
0.0005474252764498891,0.0019342359767892763,0.003977957008868406
-0.0004193031943278067,-0.001905923610581688,-0.001600975832888462
-0.0006002400960384381,-0.0004001600640256254,0.0018007202881153144
0.0008835279655808935,-0.000576213890596102,-0.0010371850030730708
-0.00031055900621128997,-0.002346445824706718,-0.001173222912353457
0.0003018817294469924,0.0005366786301278805,0.000503136215744733
-0.0005349636988918089,-0.0010317157050056622,-0.00454719144058081
-5.4796021808766844e-05,-0.002328830926874771,-0.002794597112249601
-0.00013968919154887536,0.006705081194342444,0.005412956172515992
0.0010944088582739723,0.0006759584124633197,0.0010300318666108513
-0.00028839683404356393,-3.2044092671486865e-05,0.0010574550581599772
-0.001585337560900259,0.0015466707911220216,0.0016626711004562942
2.449239511129566e-05,0.0005878174826715135,-0.0008572338288961834
0.0005680742283658613,0.001009909739317027,0.001735782364451213
-0.0017034738699276092,-0.0029810792723733593,-0.020958812435359207
0.0008034092496856861,-0.0022355735643425543,-0.0044711471286851085
0.0008315777802417435,0.00024947333407260183,-0.0014136822264108851
-0.0024707725683981957,-0.006839821622273056,-0.010124141255875659
0.004597946963216497,0.01881950384944387,0.018284858853721112
-0.0004807148512610538,0.0018945820608528897,0.0019228594050446975
0.0006733143095323235,0.000288563275513905,0.0012825034467281225
-0.0010468463752944654,0.002588036872255624,0.0028206694000989484
0.0044950760045293974,0.002401949010053833,0.017705795559825578
-0.0013050570962480103,-0.01979336595976087,-0.02987130686967558
0.0014191419141914416,0.0013531353135314357,0.002079207920792064
0.0014023228219049524,0.0011865808493041747,-0.0015461508036388723
0.0007624566352788252,0.0015249132705576504,0.00041935114940342967
0.001452935275192915,-0.0057771474037430935,-0.006019303282941879
0.0009531676939696618,0.0012073457456948447,0.003685581750015785
0.000996460845960968,0.00024052503178383683,-0.006116207951070244
-0.0008270054883090386,-0.001578828659499132,-0.0024810164649273297
0.0001160833478438112,-0.001886354402460901,0.0014220210110859862
0.00035522927089193495,0.005594861016547723,-0.007815043959622233
0.0019839333918754893,0.00250430936351508,0.0049760952288027205
0.001205331820760181,0.0013471355643788836,0.0035450935904707886
-0.0015721166711264733,0.0007358843992508272,0.0014383195076264612
0.0029506348837979855,0.007989921426913852,0.008354606637270768
-0.00013955273348923862,-0.00167463280187007,-0.0023375082859436063
0.001860537230125269,0.0016279700763596105,0.0028295670374821435
0.002803919040866329,-0.0004189764084052967,0.009733144256800434
0.00037343834872356616,0.0006450298750678902,-0.001697447039652363
-0.001468890987304591,-0.0032787745252334487,-0.0018623439303326944
-0.0004058112166219659,-0.0014068122176229792,-0.0002434867299731488
-0.001479450077580804,-0.0006495146682062817,-0.0006495146682062817
0.0008541989215738433,5.3387432598317786e-05,-0.0006406491911804204
0.0013324210450502522,-0.0009362958694947276,-0.00900284489898808
-0.005680874389555096,-0.005248995049998286,-0.0063785256303777816
-0.0007904922858856797,0.0004906503843428196,-0.0006542005124570929
0.00023434296092326464,0.0026363583103871852,0.002782822660964288
-0.0004854368932038099,-0.0005501618122977862,-0.0006148867313915784
7.932101213619302e-05,0.00021152269902974784,0.002458951376219579
-0.0003719483329952446,-0.009400148779333298,-0.010346926354230075
0.0038308102824231556,-0.0022720667881958563,0.0013473884441626137
0.0021899808376677015,0.003394470298384914,0.0030112236517929533
0.00044150110375274393,-0.0007811173374085968,0.00040753948038717796
0.0006600902123290433,0.0005500751769407652,0.0015402104954344343
0.0020481508675659066,0.00030915484793461734,0.00030915484793461734
0.00019858343814126655,0.00026477791752181417,0.0022837095386244715
-0.00019828155981494472,0.0032716457369463057,0.009153998678122874
5.437294402315922e-05,0.0001087458880461639,-0.0006252888562650174
0.0001059125691740504,-0.0020917732411894524,0.00021182513834825132
-0.005120702267739733,-0.0008470334578216889,0.0009240364994417629
0.0005426721175065202,0.001410947505517117,-0.00112152237618032
-3.743775972442404e-05,-0.0022837033431919946,0.0031822095765788095
0.00213503202548043,0.0012950194252913953,0.001365020475307281
0.0015598360358399783,0.008851162621975541,0.018754307686726732
-0.00020547241532824998,0.0024999143864936754,0.0026026505941577033
0.00046198712210904344,-0.0008662258539543539,-0.005110732538330442
0.0001923288273436454,8.2426640290223e-05,-0.0028574568633914815
-0.0028617863199547847,0.002261164499717306,0.0016958733747878792
-0.000849897189856072,-0.0010692254969156582,-0.002111034955448888
0.0011351909184725976,0.0012039903680771337,0.0025455796353629485
-0.0010270645385149328,-0.002192921582234616,-0.0011103400416376885
0.0007346960195218512,-0.0012594788906090581,0.0012332397470545785
0.0014282799428688563,-0.00013602666122566981,-0.0018363599265456725
5.526388505122591e-05,0.00033158331030672713,0.0016579165515336358
-0.0011691673857974442,-0.0009186315174123567,-0.0010578181109595396
-0.00307134399052688,0.010398164594434585,0.016096802841918167
2.8231839869139067e-05,0.0001976228790830106,0.0008751870359391386
-0.0059122497666218455,-0.0075718286484804396,-0.010441517131694632
-0.00395644283121588,0.0012341197822140653,0.006279491833030919
-0.0013999611121911601,0.0012832976861755433,0.00956640093330755
-7.322252324808453e-05,0.000512557662737008,-0.0012081716335944355
-0.0004431699687174554,-0.0011730969760168025,-0.0018769551616267654
0.00012914890869160408,0.00041973395324808034,0.001872659176029911
-3.4547087680477116e-05,-0.0012091480688176809,-0.002176466523872022
-0.0019276843003882594,-0.0044061355437447275,-0.003965521989370192
0.003551872132603361,0.01047062305757008,0.007584726949829849
0.0,0.0020354852936188307,-0.0006784950978728794
-0.0004413322349063707,0.008973755443097597,0.006031540543721347
-0.00242718446601941,0.00284930350358802,0.0032362459546926127
-0.0005433306166802705,0.009629025928944423,0.01089679736786488
-0.0007341909534904758,0.0013406965237654927,0.001213011140549671
0.0008402275077559169,0.0003231644260600528,0.001712771458117986
-0.00260187488042857,-0.0053568012244118385,-0.005739429883298258
-0.0003964687846909586,-0.00042290003700366915,0.00039646878469110883
-0.006066704151993167,-0.010535349649314912,-0.0019827764789441447
3.419504855693785e-05,-0.00041034058268364296,-0.000718096019696278
0.000932771367373864,0.0024873903129967088,0.004145650521661181
0.0005986316989737159,0.0007696693272519436,-0.0005416191562143607
-0.0015918322538150207,-0.0017016137885607764,-0.0027445383686463937
-7.098491570534804e-05,0.0014196983141081714,0.0
-0.0003760408272897834,0.0006983615363953556,-0.002874026322857892
-0.00010529086601727723,0.002342721768886663,0.00023690444853917303
0.00048109965635734144,0.0028522336769758903,0.0036769759450171586
0.001039338980408401,-0.009198149976614925,-0.01104297666683989
0.0022956841138658947,0.0022956841138658947,0.0031483667847303537
0.0031041618762934096,0.00034490687514361537,-0.005403541043918238
-0.0009898812142542228,-0.001246517084616421,-0.002199736031676074
-0.00048671274213951546,0.001654823323274574,0.001654823323274574
-0.00017126709102846538,0.0018553934861417353,0.003225530214369296
0.0011316789265217468,0.002586694689192411,0.002829197316304291
0.0016956777520156147,0.0014534380731562413,0.0014188324047477874
-0.0017201834862385196,0.0009010484927915686,-0.0027304499781564003
-0.0014006069296695766,-0.0007669990329143235,-0.0029346049954980338
-0.0002265433264111847,-0.002265433264111847,0.002680762695865507
0.0011414439265671507,0.0019658200957544773,0.0038048130885569888
0.004680946674655482,0.0017225883762731406,-0.006141402037148154
0.002287887087938763,0.00025779009441575395,-0.0014500692810878377
-0.0005052376300986132,0.0035029809020176513,0.0018525379770285674
0.0010269283432222038,-0.00102692834322242,0.0032329225619959147
0.001189601483502939,0.000594800741751569,-0.00041985934711873113
-0.0009909612323953758,-0.0025524759016244737,-0.0011411068736674438
5.5413942147794e-05,-0.0001939487975174365,0.000748088218995849
0.003600566897766874,0.0005362546443482068,-0.003906998123108675
0.0010036347854390161,0.0005696305538978449,-0.001166386372267148
8.49858356939737e-05,0.001784702549575058,0.0007932011331443986
-0.0010050577097652778,-0.001685903255090072,-0.0023667488004150508
0.0001715707300334628,-0.0005719024334448218,0.0005433073117726052
-0.00015418417299472098,0.0008865589947192622,0.0020429402921789026
0.0,-0.0004923548237094833,0.0009847096474192775
3.604512850085032e-05,0.002595249252063477,-0.0027394297660670833
0.0021699538884798787,0.00046499011895998973,0.00391366683457973
0.0009764565476835624,0.001012621605005351,0.003761165961448123
-3.6075036075003264e-05,0.0015151515151515726,-0.00010822510822500979
0.0003066920198737126,0.001042752867570309,-9.200760596218352e-05
-5.589090096127267e-05,-0.0013693270735522923,0.0014252179745138827
0.0007437985793446712,-0.0016363568745583613,-0.0021942058090668117
0.0003784533871578294,0.0011353601614734882,0.005866027500946177
0.0013662135391762898,0.002629961062914266,0.002527495047475952
0.0002532446976892717,0.0012345679012347047,-0.003165558721114277
0.001883036530908669,0.0030128584494539317,0.0007801151342335062
-0.0002114611968703823,-0.002290829632762508,-0.00429971100303104
-0.0002418463239358526,-0.000690989496959607,-0.007013543394140315
-0.0005333033934936922,-0.0015999101804810767,-0.0006455777921238425
-0.00025630346330049686,-0.00038445519495083636,-0.0036843622849453026
-0.00022557521680292703,0.002280816081006487,-0.00070178956338671
-0.000698401029222561,-0.0003308215401581762,0.0008454328248482313
0.002081200955305209,0.003991811668372429,0.005902422381439649
0.0028786940203331286,-0.0004008308129578167,0.008526764566556043
0.0015465278563613902,-0.002074610539021581,-0.009882690204066253
-0.0002694823489061801,-0.001126926186334745,-0.000514466302457139
0.0014859379530297483,0.003370542186140935,0.005218904030153659
-0.0007371812373723088,-0.0023753617648665007,-0.0015562715011194048
0.0005922313185856676,0.0009406026824594384,0.0036927364570632374
0.0011736302058881559,0.0014418885386625643,0.0032861645764870272
-0.0003414346463047883,0.00015519756650219253,0.001738212744824168
-0.0018984490636462289,-0.0026706995302142487,0.0005791878499260147
-0.0001001101211333452,0.0011012113324656591,0.0032368939166415403
0.0006924632302024763,0.002132786749023734,0.0021881838074398817
-0.0023873560786921533,0.0007554924299658517,0.021093348644646463
-0.0015393882604911972,0.0027775918613211436,0.0013720634495683857
0.0022247794399692525,0.0007671653241273058,0.004487917146145055
0.001508912011568204,0.0017918330137373648,-0.0004715350036152089
0.0002757574713039333,-0.0012753783047809609,-0.003998483333907914
0.0005366161616162118,0.0017045454545453398,0.0007575757575757863
0.00206109887627765,0.0031904681235529826,0.0013270088655485076
0.0015332144309897341,0.0019399856065584174,0.0030977189524078012
0.00018900018900019618,0.0006300006300007733,6.300006300018477e-05
0.000860229853416833,0.006228064138737878,0.008430252563484925
0.0010117573177965337,0.003035271953389403,0.0017792973519868503
-0.001877171354925518,-0.0008405244872800946,-0.0013728566625574614
-0.004341328019357948,0.020212084549142435,0.01757882001281047
0.0008225488045622793,0.0008499670980476678,0.0005483658697082381
0.00027599149946187936,0.0004691855490851321,-0.001076366847901047
0.03247100802854602,0.03621766280107039,0.03557537912578065
-0.0019872484888632034,-0.0019320471419502323,-0.0015732383870166243
-0.0008514744699571748,0.0008230919876252959,-0.00266795333919904
-0.0008630991900145761,0.0007967069446288976,0.004282299827380041
0.00047729659210244096,0.0008909536385911146,0.0021001050052503424
-0.00018957345971562135,2.7081922816495342e-05,0.0007041299932294947
0.0009362646508078987,0.0010056175879049186,0.002184617518551895
-0.0023504209931273106,-0.0007140519472791916,0.0008925649340989894
0.0009287810677267155,-0.0014860497083628713,-0.0010030835531449963
-0.0024596411002564826,-0.005646781680870409,6.92856647958907e-05
-0.0048248749106504785,0.0013402430307362064,-0.0031570169168453725
0.00048185625857146466,0.00018532933021963202,-0.001779161570110153
0.0007363770250367931,0.0001416109663532666,0.004276651183867653
-0.0006575857209958865,0.00025050884609357783,-0.0005949585094723585
-0.0009770077509281944,-0.0006839054256496435,-0.0008141731257734644
-0.0009244908502596052,-0.0034804361421539895,-0.00600919052668782
0.0007212145252604977,3.606072626299414e-05,-3.606072626299414e-05
0.00019549250146617473,-0.0022900550171753935,0.0018152875136147517
0.0029109465967081228,0.0006468770214907167,0.005318766621145756
-0.005486383535163881,-0.011029620785718335,-0.010262095627949164
0.002164802531153653,-0.007299270072992688,-0.009852626904609951
0.0007799225648311456,0.004595972257040289,0.0026461658449625043
0.0014052999885281895,0.002093610186990989,0.0016634163129516579
-0.0004945598417409631,0.0011539729640618723,-0.0005934718100890432
0.001280267186195323,0.004174784302811021,0.004564430837740012
0.0003298153034301958,0.001942245675755019,-0.0024186455584871303
-0.02916230974787953,-0.03195073777158117,-0.022346152356608893
0.0006300475399506571,-0.0003436622945185994,-0.0014319262271607765
0.00034901403535010184,0.002044225064193636,0.0026176052651260473
-0.0018345993980221963,-0.0038411924896088055,-0.0019492618603984715
-0.00022780525904710097,-0.00016271804217636855,0.0029940119760479564
-0.0019607223047974592,-0.0033522026501375743,-0.006957401726700575
0.0007004370727333857,0.0021293287011094667,0.001793118906197429
-0.0009875567845151736,-0.00011286363251607026,-0.00033859089754805036
0.0010156335013966032,0.0015234502520948018,0.00290181000399003
-0.0002753986395307833,-0.0006334168709207078,0.003332323538321664
0.0016665637923585597,0.0033948521696192295,0.0036417505092278465
-0.0015124868097080787,-0.0021104467112206217,-0.0007738304607809612
7.502813555076332e-05,-7.502813555090548e-05,0.0016256096036012936
0.000683242729406227,0.006773014882809107,0.011228945726762408
-0.0003051571559354146,-0.0010510968704438418,0.004102668429796831
0.0009222661396575039,0.002450592885375512,0.0028458498023714997
6.484033068581182e-05,-0.0017182687631706038,-0.0024315124007132437
-0.0002253584608016679,0.00025352826840185634,-0.010760866503281763
0.0021812413246083164,0.0011047845670093944,0.003965893317469857
-0.0011455118210454602,-0.0034047156903299495,-0.004136570464886736
0.0015075192116776415,-0.0013604441666360426,0.00014707504504159877
0.000513930213686767,0.004408980254260199,0.002758993778739623
-0.0013156628052497133,-0.00025671469370723,-0.00028880403042061094
-0.000744102983852923,0.0009673338790090326,-0.0014510008185132316
-0.00027438606118803706,-0.0009260529565097469,-0.0019207024283166493
-0.004053479781635151,-0.010885554574875096,-0.0022228760092837985
7.34564953907469e-05,0.001762955889374585,0.004260476732655177
-5.5597253495784764e-05,0.0018069107386094493,-0.00041697940121767464
-0.0029043565348022184,-0.0018360874645301664,-0.002503755633450175
-0.006417756976208012,-0.01038896571286725,-0.002801120448179143
-0.00025607374923991203,-0.00016004609327489953,-0.0007042028104094852
0.0016279152068513273,0.004105177478147096,0.001663304667870005
0.00011513773351361106,0.001669497135948833,0.0006908264010821572
0.000443540935132155,-0.0015523932729625425,-0.0008131583810756876
0.006930379746835436,0.005822784810126503,-0.007911392405063292
-0.0014623917002373752,-0.0009657303680812944,-8.277688869275856e-05
-0.0014851305828230818,0.004165610171333481,0.0015937986742492764
-0.00019655375745267076,-0.002031055493677536,-0.004750049138439326
2.8956969942803465e-05,-0.0005791393988532712,-0.002635084264782441
0.0006885554830760227,-3.6239762267126566e-05,0.0022106254982967805
-0.0013824588477366474,0.0011574074074072683,0.002732767489711824
-0.002116633822348676,-0.005474052988832932,-0.005109116122910654
0.0012613147351238129,-0.0011500222584953342,-0.00018548746104767535
0.0011542774223335065,0.00046171096893340264,-0.0017149264560386472
0.0012435431413812459,0.0012116574198073958,0.002391429118040941
0.0013422318332650298,0.0,-0.0033555795831623626
0.002414001207000552,0.0006412190706095954,0.006525347012673575
-0.00027024835824113153,0.0014323162986785655,0.00018917385076899177
0.0018642923724727077,0.0034714409694319823,0.005239304426087221
-0.0004796656045499241,-0.0004454037756535288,0.0002740946311713574
-0.0015012125178030069,-0.002694484006312966,0.0031948881789136763
0.0018728470619711792,0.0004347680679575782,0.0024079462225344546
0.00307461054933034,0.0033820716042632965,0.0046802405028694575
0.000768147484317018,0.0017283318397132905,0.0011842273716553724
0.0009753124047546272,0.0019811033221578092,0.0009448338921060721
0.00047824007651836565,-0.004509120721459292,-0.004065040650406496
0.001014597106761806,-0.0011127839235453027,0.0015709890685342714
-0.0012034056379553455,0.0001805108456933189,0.002978428953939677
8.09126952019569e-05,0.00048547617121128147,0.0019149337864445247
-0.002777366316101318,-0.0039623759443045215,-0.007110057769219433
-0.00027401764673651215,-0.0027949799967117383,-0.002466158820627986
0.00028507174305543643,-0.0003167463811724871,0.00015837319058633356
-0.0013773330335057597,-0.0014335507083426775,-0.0012086800089948471
-0.002082506941689791,0.003966679888933114,0.0031402882454054128
0.0014480162177817855,0.0018663320140298,-0.0072079029507353
0.0008192423646611613,0.0034408179315767286,-0.01468082317472807
-0.0012767315671881076,-0.0007660389403128283,-0.00038301947015641414
0.0002871088142406328,0.0006525200323649936,0.00086132644272175
-0.0025315031503149676,-0.009169666966696645,-0.017945544554455434
-0.0009294297284736531,-0.0034189736440283234,0.0003983270264887624
0.00017492303386513913,0.0009445843828716718,-0.0063671984326895935
-0.0012845573862050722,5.5850321139295754e-05,0.0036302708740573986
-0.0006327700439217446,0.0011166530186851578,-0.0009677659495274612
0.0007917415268430553,0.001065805901519604,-0.0019184506227351488
-0.00022954206358316034,0.0037491870385248796,-0.0011859673285129588
0.008762031198141342,0.008396946564885405,0.008828410222369625
-0.0013495276653171901,-0.0015744489428700247,-0.0017351069982649587
0.0010278666057559837,0.0018273184102330523,0.0046063651591289004
-0.00016645859342489188,0.006491885143570625,0.005104730198363246
-0.002665175046064761,-0.007436167412476938,-0.007501974203737923
0.0005816066884768017,0.002471828426026717,0.006361323155216285
0.000510026038171569,0.0010468955520361936,0.0018253563471398461
-3.3263480025249994e-05,-0.0020623357615673905,-0.0033928749625785244
0.0012367149758453842,0.002898550724637681,3.8647342995133934e-05
-0.0008017638805372664,0.0004295163645734251,-0.0034933997651977987
0.0,-0.00199567603525683,-0.000898054215865564
-0.0012311901504787651,0.0,0.0011217510259918604
0.0,0.000609446419502116,-0.0016590485864229187
-0.0006934545594637548,0.005008282929460305,0.003043495010979776
0.0004293688278231163,7.156147130378491e-05,0.002611993702590387
0.001214902807775424,0.0019235961123109922,0.001822354211663136
0.0,-0.0006978110768326639,-0.00370941677684733
-0.002096985583224124,-0.0037446171129002057,-0.0020595394120951557
0.0,0.001197955489298234,-0.0036204877009903464
-0.0005282992286832463,-0.0007748388687353477,-0.00031697953720998776
0.0013312184897750253,0.0006797711437149751,0.003597122302158222
0.0011226110289687535,0.0008488034609275105,-0.0003285690816494292
-0.0004033884630899415,0.00012411952710466524,0.0005275079901946067
-0.0007826694619146687,0.0006149545772188045,0.0005590496156533574
-0.0022493328250096523,-0.0028593213877239803,-0.0032405642394205975
-0.0006009615384615312,-0.005566801619433349,-0.0031945850202430657
-0.00010873110797009734,0.0005436555398498686,-0.0026820339965931248
-0.0011181751381743902,0.0023641417207118276,0.0041532219417910335
0.0010997916184301792,-0.0007524890020837894,-0.0016496874276452685
-0.00018823276325694626,-0.00024201355275888726,0.0009680542110358547
0.0003585514521334918,0.000537827178200165,0.00012805409004766524
0.000313195991091227,0.0009743875278395486,0.0007307906458796615
0.004485088536812568,0.00489282385834112,0.004019105312208747
-0.0007274567479521086,0.0004427997596229445,-0.0033209981971724432
0.0017902390657707232,-0.0022859975762916825,-0.004103778781535775
0.0020828126301757894,0.0024160626510039284,0.0018884167846927348
-0.0006208744526501462,-0.0002614208221684337,0.0003267760277106815
-0.0002489006886251694,0.0008849802262232087,0.0012445034431263185
-0.0007038059661090111,-0.001380542471983084,-0.001597098153862898
-0.0008574668768842017,-0.0013553508699138447,-0.0014659917572538178
0.0004895276058602971,0.003951187104444196,-0.002272806741494577
-0.0004037438062030231,-0.0011011194714626955,-0.001651679207193939
0.000922792986773256,0.002768378960319927,0.006403624059729772
0.0007799044617034708,0.0009748805771291538,0.0048094108471710955
0.0016507643038726932,0.0008914127240913819,-0.0073954240813496955
-0.0010499660305107004,-0.000772033845963807,-0.0029337286146624317
-0.0012754409769335884,-0.0010583446404341557,0.0002442333785616689
-0.0013517427826589396,-0.0016092175984036563,-0.0001287374078721754
0.0007309674354007113,-0.0016446767296516523,-0.0014619348708016305
0.0005081157374735549,0.0016937191249118497,0.007395906845448143
0.0027399185049879608,0.004847548124209623,0.006814669102149774
-0.000627046610464735,-0.001881139831394205,-0.005051208806521245
-0.0015262339457466241,-0.007919138397742326,-0.004780279905546185
-0.002259342938627407,-0.005370569280343674,-0.006963220860031836
0.0014825174825174063,-0.004167832167832193,-0.0046713286713287155
0.0012546637171063342,0.002344240103014427,-0.0003631921286360935
0.0021663056157306356,0.003966005665722372,0.004765872354607588
-0.0008948259883034404,-0.006359656131155952,-0.004601962225560058
-0.00584351271046544,0.0,0.0015846814130076534
-0.0037097492209526638,-0.006262056684968137,-0.005104614928030778
-0.0004083427566277027,-0.002795577333835866,-0.0040520165849981795
0.0011204063340305174,-0.001232446967433463,-0.0025022408126681205
0.0007817997029159943,0.002006619237484642,0.0018241993068042338
0.0006780938029761041,-0.0009041250706348055,-0.0014315313618383707
0.0007474095464581975,0.00016986580601309503,-0.0022762018005775975
-0.00011705489874757245,-0.0005267470443638266,-0.011266534004448152
0.0005505650536076433,0.001999420457838301,0.0006664734859459905
-0.0016443987667007927,-0.0013360739979444548,-0.0030832476875641565
0.000648088139987099,0.0002287369905836692,-0.0016011589340856845
-0.006536135080124911,-0.002895393171458851,-0.01106556202161499
-0.00022479487467681264,-0.0017140609194110758,-0.0015173654040688447
-0.004892340074522771,-0.012629063913303177,-0.007651392325852597
-0.0006459322417078082,0.0005490424054517195,0.000807415302134806
0.005094718714121552,0.0032290470723305726,0.010942881745120387
0.002460970545258734,0.005652541721141161,0.0047296777666693
0.00027149014151418225,0.002918519021277893,0.002918519021277893
-0.006326672324666473,-0.008139804027467069,-0.003973458838052733
-0.00199342519409664,0.0001398894873051006,-0.001503811988529086
0.0,-0.0009666639047697017,-0.0048609384925566625
0.0003655638822883052,0.002412721623103521,0.00021933832937306625
-6.696802276906684e-05,0.0019420726603048416,0.00016742005692285743
0.002231498254180688,0.0013651518731458397,0.0008663463810348482
0.0029474500678688806,0.0013185960829938917,0.0018227651735503992
0.0007268498328244971,0.0011629597325192365,0.003234481756069146
-0.0009242395411423378,2.7183515915923844e-05,-0.000815505477478488
-0.0045591372709471965,-0.01461261945816407,-0.004120758687202341
0.00494716911989252,-0.005893849630489241,-0.013009222500458044
-0.0001877984654182357,0.001368245962332969,0.0013414176101303858
-0.00028633902540611627,-0.00320179092044986,-0.005700749687630148
2.7523188286106034e-05,0.0008256956485839633,0.0007431260837256452
-0.0009857720237900023,-0.0012815036309269095,-0.0023658528570958187
0.003983165489252977,0.0003381932962572335,0.0009018487900195742
-0.0007840196345787366,0.0022157076629396553,0.006613035178620118
0.0012341381601847611,-0.004683396095060341,-0.01079079775956447
-0.00046158918562474896,-0.0008902077151336585,-0.004516979887899784
-0.0034703683929525777,-0.012012813667912568,-0.01403401723743424
0.00014347716919532128,-0.0032641055991966175,-0.004053230029771496
-0.002237521514630033,-0.008462421113023652,-0.007888697647733792
-8.494011721728451e-05,0.0026048302613324724,0.003340977943882915
0.004024723300273041,0.00025873221216034204,-0.008020698576972891
-0.0005022407664966599,0.0023180343069078304,0.002356668212022924
-0.0007918440067305166,0.0006268765053284429,0.0019136230162659308
0.0023383872671041885,0.004450478992230546,0.005091649694501104
-0.0022289710512385036,-0.001420969045164659,0.0012816583544620643
0.0018688208343380895,0.0021401012780324223,0.0006932722449964377
0.000722245150639828,0.0005502820195350977,0.0005158893933141907
-0.0005061529214514726,-0.000537787479042156,-0.000664325709405069
0.001201040902115212,0.003035964502568787,0.002702342029759132
0.000679251691053715,0.0017264313814281654,0.007471768601590704
-0.0009137328675088197,-0.0017737167428111395,-0.002123085192152702
-0.0003009658266984422,-0.000902897480095171,-0.0004924895345974085
0.0004352620277406339,0.0015379258313503938,0.0019731878590911927
-0.00033321300641436303,-0.0016105295310026493,-0.001666065032071815
0.006838124054462907,0.014735249621785188,0.027201210287443295
0.003421362129798056,0.0024947432196444834,0.0011404540432661536
0.0013113592060960645,-0.0012759170653905967,0.0004961899698743336
0.00031004146804650986,-0.00015502073402303462,0.004069294268108404
0.0016986757262705719,0.0028426818276363905,0.002392012757401365
0.0003204700226999721,0.0009881159033248888,0.0
0.0015710096355257249,0.0012917190336545334,-0.0003840245775730123
0.0006488797282339628,0.00011450818733529033,0.0008397267071261134
0.00033249593616068785,-0.00014777597162708903,-0.001219151765922802
-0.0001128795575121923,-0.0007054972344508409,0.0008183767919628728
-0.00030753853842303494,0.0016914619613270202,0.0012301541536923583
-0.008728290982751965,-0.007328189698829216,-0.00795376686824158
0.0008839929280565446,0.002005983952128298,0.000679994560043481
0.0004922279792746056,0.0006217616580311117,-0.00023316062176159324
-0.00026196011657219975,3.2745014571501706e-05,-0.0005894102622875891
0.00022487069934785305,0.001156477882360361,0.0015098461241927798
-0.0013502160345654965,0.00705112818050895,-0.0035705712914066187
0.00014661466733135317,0.0005571357358591754,-0.0001172917338649492
0.00211023184784131,0.002443426350131877,0.002304595307510873
-0.002528977871443521,-0.005409202669476514,-0.0016859852476289476
0.0008172666146588926,-0.00029718785987586493,0.0033062149411196046
0.0003377427526034465,-0.0021108922037714607,-0.0021108922037714607
-0.0014069771636782942,-0.00191204588910124,-0.0010101374508458918
0.0017344634617273607,0.002585332329744479,0.002585332329744479
0.002386721151412234,0.007087838570860437,0.011174194481611515
-0.00014132677577096968,-0.0013567370474010518,-0.0018089827298681227
0.0009228445985627142,0.00044743980536375463,0.001342319416091105
0.0027827308585941257,0.0027827308585941257,0.002836764467498815
8.37637861232153e-05,-8.376378612305659e-05,0.0008934803853135559
0.00047539061262014424,0.001077552055272183,-0.0015846353754001205
0.0009010531058174049,0.004758686715098265,0.004026581066621633
0.0026097526097524715,0.0016445016445015713,0.015980265980265872
-0.0010972732759094586,-0.0016733417457618193,-0.002112251056125634
-0.0013582142435336587,-0.011367662690445325,-0.02131805834415976
-0.0003837403722281237,-0.00024669023928946355,-0.0011786311432722277
0.003073770491803233,-0.004269125683060109,-0.009790528233151177
-0.0016034058551959774,-0.00016586957122716466,-0.001769275426423142
0.0,0.0009305998138799923,0.003045599390880077
-6.086242049858085e-05,0.0010346611484737987,0.0011563859894707874
0.00010392489694104934,0.0006581910139605699,0.0018360065126267803
-0.0006122448979592068,-0.0013265306122448516,0.0009183673469387137
-0.00471752387527334,-0.0018409849269359804,-0.001649215663713446
-0.0062070878701713725,-0.012483528677439569,-0.013974616825022445
0.0013499205929062756,0.00015881418740074714,0.0002117522498676127
-0.0007768714277787846,-0.00158148826369234,0.0012762887742078118
0.0,0.003889070621160881,0.0014175117217314955
0.00037085110328204633,-0.00018542555164102317,0.0002163298102478311
-0.00312664675917789,-0.002283506060073695,-0.0007377481117160708
0.001352042680698486,0.0025579185851055636,0.002667543667324276
-0.0025357038764208814,-0.0032643544156222806,-0.0013115709705626506
0.0011237638597542418,0.0010488462691040253,-0.0011986814504046004
-0.001398751882935178,0.004052793917222564,0.0013270210171436932
-0.001884671339769849,-0.0017854781113609988,-0.0021161222060573546
0.0005347164665937104,-0.0012298478731651995,-0.0018982434564071855
-0.00032607809570393343,-0.004075976196299014,-0.0037770712752370488
-0.0014867337602927201,-0.0010292772186642658,-0.0009720951509605872
-0.000738470627330756,0.0029169589779567276,0.0036554296052874833
-0.0008777918657953179,-0.001300432393770855,0.000682727006729856
0.0003412073490813529,0.0008923884514435039,-0.00015748031496063588
0.0030240510979848887,0.0008478647938275765,0.0035610321340756607
-0.004055070473200592,0.001471598155596941,0.007652310409104205
-0.004583879033218132,-0.004911298964162333,0.00014882724133828841
0.000389946470984486,0.0017015846006594286,0.004998404764436971
-0.0006436750457347981,-0.0011857171895115616,-0.0029134765227996936
-0.000137491063080931,-0.000412473189242793,5.4996425232309874e-05
-0.0014624936846863918,0.009333368787725666,0.004600207408195331
-0.0010753368334494016,-0.002909734961098159,-0.0074324751723702405
-0.0054730489320157566,-0.012011123602153726,-0.013401573871368477
0.0009353190877041186,0.0017986905532772141,0.004424778761061807
0.0017380260035428383,0.002306226812393455,0.003041545506200157
0.0007776599505126451,0.000636267232237564,-0.0035701661364439413
0.0003418713511807591,0.001472676589701789,0.0017619523483932465
-8.240626287605977e-05,-2.7468754291967874e-05,0.00021975003433589914
-0.001356658336308445,-0.00035701535166020255,0.0034630489111030717
-0.0002528445006322919,-0.00097525735958114,0.00039732707242173305
0.0010370961308336295,0.001010503922350739,0.003988831272437176
-0.0006561226604047162,0.0013122453208094325,0.0009669176048070639
-0.0015563337224167703,-0.002390083930854354,-0.0024734589516980333
0.00016308336277894668,0.0022288059579788346,0.00258215324399986
-0.00022014915104979246,-0.0028069016758853625,-0.0026417898125979788
-0.0026802944750196557,-0.0001429490386677881,-0.004753055535701466
6.591957811482747e-05,-0.0033289386947923235,-0.0027686222808173204
0.0009277368236297191,0.0008525149190111625,0.0020059174564966936
0.004954400580643104,0.008299409889867132,0.006595348543658784
-0.0003060183611017743,-0.0014620877252635388,-0.002142128527711647
-9.618159084360731e-05,0.0009618159084349797,0.004296111057676814
-0.0002001658517056795,-0.004289268250836408,-0.0036029853307025564
0.0009710084616450711,6.93577472603059e-05,-0.006242197253433248
0.004152739795401662,-0.004861744150714061,-0.011209021236368525
-8.469791078479027e-05,0.0017786561264822006,0.001242236024844714
0.0007108443250929065,-0.00021062054076819654,-0.001342705947397496
-0.001304291117777599,-0.0034889787400547577,-0.0034237641841659426
-0.00045213066576242243,-0.00045213066576242243,-0.0004898082212428027
-0.0009076535691280736,-0.0013761199273877942,-0.0026058441178194156
0.0014375326711970652,0.00771040250914798,0.011957658128593915
-0.0009380159087498124,0.0009755365450997708,0.0006378508179499322
-0.0007483756845937588,-0.0004082049188692878,0.0006123073783037384
-0.0012309796546418658,-0.0007864592237988078,0.003043255257308895
0.0008851600985222375,-0.004502770935960434,-0.002116687192118052
0.0021834649702130774,-0.000916516160336501,-0.016712941747311225
0.0013096063477389067,0.0026962483629920215,0.0031969802018333876
-0.00037199187340845364,-0.0010015165822531912,0.0004578361518870523
-0.0005302026131413988,0.0006059458435901086,0.004885438363946084
0.001854788849762097,0.0004838579608075235,0.00061826294992075
0.0005537507383342338,0.000922917897223863,0.0024365032486710907
-5.169160786756262e-05,0.0002843038432709333,-0.0008270657258795327
-0.0004146069207462779,0.0009248923616646902,0.003540105246372233
0.0010147133434805053,0.004340718191555388,0.005778228761486023
0.0005761000768134434,0.00030176670690226505,0.0015637002084933425
-0.0015061900738399332,-0.003012380147680075,-0.004151206788876219
0.0008678436796571832,0.0015458465543893721,0.0017899275892928922
0.00014481000926787354,-0.0008978220574604537,-0.002172150139017609
0.0010636176294621857,-0.0012298078840656933,6.647610184132756e-05
0.0,0.0018936524768974397,0.006438418421451252
-0.0018252338580880749,-0.003031191942896277,-0.0033245330986603496
0.003908938255292251,-0.002505023811489989,0.0019269413934540301
-0.0014414951784472634,-9.941346058261373e-05,0.0030569639129137123
-0.0004843336686414526,-0.002496181215305003,-0.00044707723259194716
-0.0018819776714512758,-0.0031578947368421342,-0.0036044657097288532
0.00043464087797459003,0.0010141620486074454,-0.007171574486580324
-0.00027906111438397255,0.0028216179343276953,-0.0015813463148429225
0.0001228742750418052,-7.3724565025139e-05,-0.0006635210852256921
0.0013736760293532714,0.001120630444998743,0.003000397643061071
-0.01168742301902296,-0.011660052004926912,-0.012973860681538276
-0.0012880603957208258,-0.002361444058821514,-0.0069769938101541685
0.00038264329991590554,0.0008800795898064521,0.002219331139511904
-0.0009348240661107579,-0.004188011816176213,-0.003664510339154239
-0.000504880511612271,0.0008975653539773174,0.005834174800852803
-0.004083927673049191,0.0026634310911188694,0.006007516794412632
-0.002526474224587426,-0.0022845777562759306,-0.005456109229694215
-0.0004582789861458577,0.0,-0.003066943984207017
0.0011963710079424305,0.0017945565119137402,0.0002990927519855604
0.0010029396507003994,0.0004150095106346345,-0.002766730070897301
-0.001342613857188268,0.0014839416316292124,0.0015546055188497849
0.0011006067447438587,0.0004515309722025347,0.0019754480033864503
0.0005291152635829395,0.001503801275446324,-0.0003063298894426378
-0.0009608665269042164,-0.0018052643838807492,-0.0028825995807128147
-0.0009171306911235819,-0.0005895840157222628,-0.004028824107435369
-0.0008268335032935848,-0.0017363503569164497,-0.004575145384890908
-0.00163010838790858,0.0006863614264878573,0.0006863614264878573
-0.0042574686101890845,0.0034997835185451376,0.002345215759849824
-0.0005913310862753399,-0.011856188279818011,-0.018597362663355273
-0.00022749677712899927,-0.004170774247364915,-0.00515659361492384
-0.0009441979038806891,-0.0008497781134927096,-0.000314732634626956
2.7474037034976934e-05,-0.0011813835925051014,-0.001456123962855183
-0.0008661055024766557,-0.004898909248382825,-0.0013803556445720836
0.0003260515161395905,0.004386874944423091,0.004209028662892421
0.000278338320228182,0.00090459954074174,0.00090459954074174
-0.0013007578328242833,-0.0002544960977264308,-0.0022621875353467124
0.0010003334444815318,0.0024008002667556764,0.007635878626208805
-0.0008531249139995109,-0.0012934474502573885,-0.0006880039629028263
2.743710044719978e-05,-0.0012621066205724377,-0.0014267292232557924
-0.0010869565217391716,0.0012077294685991368,-6.0386473429896774e-05
0.0006080371455420576,0.0020175778011166275,0.002901995467359492
-0.00029887548100288015,0.0006351103971306424,-3.7359435125306926e-05
-0.0002963521741473507,5.3882213481280806e-05,-0.0011854086965892498
0.0005398735153477803,-0.001966682091624213,-0.00030849915162727167
0.00036484245439473846,-0.00013266998341631995,-0.0010945273631840268
0.0029043941775437907,0.0035536116995830095,0.004920385430192024
0.0023464711274059995,-0.000769935838680035,0.004252978918423556
0.0003473945409428942,0.0008684863523573765,0.0009677419354838371
-0.0009534142091594189,0.0016766939540388299,-0.0015451885458790389
0.0013581051716644937,-0.00046175575836597104,0.0011679704476313287
0.0004153255113695516,0.0016959125047589696,0.00013844183712324943
0.00046204620462041705,-0.0008250825082508251,0.00013201320132019955
-0.0005838513583130676,-0.0018889308651303751,-0.0013737679019130888
-0.0009472567444680206,0.000378902697787079,0.005039405880569809
-0.0007856581672736607,-0.0018570102135561097,-0.004321119920005641
-0.005784257348712849,-0.0031119981057403374,-0.0044650407604099485
-0.002426024627825859,-0.004300680022054828,-0.0038595846351773986
3.760529482547723e-05,-0.0006768953068592313,0.001353790613718249
0.0014725414332737996,0.0012415545417797738,0.0007795807587920502
-0.0011990407673860657,-0.0020233812949641055,-0.004196642685851336
0.0020393596410727805,0.00231127425988242,0.0006118078923218342
0.0008738394320044024,-0.000983069361004849,0.0069907154560350125
-0.0010841765817859535,-2.7799399533102822e-05,-0.00261314355609934
-0.009929757343550491,-0.005906768837803212,-0.00763090676883776
-0.001849983181971111,-0.0033972418432559395,-0.004137235116044461
0.0009454655472354587,0.0011345586566825934,-0.0015505634974662468
-8.692376785551159e-05,-0.002462840089241801,-0.0033320777677975756
-0.00021470746108428083,-0.0001073537305420387,-0.0010377527285738545
0.00030975444920030876,-0.002168281144401841,-0.0031820229781482187
-0.0003687859566308553,0.0046467030535476865,0.0016964154005014733
-0.0014627520635252386,-0.0030038658447392574,-0.0016978372165917285
-0.00016912461101343314,-0.0013191719659044322,-0.0019280205655526762
0.0009036563325454987,-0.0011817044348673427,0.002571944946475574
0.0007418805297576024,0.0013463757762268757,0.001016651096334573
0.0011932311252530522,0.0018802429852472584,0.0061107897020537955
0.0015313935681471444,-0.00011485451761092158,-0.001722817764165347
-0.0024428413298216967,-0.0019848085804801013,-0.0023283331424864065
-0.0017679257471185591,-0.0018019243191785017,-0.003943834358956816
0.0033189033189032534,0.0030303030303030633,-0.010476190476190464
0.001628433871424453,-0.0002832058906826711,0.0025134522798073472
-0.0015525010413115538,-0.0020068915899881584,0.004127380817145791
-0.0002244165170556638,-0.006956912028725365,-0.008490424895272436
-0.000513445863551842,0.0005776265964957539,0.0019254219883191796
0.0007171649726735921,0.000593515839453988,0.00044513687959049094
0.001739900667489201,0.0016766315523076545,0.001834804340261251
-0.0018604990515102542,-0.0070042317233329045,-0.0013862541952429426
0.0001696208972945531,-0.001045995533316384,0.0007632940378254087
-0.0003266639444671418,0.0033210834354157354,0.005144957125357251
-0.0068945886966697454,-0.005091875138366215,-0.005597899996837287
6.6713366022822e-05,0.0020347576636977776,0.0012008405884117441
-0.0020100502512561463,-0.0007444630560208027,-0.0007444630560208027
-0.001218681673178364,-0.006380156994874474,-0.004122011541632439
0.00024198008849574818,-0.00024198008849555166,0.0012444690265487198
-0.0007376349095426576,-0.0016693842689650084,-0.0015140927090612096
-0.0009088548428978601,0.0001298364061283448,-0.001947546091924065
0.0005446623093681853,0.0013759889920881155,0.0030099759201926714
-0.0012989422898495673,-0.00011133791055844393,-0.00018556318426428417
-0.000929786149185694,-0.0003899103206264128,-0.005368765184007739
0.00013708395021114046,0.0004386686406754624,-0.00043866864067561827
0.0007287301876479819,0.0032428493350336544,0.0026598651849153517
0.0033763483933732202,0.005665398151592372,0.005322040687859491
0.00035284857367748405,0.0007056971473549681,0.0021713758380153933
0.0004342452483548634,-0.00026722784514141056,0.0009018939773523793
0.00033683895355355735,-0.0009356637598712527,-0.0001122796511844482
-0.0006141618497110401,-0.0007225433526011149,-0.0031069364161850203
0.0003312025966282446,-0.0024840194747126816,-0.012784420229854647
-8.46931285642526e-05,0.0021455592569589264,0.0036700355711138683
-0.0009629935341861766,0.0013757050488376467,0.0005846746457560046
0.0003554039165512412,-0.0017770195827558019,0.0032697160322707323
-0.00046711821427375253,-0.001468085816289072,0.0029028060458443313
-2.717686705074167e-05,-0.00040765300576143404,0.0010870746820307482
-0.0006550218340611602,0.002656477438136686,0.003493449781659314
0.0012233912405187975,0.0032856793316788347,0.005173197245622071
-6.383657835952331e-05,0.0011490584104692423,0.001276731567187926
0.0018882175226586494,0.006763251853886389,0.00487503433122774
-0.009880249973815536,-0.013266766749293061,-0.008099710225884136
-0.00013254688846167282,0.0008946914971172333,0.0027172112134669297
0.00233382071757969,0.0013215611292318843,0.004892588010347568
-0.0007197610393348999,0.0012235937668693094,0.0010076654550688188
0.0009978425026968838,0.0006472491909385358,0.0014293419633224721
-0.000374723215806553,0.0029637199795605673,-0.007460398569238622
0.0019070922241012293,0.0025907667950054707,0.0029146126443812823
0.0007790473363999834,-0.002671019439086019,-0.0009645347974476588
0.0005597641527035759,-0.0031719968653208296,-0.006717169832443972
0.0004790189691512873,0.001437056907453499,0.002011879670434935
-0.0028861044629029746,-0.00014078558355631586,-0.00038716035477971857
0.0005375324100424206,-0.0001580977676595566,0.0014544994624677051
-0.0001412309691267817,0.0005931700703331255,0.002174956924554526
0.00044457146486293335,0.00022228573243146668,0.000825632720459785
-0.0008295761947701287,0.0,3.6068530207361245e-05
0.0014063556457065093,0.000676132521974307,0.000378634212305575
-0.00010585931297311295,-0.0008204096755412118,0.00018525379770283485
-0.0005907339165659691,0.016371768544825433,0.009029789867506764
0.0006441125049843155,0.0004907523847499464,0.0021470416832808192
0.0,-0.0017147543428016833,0.0035413404905688087
0.0003373060490218252,-0.002333033505734158,0.0005621767483696555
-3.511729175442796e-05,0.0012291052114061763,0.0022123893805309574
0.000285478652540861,0.00025375880225840286,0.003711222483029931
0.0006962906697051123,-0.0021205215850106313,0.0004114444866438646
-0.0010096781343117399,-0.002290245524170726,-0.0032014184746472565
0.0026990981836655845,0.0039375079385240985,0.006922392988695563
-0.002893474453666518,-0.0041117794867891605,-0.0001522881291404114
-0.004744086596284966,-0.002138179874381887,0.005445676867566469
0.0005683907853823797,0.0018723461165535535,0.0027750844227491423
-0.0008388323453752695,-0.0010065988144503234,-0.00036349401632925697
-0.0008338386901151094,0.00034111582777452944,-0.0034869617950271346
-0.0019692473698407374,-0.00045859185325064993,-0.0011599676288103773
-0.0008376034686638545,-0.0016013007489161265,-0.015027591643673685
0.0005850091407679159,-0.0025959780621571463,0.0024131627056673674
-0.0002489652382285628,-0.0006535337503500437,0.0009336196433573317
-0.00029481132075475356,0.00029481132075475356,-0.0015008576329331106
-0.0001300356297625845,-0.0005721567709551648,0.00028607838547765635
-0.000908790482485085,-0.0005232430050671891,-0.00046816479400753444
-0.0013162789366756413,-0.00017168855695768527,0.000658139468337658
-0.00027573846206867296,-0.0015165615413779952,-0.00072381346293034
0.0008293249295074124,-0.000525239122021335,-0.0035384530325649074
-0.0006706008583690987,0.0014753218884120476,0.003084763948497793
0.0003973825734494854,5.2984343126557894e-05,-0.0005033512597029024
-0.00014732422378536193,-0.0033516260911199153,-0.0039777540422083315
-0.004375527750057738,-0.005066400552698216,-0.006294618868504042
-0.0012229922543824353,-0.002504222235163979,-0.0019218449711723982
-0.000801949353813858,0.0011103914129731152,0.003269485827087389
-0.00041297492115938443,0.0,0.001726986033938953
-0.0002640786954511919,0.006238859180035606,0.009341783851587722
0.0012024699382515585,0.002567435814104714,-0.0003899902502437587
0.002719943010717974,0.0021047178059127487,-0.0010685490399248263
-0.0027104861934607984,-0.0034558698966626524,-0.004167372522446083
0.0003784295175024512,-0.0006054872280038789,0.0014758751182591726
0.0024126113776559164,0.0030157642220699733,0.001973954763536744
0.00012800409613095978,-0.0016000512016384524,0.00016000512016388162
-0.0008317662375233667,0.00032547374511800897,-0.003652538695211887
-0.0004206351590901853,-0.001201814740257721,-0.0013520415827899788
0.0006372779917429867,0.001579341109971996,0.0011637250284003188
0.0007833798138689562,-0.00015667596277382686,0.002193463478833042
8.475294516476739e-05,-0.002373082464615735,-5.650196344333885e-05
-0.0005454487117785347,0.004556101004267203,0.0016363461353354218
0.0004575742843251299,0.00022878714216256494,-0.001029542139731786
-0.003392847210634547,-0.0008343066911396946,-0.0023082485121530233
-0.000587686244684755,-0.00041483734918935445,-0.0024198845369377696
0.00013615630744101187,-0.00020423446116122758,-0.00687589352576752
0.0014273950041174357,0.0005215481745813827,0.0011254460609386994
-0.0032052363440061697,-0.005735686089274229,-0.004149937582239487
-0.0003561634077713641,-0.0020301314242974437,-0.0034191687146061887
-0.0009533494343460384,0.0004448964026947577,0.0009533494343460384
-0.0013188745603749884,-0.00047626025791323075,7.327080890987198e-05
-0.00045450118494947365,0.0009090023698991318,-0.0014284322955556204
0.00042835724994652233,0.0014724780466909707,8.031698436503952e-05
0.0018496122928079912,0.0018851817599773407,0.005015294870882923
0.0008711791220030234,0.0028786788379227715,0.0014393394189613857
-0.002633947921181677,-0.0018671023238755785,-0.001366985629980412
-0.006867876897947146,-0.0015591936741285812,0.013327393547907988
-0.0017156035549556014,5.624929688373779e-05,0.001603104961187966
-0.0002885086985373265,-0.00017310521912236308,0.0004039121779521259
-0.0012286560393171293,0.0008191040262113001,0.0002835360090730735
0.0003211022564731694,0.001226026797442905,0.006392854015237755
-3.211819495759675e-05,0.001670146137786998,0.0006102457041914171
0.00026843475693238863,-0.0005368695138646247,-0.002254851958231485
-0.0027491408934708947,-0.005465553919162218,-0.008149239077074159
-0.0012626262626261396,-0.0015151515151515726,-0.001587301587301579
0.00053874727081974,0.0004820370317859729,0.001304335497774065
-0.0010095547142600669,-0.0017306652244457117,-0.0019830539030106773
-0.00148247502735525,-0.0025060887367194225,-0.00014118809784342403
0.0015100721814502733,0.003835583340883639,0.004288604995318653
3.614022406935636e-05,-0.001084206722081718,-0.0006143838091796745
-0.00030129557095497566,0.0009038867128653552,0.006553178668273611
-0.0008788890841975743,-0.009175602039022724,-0.014695025487783467
-0.00022403943093980084,-0.0013722415145065788,-0.005320936484821265
0.0003369097600165745,-0.0007256517908050317,-0.001088477686207474
-0.00011618900077448767,-0.0017428350116188561,-0.00255615801704093
-0.0001617233237377862,-0.0012290972604068811,-0.0010673739366692787
0.013417939057439363,0.013913675722123197,0.014277215942891115
0.0013596193065942054,0.0024548681924617954,0.006684794924088069
-0.00010407993338889588,-0.00028621981681935276,0.0028101582014987097
0.0007685624540533924,0.0018044509790818035,-0.0015371249081065949
0.0004414036636503653,0.001292682157833238,0.00015764416558946737
0.0013816592763959577,0.0022813443866074785,0.0029561082192659824
0.0,-0.0009414964563119848,0.0013076339670999293
0.0004728263892750711,-5.562663403248221e-05,0.00013906658508081027
0.005817599108200432,0.00397129519960979,-0.005852435031003995
-0.0033954630833694472,-0.004515243461927467,-0.0003973414246494611
-0.00046054235635146405,0.0008398125321702443,0.0012190827079890246
0.009701329845214587,0.010464355788096777,0.00236174696606343
0.0008175277959450621,0.008077174623937117,0.007259646827992055
-0.0003510619624364498,0.0016850974196944402,0.001790416008425455
-0.018146150073565508,-0.010528036619257894,-0.0061794997547818965
-0.0007088846880906895,-0.0001837849191346177,-0.0019428691451376001
0.0005670257829959505,-6.670891564651549e-05,0.0019679130115739132
-0.0003531640286384359,0.000642116415706131,0.0023758307381126663
0.0008303260626576531,0.0009580685338358234,0.001405167182959147
-0.0006621602979721592,0.000772520347634238,0.0036142916264312384
0.0023118046525070195,0.0032509752925879,0.0047680970957955865
0.0023243226032413737,0.0042984048142134645,-0.0001592001783042359
-0.0009182209469153319,-0.006111908177905296,-0.0020086083213772987
0.001996245865983422,-0.003903107588713769,-0.0001191788576707102
8.208158909949032e-05,-0.0007934553612958506,-0.002079400257188954
0.0023828655343436224,0.0022720345792579676,0.005264470366573321
0.001990589938472716,-0.00047050307636625207,0.0025334781035106354
0.001856782511210866,0.002172085201793738,-0.003818665919282424
-0.0008614854470493285,0.0004922773983140269,0.0005845794104978086
-0.00030700530281890494,-0.0008372871895060322,0.0002232765838682224
0.0038612297431696984,0.004475516293219367,0.00014625870239282562
-0.0001925607368657604,0.0003851214737315208,0.0018614204563690779
-0.0019997736105345537,-0.0012074104818322199,-0.003244915669923997
0.0,-0.0008671887318022833,0.0
0.0006127280323073957,0.0006962818548948614,0.0003342152903495461
-0.0068417880818176825,-0.004927505406076027,-0.0068417880818176825
0.00024946209735253385,3.118276216904458e-05,0.0013408587732701577
-0.0004938620008467729,0.0028926202906730393,-0.0015874135741500122
-0.0009646409207331952,-0.0016299105212387623,-0.0010311678807836953
0.0017757962746060014,0.006309744209770503,0.006309744209770503
0.0023311575862529823,-0.00033302251232171943,-3.330225123215301e-05
0.0008884940026654166,0.0015156662398410747,0.0007317009433715021
8.576084159964756e-05,-8.576084159981006e-05,-0.001229238729596086
-0.0006874931250687494,-0.001924980750192467,-0.0015674843251567297
0.0009606147934679386,0.002881844380403485,0.004919512124123234
0.0009748624747579301,-0.0011141285425807742,-0.0005222477543347751
-0.002469516900756456,-0.0007717240314865159,0.0007717240314862965
9.203018590089182e-05,0.0015645131603165558,0.0
-0.0009555310547592463,-7.350238882757005e-05,0.0009310302584833896
-0.0014740310413595505,-0.0034105031937339426,-0.003815139165871826
-0.003018802829049541,-0.0039963199355988336,-0.01857282502443787
0.0007291171342527126,0.0006023141543826208,0.002250752892693094
-0.0006429317688660534,0.0018216400117871006,0.0016073294221649814
-0.00082344255778301,-0.0032937702311318785,-0.0024987222443068756
-0.0006003383725371676,0.0009550837744911389,0.0016918626862413486
0.0008929184696750838,-0.0005151452709665297,0.007898894154818365
-0.0003716940671908376,-0.0015725518227305544,-0.0012294496068620637
3.160756052844966e-05,0.0003476831658133057,-0.0012959099816675142
0.0006942722539052137,0.0006942722539052137,0.0008678403173815172
-0.001156069364161825,0.0001445086705200998,0.004552023121387251
0.0005982829279966155,-0.0009871668311945943,-0.0036196117143798387
-0.0008869560241480996,-0.00022889187719946235,0.00031472633114936236
-0.0009631922944615505,0.0,-0.0025455796353629485
0.0013754660296086997,0.00018098237231697748,-0.001882216672096072
-0.0006827336655970118,-0.002662661295828404,-0.005052229125418237
0.002230835726834197,0.0011154178634170191,-0.0013663868826859515
0.0003129672775325376,-0.0001390965677922609,0.0003477414194805534
-0.0011863050735233449,-0.00361409220073386,-0.0037520346511435805
0.0013172167983882496,0.00023245002324501113,0.0040291337362467865
0.0009881694161566073,0.0017018473278252162,0.0012352117701956813
0.0002158118120998571,0.0028415221926480845,0.00507157758434654
-0.0007676659117951431,0.0013817986412313886,0.0012282654588724909
-0.001337613697164373,-0.0006353665061530154,0.0002340823970037225
0.0010521803515061057,-0.00019484821324192888,-0.0008573321382643984
0.0006662225183210814,-0.0006662225183210814,-0.0020319786808794594
2.838167678960024e-05,0.0003973434750526287,-0.0018731906681045815
0.00016705646508523677,-0.0015035081857667511,-0.002439024390243963
-0.002395251154233338,-0.0032630957753323766,-0.002152254660325631
0.0008848207475210388,0.002440884820747556,0.004607170099160918
0.0010180337405467303,0.003781268179173806,0.003781268179173806
0.0002623432499080904,-0.000183640274935708,-0.00031481189988982777
0.0017927266518695448,-0.0002276478288089492,-0.0017358146946673883
0.00039295818924860436,0.0005501414649480759,0.0024887351985748416
-0.0019635343618513183,-3.116721209302711e-05,-0.00046750818139328066
0.0008411341744675139,-8.14000814001616e-05,0.001329534662868021
0.0011856429418317857,0.00362878597348468,0.0012575000898215167
0.0010012237178773382,0.00014832943968540668,-0.006266918826714123
0.000977284733227693,-0.001215002641310186,-0.00443740095087165
-0.0006489092145107829,-0.00043260614300718854,-0.0008034114084419717
0.0018145732917493234,0.0018712787071166006,-0.00022682166146862514
-0.0022460693785874555,0.0004991265285749451,0.001105208741844637
-0.0006264593655675929,0.005552708012984762,0.017825616492966545
-0.0012121212121212058,-0.000385674931129439,-0.0019834710743802404
-0.000883867496733603,-0.0004995772807626327,-0.0009607255399277534
0.001184503901895119,0.0015328874024526117,0.0002787068004458754
-0.0027819840123957476,-0.004401873437334929,-0.0036623586998627334
0.0005051638976201359,-0.00016838796587337863,-0.0014593623709025084
-0.0028307356502165143,-0.0026602094062275258,0.0037856826165547346
0.0017290269036586208,-0.00031122484265866184,-0.0002766443045853243
-0.005548396334478849,-3.579610538370169e-05,-0.0058705612829323675
-0.00042494422607034437,0.0006728283579446784,0.0040369701476680704
-0.0018732438339057844,-0.004097720886668792,-0.0048782391507961285
-0.0009186706295596644,-0.001269927046744197,-0.0022426371251014344
0.00045234698493335,0.0013222450328821305,-0.0010090817356204586
-0.0013880771478667281,7.305669199292012e-05,-0.002739625949736996
-0.0005582260815630542,0.0017367033648627765,0.0012094898433865292
-0.00027268389119907316,-0.0037153180175880257,-0.004976481014384006
0.00017471521420089233,0.0003843734712419234,0.0127891536795023
-0.0027750870487211095,-0.002172945519281726,-0.001335183391365939
0.0008014104824491105,-0.0034620932841801064,-0.005064914249078327
0.005166678462736345,0.004423526081109775,0.012775143322245077
0.0,-3.199488081903985e-05,-0.00038393856982884194
-0.0017997065094000999,-0.002076584433923083,-0.004540797962178595
0.0002689184101542674,0.0008336470714785195,0.0017748615070186848
0.0033861106756544416,0.0028531117730052516,0.010785389559492077
0.0013872249196040032,0.0011665300460306594,-0.00015763919540958248
0.002591943957968508,0.0028021015761821766,0.008021015761821437
0.0007512341704227643,0.0015561279244472636,0.002790298347284727
0.0005784526391901335,-0.0037599421547361137,-0.0075198843094722275
-0.0014709487619515144,-0.0011645011032115577,-0.0009193429762196965
0.0008449514152936526,0.0031263202365864346,0.0049007182087030254
0.0007968354250264081,0.0022197558268591297,0.0022482142348957583
0.0012036843207033168,0.004134393971111534,0.003375549508059356
0.00031125498007975207,-0.0001245019920317593,9.337649402399639e-05
0.0024308720753571265,0.002295823626726111,0.005604510618184358
0.0,0.0006996394166083389,0.0016414617081965815
-0.00029679194884389725,-0.000269810862585389,0.0009713191053072165
5.4925438716891795e-05,0.00192239035509293,0.0025540329003378103
-0.004037267080745396,0.003140096618357378,-0.0017598343685299893
0.004328005078192625,0.002943043453171097,-0.0037220843672455526
-0.0011106855610877842,-7.659900421309327e-05,-0.0006510915358100954
0.001692946058091256,0.0007634854771784836,0.005410788381742723
-0.0013250575353929684,-0.001464537275960524,0.001778366692238119
0.0005947464067404818,0.0009582025441930298,-0.0012555757475631768
-0.00044816253361220704,-0.0029130564684791333,-0.0020540782790559133
-0.00017028039505052295,-0.0022136451356567985,0.002951526847542183
-0.001651284168313043,-0.001828207472060875,0.0016217969510217657
-0.001233766233766219,-0.0006818181818181154,-0.0018831168831168314
0.0004551488716101064,-0.0037929072634174097,-0.005082495732979234
0.00044383748719698006,-0.002082622055308832,-0.0035506998975758405
0.0005083722555840503,0.0008578781812981978,-0.0031773265974009467
-0.0013608444591562932,0.0015447423590423184,0.003861855897605691
0.0037710980119358166,0.0012448284699594766,-0.0013912788781898563
-0.0004436229205175769,-0.0003203943314848933,-0.0002464571780653672
-0.0045028947180329884,0.007897934386391178,0.0317704238438996
-0.000259048182962216,7.401376656051294e-05,0.0031825919621047915
-0.0002180549498473403,-0.0004672606068157039,-0.0002492056569683636
0.0008863283846665,-0.00011079104808337154,0.001024817194770675
0.00032474561593419724,-0.0012719203290754775,0.0
0.0011487238396094095,-0.00294360483899915,-0.003158990558925927
-0.001940095302927138,-0.002416609938733956,-0.00428863172226001
0.0001584585155604821,3.169170311209642e-05,-0.003200862014324801
0.0001966126450019662,0.0009549757042946714,-5.617504142904197e-05
0.0006721875672187566,-0.000241987524198838,-0.00018821251882123353
-0.0007379529186037512,-0.0001844882296507805,-0.004612205741273707
-0.004197982260139512,-0.0013203331302051133,-0.0031823413907508895
-5.4090601757895363e-05,0.0012170385395537217,0.001866125760649081
0.00278757346767417,0.006817800167926021,0.016322418136020197
-0.0004346408779746414,0.0008964468108225146,0.0020373791155058134
0.0,0.002742326758780623,0.003867383890588074
-0.00014561339643233935,0.00018201674554063112,-0.00021842009464871596
0.0015341003835250275,0.003801900950475192,-0.0033683508420878695
0.003281022688581429,0.0014238400346673463,-0.00133098090197173
0.0025250621843672873,0.005012436873445545,0.003994874500640696
0.0007801398679333891,0.0014209690451645004,0.00022289710512380284
-0.00036609921288656747,0.00014643968515475183,-0.0013911770089694141
0.0008362010741967353,0.0008040394944199659,-0.0008040394944199659
0.002258881511396975,0.001403244575261716,-0.0020535286467246996
-0.0002825124776343504,-0.0009417082587814652,-0.0019461970681483019
0.0010329435201240622,0.0007009259600841027,-0.012801121481536027
-0.004082721814542956,-0.005897264843228765,0.0024549699799867003
0.0012232241913919348,0.001308565414047269,0.0015930361562313381
-0.001322061023553545,-0.005670945969453416,-0.004383676025467039
-0.0006632699207090067,-0.001296391208658708,-0.0002713376948354638
0.0014421853349545878,0.0015552979102452036,0.0022056952181659633
0.0006366087477529923,0.003370281605751862,0.0005242660275613629
-0.0004095309009680329,-0.001116902457185448,-0.0032390171258376934
-0.0011698495004424806,-0.004900720880232562,-0.003224990514733723
0.00041049779699509385,2.7366519799652182e-05,0.0003010317177963296
-0.0005492375290771488,0.0005815456190230255,0.001163091238046051
-0.001376113565582659,-0.0005794162381399586,0.007170275946983481
-0.0008335470633495476,-0.0017953321364452496,-0.00044883303411144906
-0.0019444340575103085,-0.0029540440489100716,-0.006282017724264319
0.00030799767290658035,0.001129324800657202,0.0016084322918449995
0.000992485467176991,-0.0008507018290089646,0.0011697150148872256
0.00043300040413364485,0.0015588014548812527,0.0006350672593960234
-0.0007523645743766915,0.00072549441100597,0.001021066208082533
-0.0031165361926315254,-0.0008162356694986475,-0.0019663859310650863
-0.0025441369208234715,0.0012720684604116263,-0.0018502813969625248
0.0009712928987696301,0.0015109000647527127,0.0010432405209006533
0.0011625290632265891,0.004650116252906143,0.002062551563788924
-0.00019169679044815977,-0.0021634352064848843,-0.0017526563698106123
0.0021878798402500278,0.003056086126063537,-0.0025351623545753128
0.00047329522699965577,0.0006917391779225897,0.0010922197546146698
-0.0008680798633474343,0.0008960824395844227,-0.0026042395900423027
-0.000696786421026227,-0.0009197580757547337,-0.003706903759859642
0.001135419551370723,0.002326225422320617,0.002409304901689295
-0.000821495806948322,-0.0013349306862912422,-0.004278623994523362
0.00021824530772589215,-0.0011276007565837417,-0.001018478102720899
-0.0008338771662679219,-0.00116017692698134,-0.003226742078166871
0.0037745864173866083,-0.0019757600778508915,0.00044233434578743553
-0.00010965212862200297,0.00035636941802131487,0.0023849337975273568
8.368667708093259e-05,0.0006973889756750725,0.0021479580450791723
-0.0006457771787960978,0.000393081761006251,-0.0021900269541779804
-0.0007333248310163288,-0.0011796964672873504,-0.013263614334906162
-3.290880968832364e-05,-0.0005594497647020631,0.0011188995294039391
-0.0017476539645149484,0.006648683560654991,0.009156187074959254
-0.003525490952157911,-0.004820007161153497,-0.008180240724928995
-0.0021214235868806447,0.0003349616189811711,0.002623866015352401
0.0014319142248455455,-0.0018859358083329154,0.0008381936925924951
0.0003847485668114574,-0.00042322342349279993,0.001731368550652105
0.00032215696478589525,0.0005947513196045129,-0.00039650087973624803
0.0012627228897223576,-3.826432999154705e-05,-0.0008418152598146877
0.0007894801766461727,0.0003453975772828145,0.0003947400883231565
0.00044177741781100966,-0.001840739240879137,-0.0022457018738725977
-0.0036511768255883515,-0.0038624019312008834,0.010651780325890254
-0.002968811170559729,-0.009395797990343194,0.0014028448388359873
0.0004321664838269853,-0.0008975765433329405,-0.0051527542302450425
-0.0013793103448276386,-0.006130268199233803,-0.008122605363984691
0.00046627810158196954,-0.0012989175686927107,0.002164862614487851
-0.0011493051927698196,-0.0013582697732733827,-0.002115766377599003
-0.000376494211401514,0.0009098610108868434,-0.003984563737332659
0.0015427563914193942,0.0019100793417572062,0.003673229503379371
-0.001371789156006644,-0.002743578312013288,-0.0014403786138069176
7.405487466205728e-05,0.008183063650164697,0.004998704039693497
0.0004381640924526401,0.001131923905502619,0.002300361485376257
-0.00020270955099835222,0.0001689246258319922,0.0003040643264974323
0.001134696814546329,0.0019372872443472412,-0.0004151329809314955
0.0009926481992741049,0.0021714179359121153,0.0019542761423209216
-6.692992436912459e-05,-0.0008700890167993806,-0.002208687504183014
0.0011548177553229633,3.608805485381055e-05,-0.0008661133164922739
0.0023880164990231745,0.005174035747883374,0.00463130472537821
0.0011905571807604798,0.005136403836995683,0.0027893053949248014
0.00011452130096203753,-8.589097572140609e-05,0.0
0.0017284860162646476,0.0007934034173017843,0.0009350825989628632
-0.00013550135501342692,0.001151761517615284,-0.001795392953929447
0.001775426645893,0.0024638573861372037,0.003007355338961499
-0.000976124521830905,-0.0026381743833267376,-0.005302730510486719
0.0002893332476048833,0.000417925802096044,0.0016395550697614317
-0.00010354646647688445,0.00012943308309606877,-5.1773233238515795e-05
0.0006053268765133651,0.0014475207916623102,0.0015264764712076032
-0.0005844914924016328,-0.0007793219898686592,-0.0005844914924016328
-0.00018989745537407947,0.001275025771797435,-0.00010851283164239722
0.0005421446099412137,-0.0034811390743593293,-0.0005136106831022281
-0.002625020767569243,-0.004519023093537178,-0.00352217976408042
-0.0007264687302590592,-0.00022109917877463682,-0.0009159823120657626
0.0006855053697920894,0.0005331708431717694,-0.0034275268489602304
0.001228878648233679,0.0011520737327189378,-0.0030337941628262814
0.0005793103448275298,-0.0015448275862069028,0.001875862068965536
-0.000871924045727697,-0.0009042175289027629,0.0016146741587547632
0.0006306164275579618,2.6275684481556848e-05,0.0004466866361869145
0.00022900513625803375,3.2715019465406826e-05,0.001308600778617389
0.00021360104664523786,-0.00013350065415308393,-0.0010413051023949653
-0.00018879323365033428,0.0006796556411418473,0.0023410360972662913
-2.784894730976636e-05,0.0006683747354350259,0.002144368942854068
0.0031437075683087446,0.0018728470619711792,0.00849469917394074
0.0010189599330396764,0.005058408239018837,0.005640671057898593
0.000544421382149869,0.000986763755146553,-0.0022797645377520812
-0.000596937451336668,-0.0023877498053465245,-0.0030625486633792027
-0.0008679642293529302,-0.0013940031562334895,0.0004471330878485427
-0.0008872860495735367,0.004121586810922198,0.00489438433797006
-0.000687304118326277,-0.00027492164733057333,-0.0031066146148347597
0.0002505916747877818,0.00019490463594612286,-0.022135597939579532
0.0006228589224541616,0.003659296169417618,0.005138586110246003
0.0004124987109413485,0.0019593688769722357,-0.0010312467773538597
-0.0012860171700670973,0.0003823294289389095,0.0023287337944458515
-5.5305146143798384e-05,0.0003594834499350039,-0.00013826286535965316
0.002238033203059812,0.0019374018772755589,0.0031399271804121915
-0.0009880307136405338,0.002258355916892534,0.006379855465221293
-0.00776029962546809,0.00979775280898871,0.01602996254681655
-0.000444868128376188,0.0006673021925644626,-0.0018748013981568954
-0.00202651645256569,-0.003675207803805706,-0.0037095555402898404
-0.0022576760987355732,-0.0020319084888619945,-0.014260987357013711
0.0015705128205128498,-0.0013461538461538973,0.006089743589743517
-0.0001273277096927061,-0.0006366385484640733,0.0016552602260068079
-0.00129292511377741,-0.0007757550682664753,-0.001060198593297541
0.0006942550395476748,0.0005702809253428335,0.0036696337804666837
-0.0018377253814146073,-0.0031553398058251324,-0.003987517337031822
-0.0011348756001745566,-0.001600465589989683,-0.0027062418158008148
-0.00012739664946818415,0.0012102681699471159,-0.005478055927129203
-0.0002586401991529019,-0.0011315508712942445,0.0016488312696000481
0.001013559786330652,0.0019175455417065844,0.0026023832351732327
0.00023095450196327833,9.89805008414318e-05,-0.0024745125210333565
0.00010025732713956727,-0.0009691541623501001,0.0007352203990240632
-0.00047013100984133786,-0.0013163668275559955,-0.0001880524039365708
-0.0011359026369168787,-0.0015956727518592968,-0.0025693035835023356
